v 0.415919 -0.0994582 -0.738643
v 0.421272 -0.133849 -0.741353
v 0.47435 -0.156923 -0.770526
v 0.488292 -0.135532 -0.792456
v 0.463169 -0.129219 -0.776222
v 0.393073 -0.099247 -0.713078
v 0.446691 -0.147526 -0.757192
v 0.458067 -0.176934 -0.749592
v 0.499299 -0.16354 -0.78707
v 0.486858 -0.0800949 -0.820387
v 0.369375 -0.15967 -0.698905
v 0.31864 -0.13972 -0.636194
v 0.330272 -0.113746 -0.644552
v 0.415894 -0.187733 -0.720942
v 0.399821 -0.204549 -0.701999
v 0.498365 -0.210937 -0.750671
v 0.484931 -0.228192 -0.723878
v 0.483821 -0.149704 -0.843505
v 0.503591 -0.0990793 -0.839037
v 0.433791 -0.0333514 -0.758748
v 0.401358 -0.0470373 -0.758157
v 0.372304 -0.12475 -0.696626
v -0.111739 -0.106 -1.09411
v 0.514653 -0.222466 -0.775452
v 0.44766 -0.0269539 -0.790915
v 0.330068 -0.111955 -0.7391
v 0.365614 -0.0709787 -0.728208
v 0.378434 -0.067971 -0.756801
v 0.314055 -0.188312 -0.649488
v 0.31504 -0.165186 -0.641671
v -0.0526864 -0.132053 -1.13896
v -0.0881272 -0.104913 -1.11782
v -0.107988 -0.156466 -1.06054
v 0.287118 -0.224233 -0.626901
v 0.307732 -0.214234 -0.645038
v 0.391862 -0.240513 -0.66798
v 0.447922 -0.0987351 -0.833888
v 0.463323 -0.126844 -0.839271
v 0.430813 -0.0481102 -0.807204
v 0.389381 -0.0510343 -0.729445
v 0.274161 -0.143055 -0.612892
v 0.276014 -0.123417 -0.643127
v -0.0715434 -0.109101 -1.058
v -0.0972029 -0.0984227 -1.0713
v -0.0999938 -0.11105 -1.04255
v -0.0138298 -0.137352 -1.17357
v -0.0315907 -0.0908018 -1.13526
v -0.0495165 -0.0910303 -1.10996
v -0.0113715 -0.171742 -1.17267
v -0.0336615 -0.150852 -1.15582
v -0.0331554 -0.18341 -1.14983
v -0.0668754 -0.149317 -1.11122
v -0.0714913 -0.123339 -1.12373
v -0.125977 -0.109838 -1.0626
v 0.255128 -0.22051 -0.587771
v 0.231985 -0.237317 -0.565971
v 0.262792 -0.26553 -0.591995
v 0.443852 -0.203039 -0.78912
v 0.401128 -0.16048 -0.792135
v 0.328567 -0.141137 -0.751323
v 0.230648 -0.151364 -0.651321
v 0.303159 -0.107195 -0.653301
v -0.101472 -0.140672 -0.985041
v -0.0556335 -0.163442 -0.969281
v -0.0155796 -0.204097 -1.16554
v -0.0381705 -0.247391 -1.13421
v -0.0704993 -0.22051 -1.0606
v -0.0629045 -0.176943 -1.09831
v -0.0755433 -0.193367 -1.06765
v -0.1196 -0.203299 -0.993122
v 0.18557 -0.231382 -0.547436
v 0.231584 -0.268402 -0.572497
v 0.477605 -0.258979 -0.727098
v 0.466509 -0.249088 -0.754899
v 0.420785 -0.182753 -0.791531
v 0.355303 -0.14473 -0.769802
v 0.259234 -0.193469 -0.58725
v 0.228698 -0.189842 -0.578195
v 0.235731 -0.209795 -0.570257
v 0.290641 -0.123706 -0.702806
v 0.222759 -0.15987 -0.621553
v 0.197152 -0.178565 -0.609807
v 0.222148 -0.172145 -0.597036
v 0.2446 -0.154144 -0.611599
v -0.0696866 -0.162823 -0.948053
v -0.0603593 -0.174293 -0.925945
v -0.0270384 -0.130315 -1.07651
v -0.0281838 -0.146893 -1.04762
v 0.0181202 -0.154097 -1.16503
v -0.0172137 -0.237794 -1.15779
v -0.0500227 -0.26033 -1.10326
v -0.059616 -0.265819 -1.07489
v -0.0575944 -0.236325 -1.08429
v -0.0849747 -0.207389 -1.03828
v -0.138781 -0.247315 -0.889535
v -0.148773 -0.223715 -0.912606
v -0.114923 -0.163821 -0.940487
v -0.0577997 -0.337196 -0.296976
v -0.0913896 -0.334645 -0.310809
v 0.186199 -0.291589 -0.530789
v 0.169142 -0.274311 -0.522144
v 0.436735 -0.287392 -0.681548
v 0.34069 -0.273411 -0.609717
v 0.31028 -0.289784 -0.576599
v 0.390693 -0.216953 -0.763437
v 0.368121 -0.172526 -0.774298
v 0.381314 -0.145713 -0.784782
v 0.096909 -0.340204 -0.464783
v 0.0984361 -0.315501 -0.485566
v -0.0390671 -0.323603 -0.36487
v -0.088078 -0.325523 -0.366924
v -0.0655132 -0.325621 -0.353822
v -0.0920895 -0.166054 -0.92174
v 0.17936 -0.189752 -0.626903
v 0.300839 -0.16415 -0.738294
v 0.119665 -0.241618 -0.592712
v 0.175312 -0.21131 -0.568333
v 0.145729 -0.219313 -0.586191
v 0.0072108 -0.144435 -1.13162
v 0.00498962 -0.266968 -1.08101
v 0.00919196 -0.246523 -1.10804
v -0.058462 -0.341089 -1.05632
v -0.0650244 -0.310322 -1.05597
v -0.0532503 -0.320007 -1.08416
v -0.0795519 -0.297041 -0.997431
v -0.0786264 -0.269643 -1.01237
v -0.095618 -0.252446 -0.964868
v -0.105232 -0.22517 -0.979983
v -0.0890035 -0.244414 -0.994955
v -0.114533 -0.235099 -0.949236
v -0.171885 -0.345861 -0.341834
v -0.149763 -0.342604 -0.323828
v -0.133182 -0.248669 -0.797731
v -0.13173 -0.231689 -0.824876
v -0.144383 -0.260345 -0.830495
v -0.0770068 -0.343547 -0.283674
v -0.138529 -0.363156 -0.262634
v -0.151723 -0.377412 -0.243736
v -0.0443164 -0.327183 -0.336148
v -0.0185672 -0.328872 -0.333457
v 0.0779826 -0.352365 -0.351525
v 0.233948 -0.313688 -0.538875
v 0.410851 -0.301107 -0.665667
v 0.352242 -0.322515 -0.654768
v 0.413419 -0.234552 -0.755941
v 0.328277 -0.218081 -0.749097
v 0.345306 -0.195409 -0.761387
v 0.281174 -0.22974 -0.733117
v 0.0945288 -0.294793 -0.506173
v 0.0579571 -0.331605 -0.414694
v 0.0202516 -0.32668 -0.370821
v -0.0953808 -0.32281 -0.447443
v -0.11254 -0.324861 -0.420735
v -0.0816834 -0.322035 -0.417428
v -0.0810674 -0.200549 -0.83365
v -0.0743315 -0.236837 -0.755604
v 0.25506 -0.165871 -0.702686
v -0.0332393 -0.203048 -0.888445
v -0.0510002 -0.196057 -0.867411
v -0.0311453 -0.214006 -0.858538
v -0.0161523 -0.198822 -0.965302
v -0.038613 -0.179334 -0.955685
v -0.0211615 -0.201295 -0.937138
v 0.00379805 -0.179424 -1.07614
v 0.00325716 -0.197946 -1.04491
v -0.0196807 -0.296173 -1.11768
v -0.0468065 -0.298383 -1.10868
v -0.0723272 -0.298085 -1.02869
v -0.0769633 -0.319695 -1.00876
v -0.087112 -0.322842 -0.954086
v -0.091028 -0.302715 -0.935371
v -0.103858 -0.256932 -0.933175
v -0.122732 -0.272862 -0.87378
v -0.230625 -0.366979 -0.369003
v -0.209946 -0.352944 -0.386577
v -0.135978 -0.273024 -0.767692
v -0.108711 -0.210099 -0.829111
v -0.127383 -0.326946 -0.452671
v -0.216193 -0.418966 -0.245093
v -0.229596 -0.413173 -0.272213
v -0.181895 -0.385241 -0.254267
v -0.165722 -0.396237 -0.225738
v -0.11844 -0.375135 -0.231818
v -0.00141659 -0.352785 -0.269182
v -0.0245252 -0.343318 -0.283374
v -0.0273508 -0.359972 -0.252216
v 0.0511952 -0.353736 -0.290992
v 0.101314 -0.369446 -0.411802
v 0.206101 -0.311016 -0.53603
v 0.265652 -0.3663 -0.599889
v 0.292405 -0.354627 -0.609079
v 0.323059 -0.313977 -0.688336
v 0.348346 -0.314784 -0.676431
v 0.332081 -0.244579 -0.738494
v -0.0597404 -0.227706 -0.777907
v -0.0144228 -0.323724 -0.452627
v -0.0218325 -0.321853 -0.419098
v 0.0076128 -0.322735 -0.427631
v -0.0382485 -0.322096 -0.441083
v 0.208402 -0.242251 -0.689958
v 0.235022 -0.226844 -0.706859
v 0.230945 -0.258745 -0.704793
v 0.17408 -0.213642 -0.650467
v 0.153055 -0.231217 -0.638391
v 0.063701 -0.292731 -0.549027
v 0.0071385 -0.257299 -1.05268
v -0.00883794 -0.313856 -1.03337
v -0.0249243 -0.314579 -1.09549
v -0.0321952 -0.335779 -1.0675
v -0.102394 -0.368813 -0.88981
v -0.0965492 -0.35804 -0.921607
v -0.0993836 -0.319658 -0.874622
v -0.102759 -0.29047 -0.886731
v -0.205914 -0.371182 -0.309484
v -0.218414 -0.368229 -0.338455
v -0.230822 -0.38616 -0.316576
v -0.159596 -0.33319 -0.442285
v -0.192078 -0.34204 -0.436716
v -0.168206 -0.335498 -0.418262
v -0.132308 -0.328722 -0.679021
v -0.122365 -0.300361 -0.679325
v -0.120971 -0.262317 -0.741465
v -0.123944 -0.332681 -0.539997
v -0.114426 -0.328181 -0.51159
v -0.270986 -0.446115 -0.393242
v -0.265606 -0.452062 -0.361385
v -0.2474 -0.438119 -0.282601
v -0.206666 -0.432681 -0.21788
v -0.19364 -0.407056 -0.234484
v -0.174852 -0.453615 -0.167857
v -0.149366 -0.443481 -0.162154
v -0.164177 -0.430648 -0.184507
v -0.108315 -0.360559 -0.254828
v -0.0328373 -0.379323 -0.225232
v 0.0250122 -0.350156 -0.27933
v 0.102179 -0.358288 -0.441054
v 0.196428 -0.339405 -0.517386
v 0.287185 -0.344788 -0.587412
v 0.233551 -0.357803 -0.549983
v 0.206609 -0.363277 -0.531413
v 0.275146 -0.359136 -0.631641
v 0.28788 -0.344102 -0.658905
v 0.308094 -0.270913 -0.722813
v 0.330264 -0.289342 -0.712271
v 0.255034 -0.274022 -0.711128
v 0.279444 -0.257967 -0.723801
v 0.0141463 -0.32419 -0.45933
v -0.0603448 -0.326336 -0.536352
v -0.0856312 -0.324754 -0.506657
v -0.0579415 -0.325072 -0.50004
v -0.0769663 -0.294111 -0.639047
v -0.104451 -0.310993 -0.623469
v -0.054494 -0.258835 -0.718434
v -0.0541816 -0.275208 -0.687642
v 0.20178 -0.303476 -0.680946
v 0.131664 -0.282612 -0.639375
v 0.158119 -0.287803 -0.660463
v 0.0959286 -0.270282 -0.592427
v 0.0275197 -0.329893 -0.553323
v 0.0492284 -0.314564 -0.566252
v -0.0164386 -0.233661 -0.848425
v -0.0137633 -0.225413 -0.882924
v -0.00427692 -0.221537 -0.947307
v 0.000570341 -0.288026 -1.05505
v -0.00537888 -0.31547 -1.00278
v -0.0383209 -0.352145 -1.03784
v -0.0879681 -0.362745 -0.976804
v -0.11202 -0.343015 -0.784646
v -0.107198 -0.335643 -0.816354
v -0.258431 -0.385391 -0.379629
v -0.269832 -0.420369 -0.374978
v -0.183587 -0.340259 -0.462923
v -0.122243 -0.317228 -0.650017
v -0.165479 -0.337896 -0.491822
v -0.0897468 -0.315851 -0.592251
v -0.26254 -0.50603 -0.382903
v -0.257262 -0.506944 -0.350856
v -0.256062 -0.455041 -0.303793
v -0.237986 -0.489073 -0.209337
v -0.220549 -0.459746 -0.206326
v -0.223346 -0.481169 -0.189806
v -0.224115 -0.520225 -0.158125
v -0.20133 -0.504607 -0.14244
v -0.0654264 -0.383474 -0.214274
v 0.0230831 -0.370603 -0.252936
v 0.0659366 -0.353083 -0.317829
v 0.141304 -0.354855 -0.48628
v 0.222085 -0.337378 -0.533419
v 0.304997 -0.317335 -0.578947
v 0.235125 -0.383124 -0.598647
v 0.212494 -0.385964 -0.621714
v 0.263748 -0.330816 -0.677825
v 0.27843 -0.310064 -0.695476
v -0.0322183 -0.264836 -0.738108
v 0.0216659 -0.328644 -0.524576
v -0.0483365 -0.312126 -0.625913
v -0.0593413 -0.317778 -0.594225
v 0.15409 -0.338515 -0.648126
v 0.104938 -0.288847 -0.615716
v -0.0149318 -0.24628 -0.81975
v 0.00193546 -0.271798 -0.815687
v 0.0146495 -0.27917 -0.905153
v 0.00426366 -0.294088 -0.992783
v 0.00804664 -0.288717 -0.965712
v 0.00400626 -0.342679 -0.898547
v -0.00793847 -0.339891 -0.954786
v 0.00498093 -0.327212 -0.930986
v -0.0439606 -0.373504 -0.975887
v -0.0254362 -0.353554 -0.980972
v -0.0928877 -0.38575 -0.911953
v -0.124722 -0.357444 -0.68693
v -0.132571 -0.337112 -0.709679
v -0.117758 -0.35723 -0.72428
v -0.238049 -0.361519 -0.43429
v -0.270468 -0.409379 -0.398872
v -0.212928 -0.350882 -0.457868
v -0.13658 -0.313497 -0.728066
v -0.136019 -0.353363 -0.597753
v -0.126509 -0.337019 -0.623064
v -0.194776 -0.350529 -0.490689
v -0.130524 -0.338376 -0.568414
v -0.264695 -0.508376 -0.414226
v -0.253563 -0.481062 -0.311689
v -0.212592 -0.491083 -0.16528
v -0.215262 -0.562352 -0.12481
v -0.0967228 -0.456799 -0.143808
v -0.127796 -0.447099 -0.149679
v -0.0077794 -0.451049 -0.209924
v -0.0227378 -0.425624 -0.202731
v 0.0304293 -0.428227 -0.24332
v 0.0417985 -0.402192 -0.255253
v 0.0795444 -0.376674 -0.326518
v 0.0761142 -0.402631 -0.307226
v 0.0581943 -0.403629 -0.2808
v 0.107225 -0.394415 -0.412646
v 0.140457 -0.387647 -0.484059
v 0.190443 -0.390328 -0.532061
v 0.241843 -0.374031 -0.574711
v 0.218207 -0.391803 -0.573192
v 0.188272 -0.400425 -0.607594
v 0.228371 -0.36545 -0.646374
v -0.0327361 -0.24886 -0.768277
v -0.0131502 -0.277515 -0.758808
v 0.138724 -0.363399 -0.632028
v 0.0813809 -0.368784 -0.606121
v 0.0960703 -0.340632 -0.618816
v 0.109421 -0.364038 -0.619765
v 0.0681318 -0.345138 -0.600981
v 0.00147269 -0.259705 -0.845828
v 0.0149011 -0.300315 -0.875973
v 0.00365627 -0.313003 -0.963905
v -0.0681104 -0.384333 -0.96335
v -0.0406954 -0.407803 -0.851236
v -0.0680467 -0.398322 -0.899204
v -0.0894634 -0.397767 -0.853324
v -0.117575 -0.38649 -0.744378
v -0.119082 -0.375188 -0.775535
v -0.110105 -0.386016 -0.806165
v -0.269505 -0.45791 -0.423157
v -0.259018 -0.381119 -0.445627
v -0.260837 -0.377967 -0.41166
v -0.199115 -0.362615 -0.518647
v -0.26925 -0.401255 -0.424887
v -0.153089 -0.34488 -0.542774
v -0.283891 -0.56597 -0.421435
v -0.28018 -0.552681 -0.400866
v -0.256215 -0.534466 -0.296148
v -0.257175 -0.526348 -0.263768
v -0.226287 -0.625596 -0.12568
v -0.140999 -0.543154 -0.0891461
v -0.13997 -0.515435 -0.10324
v -0.11569 -0.498811 -0.11484
v -0.0287709 -0.484732 -0.176753
v -0.047868 -0.460151 -0.16725
v 0.111254 -0.439359 -0.415466
v 0.10427 -0.41691 -0.399111
v 0.140425 -0.416135 -0.490522
v 0.161995 -0.425485 -0.559859
v 0.176396 -0.413599 -0.584301
v 0.160057 -0.40867 -0.607353
v 0.208919 -0.353042 -0.65848
v 0.195641 -0.371882 -0.642955
v -0.0165138 -0.322955 -0.672098
v -0.0333405 -0.332993 -0.603556
v 0.099003 -0.393998 -0.6054
v 0.0496999 -0.373984 -0.596844
v -0.00887264 -0.314961 -0.705707
v 0.00220444 -0.285489 -0.788159
v 0.01257 -0.300011 -0.81511
v 0.00907918 -0.328933 -0.756635
v 0.0131282 -0.330121 -0.813298
v -0.00399642 -0.402099 -0.779434
v -0.00201238 -0.388743 -0.808322
v 0.00643569 -0.372628 -0.781718
v -0.0163056 -0.388758 -0.864672
v -0.0251903 -0.387152 -0.89409
v -0.0462744 -0.393379 -0.913095
v -0.0707076 -0.409952 -0.831852
v -0.236733 -0.383017 -0.492468
v -0.254032 -0.396792 -0.472947
v -0.272171 -0.537665 -0.424879
v -0.297915 -0.609671 -0.384651
v -0.289504 -0.584238 -0.359853
v -0.290369 -0.5788 -0.389728
v -0.268698 -0.560678 -0.308319
v -0.282841 -0.584755 -0.32539
v -0.276099 -0.604905 -0.230678
v -0.269328 -0.579607 -0.221611
v -0.271009 -0.581854 -0.257561
v -0.231282 -0.548745 -0.150446
v -0.23719 -0.576599 -0.143826
v -0.161754 -0.61993 -0.0845186
v -0.1123 -0.528557 -0.0995059
v -0.0690098 -0.47375 -0.14627
v -0.046954 -0.492249 -0.1537
v -0.0141104 -0.509877 -0.195104
v 0.017455 -0.48608 -0.240772
v 0.00183134 -0.476614 -0.223028
v 0.0749921 -0.483841 -0.293569
v 0.109056 -0.513729 -0.321046
v 0.0931492 -0.485403 -0.318089
v 0.148482 -0.434402 -0.533275
v 0.125391 -0.411551 -0.605007
v -0.00946844 -0.349838 -0.655903
v -0.0269343 -0.328658 -0.637346
v 0.0696068 -0.397258 -0.602859
v 0.0205698 -0.364024 -0.589919
v 0.00752027 -0.397683 -0.666318
v 0.00282622 -0.369438 -0.671355
v -0.0021888 -0.307452 -0.736844
v 0.00801481 -0.360284 -0.810204
v 0.00498385 -0.385596 -0.751433
v -0.0236488 -0.424039 -0.771293
v -0.0420142 -0.400523 -0.880487
v -0.0792106 -0.424786 -0.771116
v -0.0894691 -0.406319 -0.801819
v -0.123042 -0.384295 -0.71206
v -0.128204 -0.383604 -0.683321
v -0.248103 -0.489802 -0.47058
v -0.231415 -0.440748 -0.497564
v -0.151411 -0.375911 -0.592627
v -0.277293 -0.555796 -0.448849
v -0.29281 -0.593438 -0.412766
v -0.296978 -0.621697 -0.417004
v -0.263671 -0.559214 -0.276404
v -0.260397 -0.617639 -0.165803
v -0.283908 -0.661358 -0.247123
v -0.281345 -0.633775 -0.240309
v -0.242764 -0.604121 -0.141553
v -0.181201 -0.632372 -0.0991039
v -0.0447618 -0.559307 -0.130799
v -0.0645472 -0.537749 -0.121333
v -0.064122 -0.567417 -0.107885
v -0.0317325 -0.542156 -0.157269
v -0.0471016 -0.526981 -0.142012
v 0.1028 -0.434691 -0.38608
v 0.11205 -0.461239 -0.396136
v 0.147678 -0.515716 -0.439155
v 0.141105 -0.492301 -0.462177
v 0.134886 -0.491228 -0.432174
v 0.138938 -0.441722 -0.503689
v 0.0921716 -0.422076 -0.598199
v -0.0130403 -0.351628 -0.6238
v 0.00912543 -0.36892 -0.726423
v 0.00353191 -0.399268 -0.723577
v -0.00503471 -0.413949 -0.748367
v -0.0766163 -0.436756 -0.738699
v -0.243973 -0.503305 -0.499911
v -0.256464 -0.519265 -0.478581
v -0.218241 -0.424465 -0.520065
v -0.192778 -0.460446 -0.569257
v -0.184119 -0.432013 -0.575424
v -0.292197 -0.605507 -0.438659
v -0.295633 -0.650735 -0.433013
v -0.292217 -0.629466 -0.338575
v -0.299046 -0.635794 -0.36888
v -0.281305 -0.692822 -0.209744
v -0.279072 -0.633486 -0.211228
v -0.270312 -0.604807 -0.196608
v -0.226009 -0.662752 -0.126204
v -0.117419 -0.61051 -0.0759172
v -0.115539 -0.556146 -0.0872286
v -0.0734928 -0.62782 -0.0786706
v -0.0449006 -0.625055 -0.092556
v 0.0210962 -0.562101 -0.20759
v 0.0044401 -0.539461 -0.209123
v -0.011091 -0.556085 -0.179672
v 0.000460427 -0.506556 -0.219902
v 0.0211338 -0.517818 -0.234071
v 0.0379981 -0.497729 -0.257327
v 0.0481931 -0.526547 -0.246507
v 0.12531 -0.505026 -0.376165
v 0.111072 -0.478982 -0.371988
v 0.153153 -0.528245 -0.502113
v 0.151713 -0.51868 -0.47099
v 0.169556 -0.55977 -0.506357
v 0.0582521 -0.423909 -0.606448
v 0.00303449 -0.414993 -0.694041
v -0.0294158 -0.446465 -0.71064
v -0.0490885 -0.44342 -0.733567
v -0.0802749 -0.444959 -0.701214
v -0.108199 -0.428554 -0.666091
v -0.162237 -0.473927 -0.616084
v -0.132577 -0.444669 -0.634433
v -0.173695 -0.453045 -0.596862
v -0.285967 -0.601579 -0.468273
v -0.250217 -0.536346 -0.537067
v -0.280709 -0.671981 -0.321588
v -0.282343 -0.641908 -0.267556
v -0.280559 -0.65835 -0.292562
v -0.270167 -0.697186 -0.182465
v -0.229034 -0.714539 -0.144633
v -0.263804 -0.676062 -0.163455
v -0.152672 -0.652363 -0.0943983
v -0.102834 -0.634261 -0.0743584
v -0.0916065 -0.60658 -0.0803625
v 0.113021 -0.579107 -0.272094
v 0.0999227 -0.552354 -0.275709
v 0.140251 -0.514614 -0.406484
v 0.17739 -0.562072 -0.47217
v 0.205614 -0.58765 -0.549559
v 0.214989 -0.586965 -0.518668
v 0.23866 -0.593704 -0.543775
v 0.225886 -0.594412 -0.571959
v 0.125585 -0.472258 -0.549061
v 0.0962033 -0.45271 -0.59416
v -0.138321 -0.395687 -0.6361
v -0.219458 -0.456328 -0.522374
v -0.145534 -0.422076 -0.621521
v -0.145349 -0.496399 -0.634066
v -0.283951 -0.627279 -0.483469
v -0.27275 -0.620274 -0.511759
v -0.250596 -0.584003 -0.548296
v -0.273268 -0.678277 -0.507039
v -0.281872 -0.684035 -0.34826
v -0.247686 -0.736447 -0.219873
v -0.215331 -0.695931 -0.125877
v 0.0116156 -0.632288 -0.164022
v 0.188683 -0.586424 -0.426912
v 0.172055 -0.569496 -0.404343
v 0.240731 -0.593909 -0.46672
v 0.192837 -0.581626 -0.463845
v 0.272256 -0.601715 -0.540245
v 0.534882 -0.583081 -0.568127
v 0.471696 -0.591283 -0.547126
v 0.495728 -0.5828 -0.530624
v 0.526318 -0.57804 -0.538823
v 0.548434 -0.570205 -0.492327
v 0.525007 -0.572938 -0.473294
v 0.551976 -0.568877 -0.462368
v 0.659418 -0.567631 -0.394211
v 0.629323 -0.569184 -0.38045
v 0.559464 -0.605339 -0.642889
v 0.286622 -0.613275 -0.57409
v 0.257537 -0.633494 -0.652233
v 0.240148 -0.603407 -0.59875
v 0.660931 -0.627912 -0.675897
v 0.391361 -0.613723 -0.550096
v 0.398839 -0.618163 -0.579808
v 0.451384 -0.601891 -0.566165
v 0.546377 -0.597854 -0.619399
v 0.133417 -0.503762 -0.549143
v 0.0999719 -0.481585 -0.591609
v 0.0328182 -0.432788 -0.622858
v -0.034723 -0.459778 -0.681132
v -0.168102 -0.503815 -0.61475
v -0.190383 -0.507317 -0.593991
v -0.114452 -0.486126 -0.64882
v -0.234185 -0.57596 -0.57688
v -0.225454 -0.598007 -0.593826
v -0.247067 -0.629746 -0.562968
v -0.287442 -0.700208 -0.429147
v -0.280275 -0.709249 -0.461992
v -0.275512 -0.690019 -0.293716
v -0.253884 -0.732196 -0.249795
v -0.25236 -0.72981 -0.275469
v -0.233173 -0.737156 -0.300469
v -0.248007 -0.721816 -0.171414
v -0.218276 -0.735748 -0.162165
v -0.123131 -0.660198 -0.0784711
v -0.0232902 -0.682823 -0.109284
v 0.0599353 -0.632288 -0.207248
v 0.0523867 -0.606476 -0.208883
v 0.0791047 -0.61447 -0.226698
v 0.132396 -0.632745 -0.279304
v 0.15615 -0.577545 -0.347398
v 0.211614 -0.590872 -0.451958
v 0.546908 -0.572085 -0.409557
v 0.53292 -0.571842 -0.442293
v 0.528273 -0.577681 -0.389786
v 0.464766 -0.588289 -0.517741
v 0.463608 -0.586933 -0.48798
v 0.48832 -0.581742 -0.504212
v 0.41324 -0.603421 -0.526243
v 0.439676 -0.597061 -0.535153
v 0.274052 -0.60004 -0.50793
v 0.267906 -0.599523 -0.474304
v 0.337234 -0.621058 -0.559076
v 0.561593 -0.574751 -0.378628
v 0.610339 -0.666153 -0.229573
v 0.703192 -0.589903 -0.333478
v 0.663453 -0.572472 -0.370956
v 0.565655 -0.581869 -0.582771
v 0.576974 -0.570187 -0.534721
v 0.602498 -0.562916 -0.461362
v 0.59586 -0.563891 -0.430889
v 0.628491 -0.561262 -0.439544
v 0.62839 -0.581117 -0.596821
v 0.604503 -0.589669 -0.617453
v 0.648161 -0.646608 -0.69826
v 0.665251 -0.662193 -0.716716
v 0.636433 -0.667836 -0.719606
v 0.359484 -0.616824 -0.539973
v 0.315253 -0.623913 -0.579939
v 0.296096 -0.624743 -0.603376
v 0.326691 -0.632982 -0.610682
v 0.602077 -0.619291 -0.664716
v 0.620385 -0.654489 -0.702784
v 0.587863 -0.657176 -0.704063
v 0.441433 -0.621333 -0.613363
v 0.455531 -0.630218 -0.636863
v 0.516401 -0.601472 -0.612804
v 0.154252 -0.559871 -0.560679
v 0.164868 -0.584047 -0.586047
v 0.0721519 -0.506837 -0.622997
v 0.00455291 -0.473797 -0.652877
v -0.0635234 -0.459518 -0.676263
v -0.222495 -0.499262 -0.551338
v -0.214391 -0.517066 -0.574868
v -0.220662 -0.549262 -0.583655
v -0.068388 -0.510333 -0.663787
v -0.128985 -0.605226 -0.657449
v -0.169823 -0.556947 -0.628646
v -0.132933 -0.572504 -0.652259
v -0.263827 -0.667229 -0.52956
v -0.227941 -0.623349 -0.594651
v -0.263217 -0.729425 -0.484881
v -0.278699 -0.712737 -0.402529
v -0.250564 -0.722383 -0.324724
v -0.262231 -0.715129 -0.296067
v -0.204506 -0.760241 -0.229267
v -0.228551 -0.748491 -0.237379
v -0.205177 -0.750845 -0.180085
v -0.169007 -0.727875 -0.132934
v -0.152152 -0.706881 -0.113475
v -0.075928 -0.688452 -0.078821
v 0.0299463 -0.689062 -0.199645
v 0.00463966 -0.684712 -0.160126
v 0.118169 -0.643637 -0.259933
v 0.139387 -0.61265 -0.296412
v 0.233074 -0.597322 -0.438235
v 0.315444 -0.612702 -0.467796
v 0.63234 -0.651715 -0.245749
v 0.606982 -0.645783 -0.247513
v 0.664693 -0.614446 -0.286489
v 0.634062 -0.61403 -0.284811
v 0.650031 -0.632372 -0.263935
v 0.53804 -0.593521 -0.329982
v 0.510343 -0.594626 -0.342183
v 0.582433 -0.676822 -0.220729
v 0.608071 -0.743308 -0.185875
v 0.636426 -0.731678 -0.19367
v 0.610344 -0.715126 -0.197563
v 0.669262 -0.723031 -0.204281
v 0.659929 -0.696865 -0.216718
v 0.702418 -0.677464 -0.234958
v 0.69093 -0.653384 -0.249445
v 0.71367 -0.604564 -0.311006
v 0.677155 -0.631024 -0.266897
v 0.695971 -0.616231 -0.289057
v 0.740996 -0.580599 -0.403177
v 0.71443 -0.575596 -0.385977
v 0.599124 -0.580726 -0.591955
v 0.624356 -0.572602 -0.5663
v 0.575777 -0.565542 -0.479378
v 0.710733 -0.568339 -0.478024
v 0.680896 -0.56287 -0.470627
v 0.693041 -0.565832 -0.444841
v 0.659462 -0.586158 -0.60711
v 0.652187 -0.600017 -0.636811
v 0.702219 -0.612809 -0.645826
v 0.659057 -0.683 -0.737947
v 0.718652 -0.67061 -0.716082
v 0.368366 -0.621301 -0.570793
v 0.28489 -0.64921 -0.653021
v 0.227618 -0.619991 -0.648157
v 0.590056 -0.696425 -0.740978
v 0.430619 -0.636615 -0.636667
v 0.498699 -0.613336 -0.630907
v 0.109299 -0.513761 -0.593976
v 0.0944796 -0.53068 -0.617362
v 0.0258857 -0.492347 -0.647482
v 0.00056168 -0.564044 -0.665334
v -0.00571436 -0.532456 -0.663863
v -0.0515468 -0.483491 -0.663375
v -0.158086 -0.586979 -0.64285
v -0.101778 -0.563295 -0.662994
v -0.249294 -0.689394 -0.552821
v -0.237812 -0.64873 -0.581309
v -0.242414 -0.749566 -0.482641
v -0.235412 -0.755819 -0.401802
v -0.245751 -0.741506 -0.381647
v 0.163014 -0.603459 -0.635922
v 0.171837 -0.621561 -0.663222
v -0.206805 -0.753017 -0.283961
v -0.152201 -0.766364 -0.179993
v -0.176191 -0.759458 -0.17817
v -0.12063 -0.751672 -0.138738
v -0.0600209 -0.712827 -0.097921
v -0.0389514 -0.71154 -0.114007
v -0.00642008 -0.723409 -0.194919
v 0.0536883 -0.683211 -0.215624
v 0.100654 -0.661447 -0.243606
v 0.151297 -0.672932 -0.298433
v 0.155641 -0.623907 -0.322821
v 0.214195 -0.61543 -0.391439
v 0.220091 -0.628627 -0.367421
v 0.241595 -0.605212 -0.412709
v 0.484907 -0.583309 -0.431018
v 0.417956 -0.600954 -0.442149
v 0.351971 -0.616161 -0.507218
v 0.373815 -0.611927 -0.48701
v 0.584614 -0.653688 -0.238423
v 0.557356 -0.665453 -0.231225
v 0.581513 -0.727083 -0.190569
v 0.573705 -0.805637 -0.163122
v 0.573732 -0.78202 -0.169453
v 0.685921 -0.700179 -0.218994
v 0.764738 -0.611303 -0.331409
v 0.741771 -0.613579 -0.309363
v 0.720746 -0.659041 -0.250568
v 0.741164 -0.586994 -0.3697
v 0.631754 -0.566373 -0.536325
v 0.655463 -0.569077 -0.548087
v 0.650754 -0.560762 -0.460245
v 0.628533 -0.561514 -0.475664
v 0.712148 -0.583882 -0.575783
v 0.723917 -0.597061 -0.605922
v 0.693311 -0.589386 -0.604513
v 0.779288 -0.64292 -0.648771
v 0.751685 -0.632207 -0.652414
v 0.729304 -0.724853 -0.7485
v 0.685484 -0.747047 -0.772171
v 0.698826 -0.721177 -0.755659
v 0.770693 -0.696151 -0.715083
v 0.735889 -0.642394 -0.675822
v 0.739842 -0.66071 -0.696957
v 0.410122 -0.628635 -0.612266
v 0.30621 -0.638946 -0.63063
v 0.313222 -0.655073 -0.657075
v 0.302276 -0.686358 -0.702594
v 0.322881 -0.671674 -0.683428
v 0.270378 -0.682557 -0.700967
v 0.264792 -0.654876 -0.674242
v 0.632397 -0.752823 -0.78029
v 0.548143 -0.637026 -0.684674
v 0.558918 -0.655165 -0.703238
v 0.526972 -0.655539 -0.701719
v 0.108458 -0.608896 -0.647086
v 0.141588 -0.613344 -0.652966
v 0.122236 -0.572351 -0.61795
v 0.0212611 -0.546931 -0.658547
v -0.197943 -0.663909 -0.617011
v -0.20347 -0.633827 -0.618135
v -0.178511 -0.642136 -0.633862
v -0.0747103 -0.567463 -0.671017
v -0.251327 -0.659073 -0.555935
v 0.232233 -0.637636 -0.673378
v -0.234003 -0.814837 -0.439701
v -0.19788 -0.794175 -0.339904
v -0.207233 -0.781887 -0.364206
v -0.195664 -0.770656 -0.333279
v -0.216309 -0.754477 -0.347341
v -0.1257 -0.766075 -0.168453
v -0.188998 -0.763758 -0.205953
v -0.163318 -0.771541 -0.206528
v -0.0887577 -0.746541 -0.134478
v -0.0302575 -0.723198 -0.141263
v -0.0165022 -0.700986 -0.13595
v 0.0670154 -0.705533 -0.234013
v 0.173983 -0.637141 -0.345368
v 0.294733 -0.618614 -0.406327
v 0.273362 -0.624757 -0.379123
v 0.241673 -0.618232 -0.384012
v 0.524408 -0.708168 -0.206849
v 0.530798 -0.679489 -0.225218
v 0.503348 -0.691474 -0.222589
v 0.516801 -0.606574 -0.314814
v 0.436022 -0.61335 -0.365123
v 0.54573 -0.794922 -0.164684
v 0.576774 -0.755906 -0.178564
v 0.73634 -0.734301 -0.216816
v 0.705375 -0.724688 -0.21176
v 0.756044 -0.634437 -0.289624
v 0.771534 -0.655683 -0.274015
v 0.753027 -0.668438 -0.253827
v 0.789897 -0.604839 -0.379198
v 0.763358 -0.599355 -0.358507
v 0.71958 -0.571087 -0.44826
v 0.7416 -0.576617 -0.46543
v 0.658937 -0.564325 -0.518244
v 0.751604 -0.608052 -0.607685
v 0.371439 -0.651206 -0.650225
v 0.346319 -0.660033 -0.666066
v 0.287011 -0.701365 -0.721083
v 0.221252 -0.6564 -0.697044
v 0.557687 -0.697796 -0.73897
v 0.438499 -0.680701 -0.705626
v 0.458356 -0.661942 -0.687545
v 0.185211 -0.67773 -0.719559
v 0.162828 -0.662781 -0.708683
v 0.131343 -0.596133 -0.631541
v 0.166965 -0.642822 -0.689348
v 0.0764786 -0.598843 -0.648746
v -0.189238 -0.694537 -0.610938
v -0.17655 -0.722834 -0.606596
v -0.206921 -0.789658 -0.557541
v -0.206901 -0.757404 -0.557868
v -0.229497 -0.767842 -0.423202
v -0.238489 -0.833712 -0.467133
v -0.252606 -0.887211 -0.445947
v -0.247958 -0.861526 -0.455388
v -0.249803 -0.871009 -0.424598
v -0.241543 -0.852786 -0.401344
v -0.227299 -0.838394 -0.372776
v -0.234194 -0.826499 -0.406344
v -0.157083 -0.785221 -0.257833
v -0.168203 -0.785386 -0.287877
v -0.0919246 -0.778433 -0.209993
v -0.0736981 -0.764962 -0.189433
v -0.0453431 -0.740453 -0.154414
v 0.281899 -0.637726 -0.357989
v 0.252148 -0.633989 -0.355568
v 0.354355 -0.6222 -0.426782
v 0.375255 -0.622186 -0.405117
v 0.32239 -0.623846 -0.413076
v 0.331765 -0.639311 -0.381008
v 0.495904 -0.714374 -0.208388
v 0.513942 -0.642775 -0.262726
v 0.384422 -0.637841 -0.356431
v 0.411441 -0.624621 -0.362247
v 0.543196 -0.765338 -0.17505
v 0.513001 -0.757783 -0.181479
v 0.591037 -0.834105 -0.160178
v 0.600167 -0.801146 -0.167238
v 0.714044 -0.800252 -0.179943
v 0.681161 -0.800937 -0.183507
v 0.717014 -0.754217 -0.204562
v 0.792633 -0.7316 -0.229865
v 0.760275 -0.693212 -0.239378
v 0.79097 -0.613327 -0.350551
v 0.738854 -0.575564 -0.49683
v 0.713521 -0.57513 -0.542807
v 0.73972 -0.585715 -0.557037
v 0.766204 -0.624592 -0.627882
v 0.797555 -0.637911 -0.622843
v 0.830457 -0.669164 -0.64531
v 0.826923 -0.65413 -0.623554
v 0.793885 -0.683943 -0.691139
v 0.796329 -0.707809 -0.709018
v 0.663171 -0.797967 -0.784362
v 0.659074 -0.76788 -0.781348
v 0.410928 -0.694817 -0.717248
v 0.401918 -0.678323 -0.695734
v 0.338927 -0.689548 -0.707729
v 0.301113 -0.71969 -0.739166
v 0.269586 -0.721316 -0.741766
v 0.602937 -0.733116 -0.771401
v 0.573862 -0.718658 -0.755976
v 0.505009 -0.713787 -0.748276
v 0.443468 -0.698916 -0.728857
v 0.162295 -0.690424 -0.72781
v 0.107954 -0.643484 -0.679701
v 0.0120378 -0.593232 -0.665833
v -0.0651748 -0.628977 -0.671183
v -0.0411205 -0.611251 -0.673288
v -0.151495 -0.681279 -0.638796
v -0.213365 -0.774506 -0.532149
v 0.221388 -0.703879 -0.729548
v -0.245838 -0.888799 -0.506635
v -0.21134 -0.81331 -0.356107
v -0.182652 -0.791795 -0.314132
v -0.131588 -0.804859 -0.250218
v 0.0150573 -0.716595 -0.212018
v 0.0252465 -0.742625 -0.231025
v 0.105687 -0.746723 -0.235731
v 0.220807 -0.694933 -0.283154
v 0.456654 -0.77778 -0.184351
v 0.480219 -0.757728 -0.187836
v 0.451963 -0.757129 -0.195263
v 0.472437 -0.630417 -0.299029
v 0.444763 -0.643987 -0.293771
v 0.462862 -0.648016 -0.27483
v 0.520955 -0.786369 -0.168806
v 0.496305 -0.80918 -0.169054
v 0.557542 -0.826519 -0.163498
v 0.696643 -0.82376 -0.164962
v 0.701037 -0.778156 -0.193586
v 0.847226 -0.637781 -0.373327
v 0.835119 -0.638397 -0.34651
v 0.795716 -0.787327 -0.197458
v 0.849646 -0.676984 -0.299486
v 0.795103 -0.600396 -0.432026
v 0.809532 -0.610747 -0.399956
v 0.824791 -0.616292 -0.427282
v 0.856374 -0.637682 -0.494754
v 0.833768 -0.623204 -0.500901
v 0.840513 -0.625414 -0.472018
v 0.7621 -0.600671 -0.577014
v 0.814882 -0.626397 -0.573463
v 0.824401 -0.641566 -0.599539
v 0.800887 -0.626874 -0.595177
v 0.816227 -0.677082 -0.669554
v 0.83815 -0.703607 -0.677961
v 0.815039 -0.696781 -0.68947
v 0.743098 -0.789348 -0.768703
v 0.631291 -0.784333 -0.78655
v 0.713722 -0.791833 -0.775507
v 0.364137 -0.728639 -0.745561
v 0.584701 -0.820115 -0.805293
v 0.590039 -0.850637 -0.809744
v 0.533274 -0.782051 -0.800801
v 0.553401 -0.760007 -0.789931
v 0.48884 -0.756004 -0.775621
v 0.514427 -0.737 -0.764171
v 0.204746 -0.728069 -0.744011
v 0.0771496 -0.754148 -0.750388
v 0.0827055 -0.726527 -0.738705
v -0.032496 -0.643255 -0.673376
v -0.16842 -0.751333 -0.601346
v -0.233488 -0.880276 -0.537682
v -0.224421 -0.850596 -0.547155
v -0.243258 -0.922186 -0.514222
v -0.251232 -0.943282 -0.463994
v -0.251394 -0.888926 -0.474402
v -0.252291 -0.914577 -0.455753
v -0.218238 -0.890155 -0.330161
v -0.23289 -0.893334 -0.355322
v -0.196882 -0.81622 -0.32557
v -0.208384 -0.862503 -0.321929
v -0.168672 -0.840711 -0.28134
v -0.115693 -0.786916 -0.224576
v 0.0774302 -0.755571 -0.228992
v 0.0430016 -0.788837 -0.209189
v 0.0737774 -0.77889 -0.214282
v 0.14861 -0.716697 -0.263629
v 0.192837 -0.698343 -0.282347
v 0.281135 -0.686601 -0.290468
v 0.314991 -0.663619 -0.328126
v 0.312053 -0.681186 -0.301245
v 0.469753 -0.732187 -0.203943
v 0.389651 -0.670633 -0.288771
v 0.367115 -0.66866 -0.308458
v 0.366895 -0.686899 -0.282185
v 0.454011 -0.692715 -0.235398
v 0.430647 -0.684819 -0.250614
v 0.428465 -0.70662 -0.233238
v 0.676697 -0.864273 -0.128167
v 0.651264 -0.855336 -0.139881
v 0.740533 -0.805883 -0.170278
v 0.817303 -0.642798 -0.315447
v 0.842694 -0.713738 -0.261512
v 0.873391 -0.650246 -0.432646
v 0.85098 -0.633416 -0.421648
v 0.802463 -0.612101 -0.54913
v 0.834442 -0.630987 -0.548768
v 0.878681 -0.682054 -0.604808
v 0.865452 -0.662272 -0.581303
v 0.876096 -0.734009 -0.675203
v 0.757692 -0.738654 -0.744451
v 0.739874 -0.757396 -0.758977
v 0.427258 -0.73842 -0.764465
v 0.369329 -0.752415 -0.76454
v 0.243348 -0.770992 -0.771277
v 0.647273 -0.843802 -0.799489
v 0.408121 -0.779645 -0.792763
v 0.159774 -0.761896 -0.760222
v 0.107963 -0.743629 -0.752129
v 0.093664 -0.67974 -0.709997
v 0.0875788 -0.702554 -0.725442
v 0.0658614 -0.685533 -0.70568
v -0.108688 -0.69312 -0.65393
v -0.19438 -0.799963 -0.589804
v -0.222067 -0.872551 -0.568666
v 0.141553 -0.814403 -0.779727
v 0.18142 -0.782951 -0.770702
v -0.231056 -0.953046 -0.351043
v -0.244404 -0.952789 -0.384037
v -0.169768 -0.873106 -0.27297
v -0.127606 -0.89469 -0.228344
v -0.127562 -0.865774 -0.235658
v -0.0873289 -0.80293 -0.22354
v -0.0607208 -0.81285 -0.216246
v -0.00996009 -0.794063 -0.211714
v 0.0450117 -0.818915 -0.192316
v 0.101354 -0.822669 -0.193722
v 0.0948556 -0.795436 -0.20571
v 0.13368 -0.754865 -0.231806
v 0.190934 -0.772204 -0.219994
v 0.192517 -0.744149 -0.241414
v 0.24746 -0.761011 -0.235948
v 0.255558 -0.735114 -0.253463
v 0.299453 -0.705142 -0.276103
v 0.424648 -0.773378 -0.193036
v 0.404309 -0.80136 -0.182943
v 0.383291 -0.731594 -0.234423
v 0.433184 -0.80072 -0.179241
v 0.456724 -0.847476 -0.159765
v 0.596094 -0.868863 -0.112819
v 0.623406 -0.862827 -0.127557
v 0.713726 -0.840502 -0.141905
v 0.743732 -0.832179 -0.147213
v 0.790712 -0.873812 -0.138099
v 0.76741 -0.820078 -0.162058
v 0.933442 -0.708411 -0.460091
v 0.91007 -0.683387 -0.460929
v 0.918987 -0.693501 -0.434969
v 0.905298 -0.6776 -0.493194
v 0.898649 -0.707627 -0.620519
v 0.837337 -0.811427 -0.749689
v 0.82567 -0.789467 -0.739735
v 0.703936 -0.837382 -0.790989
v 0.343983 -0.773256 -0.775636
v 0.261943 -0.794285 -0.779114
v 0.685219 -0.877115 -0.817572
v 0.540039 -0.861803 -0.824652
v 0.562028 -0.84421 -0.812034
v 0.460805 -0.809247 -0.803377
v 0.436835 -0.790815 -0.798248
v 0.385876 -0.827716 -0.8124
v 0.150686 -0.786557 -0.77044
v -0.0112442 -0.748493 -0.71259
v -0.00425673 -0.721848 -0.701512
v -0.228754 -0.89821 -0.559271
v 0.222035 -0.828931 -0.789014
v -0.239088 -0.949975 -0.527563
v -0.247275 -0.969748 -0.440867
v -0.204399 -0.992871 -0.320428
v -0.199977 -0.94358 -0.301574
v -0.202389 -0.886283 -0.306835
v -0.105796 -0.879608 -0.214485
v -0.00476573 -0.848878 -0.186173
v -0.0325567 -0.848465 -0.193531
v 0.0709054 -0.864002 -0.175657
v 0.0440601 -0.84817 -0.179825
v 0.321112 -0.723707 -0.260112
v 0.304825 -0.744285 -0.245356
v 0.381625 -0.757456 -0.215772
v 0.383374 -0.827595 -0.17413
v 0.457248 -0.897325 -0.102878
v 0.500818 -0.869213 -0.127514
v 0.623726 -0.877387 -0.100961
v 0.686989 -0.885031 -0.109192
v 0.652996 -0.889534 -0.0940136
v 0.770846 -0.849199 -0.144352
v 0.737223 -0.857231 -0.131754
v 0.824192 -0.831569 -0.175437
v 0.89744 -0.677745 -0.378659
v 0.886123 -0.672811 -0.350035
v 0.908835 -0.695951 -0.351453
v 0.884052 -0.786806 -0.235155
v 0.876402 -0.813981 -0.217348
v 0.863211 -0.76163 -0.237538
v 0.9406 -0.718004 -0.434038
v 0.928311 -0.704633 -0.542545
v 0.909833 -0.684492 -0.527039
v 0.927712 -0.700911 -0.510369
v 0.937569 -0.761549 -0.637807
v 0.924597 -0.762286 -0.657828
v 0.917422 -0.734787 -0.6353
v 0.885079 -0.758729 -0.688645
v 0.900977 -0.742368 -0.662086
v 0.774424 -0.796726 -0.76281
v 0.754855 -0.816231 -0.777915
v 0.713703 -0.862911 -0.803655
v 0.31487 -0.791827 -0.783752
v 0.284378 -0.809996 -0.787495
v 0.232671 -0.801004 -0.781793
v 0.602576 -0.869352 -0.825973
v 0.548625 -0.878691 -0.850901
v 0.531241 -0.835782 -0.813356
v 0.412262 -0.808795 -0.807073
v 0.386708 -0.79688 -0.800281
v 0.361534 -0.816124 -0.806951
v 0.0872115 -0.803662 -0.768513
v 0.00348855 -0.796703 -0.742884
v 0.0351811 -0.789126 -0.75307
v -0.161323 -0.792324 -0.628152
v -0.167512 -0.824092 -0.638393
v -0.0282069 -0.734706 -0.697017
v -0.127718 -0.82966 -0.679375
v -0.130339 -0.803471 -0.66503
v -0.183636 -0.837145 -0.627002
v -0.199187 -0.833399 -0.601395
v -0.212413 -0.919442 -0.605826
v 0.128474 -0.838166 -0.787786
v 0.142788 -0.863718 -0.796631
v -0.204841 -0.94065 -0.622739
v -0.226206 -1.0217 -0.458944
v -0.164761 -0.936566 -0.258631
v -0.148478 -0.914609 -0.243803
v -0.0806856 -0.892319 -0.196403
v 0.0691643 -0.892932 -0.16941
v 0.22546 -0.819711 -0.202343
v 0.330962 -0.749769 -0.238403
v 0.3527 -0.825987 -0.182104
v 0.336015 -0.775501 -0.219315
v 0.342915 -0.800171 -0.201163
v 0.344233 -0.901337 -0.161167
v 0.440777 -0.889716 -0.127855
v 0.503477 -0.944034 -0.0471227
v 0.478955 -0.926684 -0.0590471
v 0.512729 -0.894896 -0.0823032
v 0.758517 -0.878937 -0.127372
v 0.830512 -0.853705 -0.163799
v 0.873287 -0.839762 -0.19946
v 0.934072 -0.716309 -0.38451
v 0.949314 -0.738512 -0.375393
v 0.912575 -0.763628 -0.275822
v 0.872333 -0.716998 -0.277372
v 0.893914 -0.737578 -0.276505
v 0.986033 -0.783087 -0.44423
v 0.97655 -0.769656 -0.422251
v 0.990643 -0.794977 -0.416034
v 0.970135 -0.756016 -0.452084
v 0.972339 -0.761083 -0.527874
v 0.959989 -0.744598 -0.540604
v 0.960912 -0.742669 -0.508691
v 0.908155 -0.689701 -0.560257
v 0.903401 -0.696402 -0.591058
v 0.942992 -0.736517 -0.588544
v 0.926321 -0.710207 -0.573468
v 0.818434 -0.829663 -0.770858
v 0.748709 -0.860846 -0.803983
v 0.338172 -0.826727 -0.806603
v 0.311527 -0.821376 -0.799325
v 0.283481 -0.832416 -0.797528
v 0.686293 -0.89679 -0.843995
v 0.658383 -0.88632 -0.839926
v 0.527546 -0.885086 -0.865532
v 0.552291 -0.894147 -0.879137
v 0.488238 -0.90302 -0.890417
v 0.500722 -0.888157 -0.865949
v 0.502692 -0.857054 -0.820763
v 0.435106 -0.820526 -0.810295
v 0.327559 -0.903266 -0.819894
v -0.0557 -0.829692 -0.723516
v -0.0323688 -0.8391 -0.738486
v -0.0579935 -0.803456 -0.711955
v -0.110588 -0.895017 -0.714989
v -0.124511 -0.85691 -0.692572
v -0.105234 -0.836089 -0.698752
v -0.195514 -0.913686 -0.635113
v 0.176024 -0.864033 -0.797206
v -0.217712 -1.01963 -0.38758
v -0.207034 -1.04376 -0.390489
v -0.215051 -0.985962 -0.595999
v -0.219944 -1.03464 -0.43614
v -0.221437 -1.04553 -0.485323
v -0.184104 -1.06839 -0.339165
v -0.154561 -1.07567 -0.291932
v -0.174407 -1.04861 -0.297817
v -0.189085 -1.00066 -0.297864
v -0.161349 -1.01593 -0.262706
v -0.159636 -0.99039 -0.253503
v -0.12246 -0.967091 -0.214491
v -0.0692123 -0.949046 -0.1818
v -0.0118978 -0.919193 -0.167718
v -0.0301215 -0.897788 -0.178616
v 0.12798 -0.867293 -0.178393
v 0.164875 -0.828517 -0.188912
v 0.196837 -0.822967 -0.193996
v 0.29113 -0.790664 -0.213825
v 0.26793 -0.804735 -0.208463
v 0.371308 -0.909394 -0.153249
v 0.394028 -0.916605 -0.12959
v 0.450724 -0.974578 -0.04266
v 0.472564 -0.953951 -0.0442131
v 0.59195 -0.905921 -0.06707
v 0.566889 -0.893753 -0.0756859
v 0.562387 -0.916547 -0.0584861
v 0.560349 -0.974951 -0.0385936
v 0.664956 -0.929894 -0.0693202
v 0.811964 -0.896281 -0.135632
v 0.850974 -0.872288 -0.163574
v 0.892856 -0.89026 -0.18298
v 0.872645 -0.865905 -0.181054
v 0.918368 -0.721986 -0.326514
v 0.943142 -0.743539 -0.347757
v 0.935556 -0.887058 -0.222872
v 0.942379 -0.840624 -0.257804
v 0.92233 -0.838504 -0.237648
v 0.930101 -0.767365 -0.29537
v 0.916294 -0.739973 -0.300403
v 1.02727 -0.868583 -0.44714
v 1.01514 -0.840633 -0.442959
v 1.01716 -0.851481 -0.416434
v 0.977993 -0.767527 -0.50232
v 0.99156 -0.813299 -0.59085
v 0.97535 -0.797964 -0.609862
v 0.977834 -0.785198 -0.581975
v 0.976382 -0.83715 -0.6509
v 0.968929 -0.80916 -0.637588
v 0.767477 -0.841304 -0.792384
v 0.800745 -0.847079 -0.789803
v 0.781906 -0.867521 -0.803055
v 0.763633 -0.889111 -0.812405
v 0.738836 -0.903911 -0.826642
v 0.314774 -0.879177 -0.812621
v 0.265206 -0.907514 -0.812516
v 0.252697 -0.882135 -0.805896
v 0.283366 -0.880435 -0.809671
v 0.665626 -0.924604 -0.884583
v 0.604057 -0.897762 -0.876758
v 0.608477 -0.914968 -0.897816
v 0.576277 -0.905204 -0.892951
v 0.510019 -0.917426 -0.912337
v 0.436013 -0.867362 -0.823884
v 0.468588 -0.86202 -0.821768
v 0.455347 -0.883535 -0.839066
v 0.380768 -0.858463 -0.818184
v 0.352272 -0.902213 -0.826414
v 0.092403 -0.885161 -0.796247
v 0.111555 -0.862376 -0.794405
v 0.052138 -0.85995 -0.774723
v -0.0054223 -0.884663 -0.757972
v -0.00888712 -0.8547 -0.752979
v -0.149439 -0.833379 -0.660937
v -0.032334 -0.901716 -0.753372
v -0.0831873 -0.878578 -0.72679
v -0.162549 -0.882011 -0.667104
v -0.184668 -0.884215 -0.642934
v -0.194915 -1.05636 -0.365126
v -0.20116 -0.992189 -0.621957
v -0.201744 -1.04206 -0.566533
v -0.199092 -1.07984 -0.530567
v -0.211537 -1.06428 -0.507713
v -0.163946 -1.10616 -0.362641
v -0.166873 -1.0924 -0.338196
v -0.159211 -1.04611 -0.274712
v -0.0971421 -1.04779 -0.219532
v -0.108046 -1.01675 -0.214187
v -0.124543 -1.03012 -0.2311
v -0.0975847 -0.959076 -0.196932
v 0.0153697 -0.917406 -0.160181
v 0.0675245 -0.92304 -0.159892
v 0.152182 -0.915633 -0.164461
v 0.177502 -0.876088 -0.176516
v 0.22178 -0.902867 -0.178413
v 0.299315 -0.843548 -0.181549
v 0.270795 -0.864678 -0.176585
v 0.405215 -0.926872 -0.101221
v 0.398038 -0.995894 -0.0580666
v 0.404826 -0.968158 -0.0657917
v 0.441896 -1.02663 -0.0354469
v 0.415475 -1.01427 -0.0438545
v 0.487481 -1.06671 -0.0346834
v 0.524063 -1.0255 -0.0311751
v 0.501512 -1.00249 -0.0335786
v 0.64892 -0.967203 -0.0467756
v 0.618133 -0.963828 -0.0426542
v 0.712245 -0.931563 -0.0823813
v 0.80275 -0.952667 -0.121426
v 0.776737 -0.930432 -0.118999
v 0.853311 -0.948173 -0.137127
v 0.92808 -0.934044 -0.192325
v 0.910501 -0.913322 -0.186532
v 0.977209 -0.823236 -0.32161
v 0.963532 -0.798982 -0.319863
v 0.941901 -0.86764 -0.241026
v 1.0291 -0.880793 -0.416288
v 1.02385 -0.856424 -0.472989
v 0.987248 -0.785178 -0.532047
v 0.929448 -0.827719 -0.704359
v 0.938654 -0.85005 -0.704544
v 0.94991 -0.898343 -0.709599
v 0.931012 -0.877066 -0.719173
v 0.953083 -0.868846 -0.696255
v 0.856891 -0.868369 -0.772005
v 0.832108 -0.859018 -0.782714
v 0.794455 -0.898994 -0.809921
v 0.696091 -0.942131 -0.885737
v 0.664796 -0.947528 -0.89971
v 0.661217 -0.979611 -0.910287
v 0.639473 -0.962136 -0.911556
v 0.586579 -0.928144 -0.913552
v 0.479643 -0.919659 -0.912378
v 0.424148 -0.892458 -0.842404
v 0.377423 -0.887524 -0.82532
v 0.232819 -0.910496 -0.808201
v 0.0453153 -0.910589 -0.783134
v 0.000388134 -0.951288 -0.768741
v -0.0830803 -0.907754 -0.734011
v -0.0573948 -0.892082 -0.742123
v -0.166821 -1.03988 -0.643252
v -0.183063 -0.993013 -0.643431
v -0.162879 -0.990277 -0.666249
v 0.148297 -0.910919 -0.797666
v 0.0887502 -0.942611 -0.80062
v -0.207288 -1.07477 -0.472392
v -0.178988 -1.09589 -0.391424
v -0.186135 -1.0226 -0.625017
v -0.207817 -1.05393 -0.538781
v -0.129847 -1.12286 -0.30923
v -0.121298 -1.05646 -0.242293
v -0.0791209 -0.983845 -0.189606
v 0.0075492 -0.945405 -0.155383
v 0.0326707 -0.963929 -0.152473
v 0.0521207 -0.983764 -0.15549
v 0.0380907 -0.935433 -0.153627
v 0.0811235 -0.97092 -0.155418
v 0.0961079 -0.910415 -0.164629
v 0.205186 -0.87752 -0.181233
v 0.364855 -0.935392 -0.139132
v 0.391253 -0.951802 -0.0878389
v 0.371983 -0.963073 -0.102427
v 0.49488 -1.03658 -0.0319936
v 0.533232 -0.994208 -0.0346053
v 0.611712 -1.0383 -0.035499
v 0.619081 -1.01278 -0.036329
v 0.703182 -0.98969 -0.0555534
v 0.83319 -0.970544 -0.121703
v 0.993819 -0.821423 -0.364167
v 1.00704 -0.851895 -0.361319
v 0.953195 -0.899113 -0.235485
v 0.948441 -0.9464 -0.207089
v 1.0488 -0.945408 -0.457488
v 1.04503 -0.937041 -0.427152
v 1.03663 -0.886182 -0.479329
v 1.01743 -0.841492 -0.530908
v 1.00317 -0.81333 -0.53639
v 0.99718 -0.898459 -0.65262
v 0.884613 -0.92166 -0.778413
v 0.853499 -0.911728 -0.791196
v 0.749163 -0.94526 -0.856807
v 0.678093 -1.03657 -0.911553
v 0.687444 -0.994098 -0.90443
v 0.274576 -0.98272 -0.823478
v 0.298886 -0.957711 -0.827965
v 0.609761 -1.00311 -0.932152
v 0.613321 -0.974949 -0.923677
v 0.497006 -0.939051 -0.931585
v 0.389987 -0.94063 -0.909283
v 0.420067 -0.930921 -0.909841
v 0.203667 -0.921099 -0.804446
v 0.0424694 -0.988533 -0.787777
v 0.0325521 -0.957888 -0.781731
v -0.126799 -0.940373 -0.712886
v -0.0897555 -0.96484 -0.738488
v -0.148247 -1.00087 -0.68496
v 0.0713739 -0.995093 -0.796741
v 0.0629085 -0.965338 -0.796262
v -0.185305 -1.10501 -0.523159
v -0.192885 -1.09149 -0.444952
v -0.177742 -1.11441 -0.446995
v -0.163683 -1.13445 -0.437337
v -0.154647 -1.13937 -0.409381
v -0.111346 -1.12402 -0.284626
v -0.140435 -1.06749 -0.268346
v -0.0167076 -1.03415 -0.171721
v -0.0371987 -1.00992 -0.17326
v -0.0443106 -1.04118 -0.185997
v -0.00139058 -0.976803 -0.154969
v 0.168871 -0.993918 -0.163229
v 0.177694 -0.936196 -0.171235
v 0.283332 -0.891069 -0.164762
v 0.323664 -0.927112 -0.156971
v 0.319261 -0.979634 -0.160427
v 0.304253 -0.953714 -0.160528
v 0.358066 -0.985418 -0.109692
v 0.39159 -1.02851 -0.0574333
v 0.439187 -1.05443 -0.0375524
v 0.535719 -1.07986 -0.0306661
v 0.567095 -0.996883 -0.0361121
v 0.544674 -1.04794 -0.0322655
v 0.576621 -1.04163 -0.0317391
v 0.701775 -1.02115 -0.0541535
v 0.675528 -1.01228 -0.0455319
v 0.799872 -1.01314 -0.100845
v 0.868946 -1.00987 -0.138741
v 0.947188 -0.977913 -0.199156
v 0.976417 -0.871593 -0.283764
v 1.00126 -0.867189 -0.333492
v 1.0006 -0.966524 -0.280155
v 0.985429 -0.964013 -0.254831
v 1.0493 -0.963044 -0.428111
v 1.04921 -0.946863 -0.522454
v 1.03622 -0.895142 -0.542347
v 1.04492 -0.916145 -0.500796
v 1.01841 -0.868441 -0.587457
v 1.00901 -0.888897 -0.628732
v 0.946899 -0.924844 -0.727326
v 0.925725 -0.899596 -0.732486
v 0.800234 -0.963675 -0.836459
v 0.773591 -0.961083 -0.850715
v 0.302789 -0.983183 -0.840669
v 0.244034 -0.971779 -0.814835
v 0.547075 -1.01617 -0.952157
v 0.580678 -1.01601 -0.945126
v 0.560276 -0.991639 -0.943905
v 0.541861 -0.965413 -0.938835
v 0.511548 -0.962188 -0.942517
v 0.435611 -0.942785 -0.929615
v -0.131163 -0.968057 -0.708412
v -0.047842 -0.981534 -0.756295
v -0.114177 -1.02517 -0.715195
v -0.110145 -0.990138 -0.727881
v 0.180816 -0.978509 -0.802806
v 0.158735 -0.954602 -0.802577
v 0.172822 -0.927485 -0.8007
v 0.116067 -1.02914 -0.794703
v 0.0988439 -1.00334 -0.798507
v -0.171379 -1.10248 -0.573427
v -0.191615 -1.0722 -0.563438
v -0.148045 -1.14985 -0.514488
v -0.122321 -1.17412 -0.42589
v -0.143672 -1.11417 -0.624007
v -0.1432 -1.0901 -0.644709
v -0.109113 -1.17729 -0.394912
v -0.0649666 -1.16543 -0.291067
v -0.0330426 -1.12283 -0.223734
v -0.0610332 -1.12446 -0.240321
v -0.0247421 -1.06429 -0.184198
v 0.116316 -0.96406 -0.155123
v 0.252836 -0.966648 -0.167357
v 0.227922 -0.954162 -0.172852
v 0.30721 -1.00827 -0.172279
v 0.340872 -0.981488 -0.136989
v 0.377468 -1.0129 -0.0751161
v 0.370695 -1.04333 -0.0823581
v 0.456457 -1.10493 -0.0488117
v 0.645233 -1.15286 -0.0464488
v 0.628556 -1.12913 -0.0388568
v 0.655882 -1.06612 -0.044806
v 0.677413 -1.04139 -0.0469578
v 0.725871 -1.00417 -0.0660404
v 0.677116 -0.978784 -0.049662
v 0.801613 -0.98178 -0.112845
v 0.821335 -1.03463 -0.103486
v 1.01295 -0.972045 -0.301091
v 0.994062 -0.99627 -0.263747
v 1.14237 -1.1277 -0.439043
v 1.04386 -0.920674 -0.44596
v 1.03835 -0.914349 -0.562691
v 1.0384 -0.93536 -0.587653
v 0.912693 -0.935748 -0.766998
v 0.967653 -0.921408 -0.703189
v 0.893937 -0.950515 -0.783194
v 0.849609 -0.976704 -0.814107
v 0.736877 -0.988154 -0.882182
v 0.694388 -1.02016 -0.903857
v 0.700969 -1.04804 -0.903898
v 0.593536 -1.04787 -0.94147
v 0.287401 -1.04028 -0.838301
v 0.284602 -1.00946 -0.828808
v 0.528927 -0.990164 -0.950262
v 0.488242 -1.01956 -0.962508
v 0.451644 -0.959412 -0.94324
v 0.374177 -0.95835 -0.920742
v 0.336597 -0.96224 -0.880557
v 0.199184 -1.00148 -0.799169
v 0.0163183 -0.979969 -0.774222
v -0.0799134 -0.987443 -0.744405
v -0.123898 -1.05119 -0.693355
v 0.0258191 -1.01368 -0.77833
v 0.0645801 -1.05153 -0.785357
v -0.159428 -1.14231 -0.49086
v -0.113405 -1.18767 -0.499971
v -0.117168 -1.18498 -0.47486
v -0.0954213 -1.20637 -0.480637
v -0.0925291 -1.18049 -0.36501
v -0.0707481 -1.20019 -0.367669
v -0.0572155 -1.18317 -0.314054
v -0.0757226 -1.18281 -0.338856
v -0.00612506 -1.1115 -0.204469
v 0.0704311 -1.03705 -0.158619
v 0.059059 -1.06874 -0.166237
v 0.129122 -1.02884 -0.156708
v 0.189948 -1.04384 -0.175481
v 0.329604 -1.00688 -0.149515
v 0.361353 -1.06486 -0.10169
v 0.564371 -1.0698 -0.0297898
v 0.549059 -1.1328 -0.0323783
v 0.555559 -1.09899 -0.0286098
v 0.668148 -1.09374 -0.0458298
v 0.746306 -1.02513 -0.0754256
v 0.844224 -1.05604 -0.11502
v 0.88505 -1.08796 -0.154935
v 0.887783 -1.0544 -0.152896
v 1.02703 -1.0141 -0.319534
v 1.05272 -1.03734 -0.398548
v 1.04667 -1.02034 -0.371181
v 1.04689 -1.04935 -0.367069
v 1.12239 -1.14169 -0.379337
v 1.10368 -1.12961 -0.403987
v 0.990328 -1.05767 -0.255146
v 0.985521 -1.02332 -0.248306
v 1.18392 -1.16155 -0.435422
v 1.15063 -1.13329 -0.467344
v 1.04939 -0.943716 -0.491995
v 1.05493 -0.991431 -0.483762
v 1.09845 -1.12117 -0.45658
v 1.12296 -1.12485 -0.469479
v 1.0129 -1.00282 -0.67517
v 1.01828 -0.978382 -0.663403
v 0.968269 -1.02496 -0.737158
v 0.873415 -0.996984 -0.804801
v 0.833089 -1.01911 -0.834005
v 0.743729 -1.01885 -0.881861
v 0.680539 -1.09367 -0.915825
v 0.703119 -1.0777 -0.906209
v 0.606841 -1.10601 -0.933332
v 0.580553 -1.1001 -0.941516
v 0.602298 -1.07545 -0.936814
v 0.517931 -1.01667 -0.957773
v 0.47463 -1.0504 -0.962849
v 0.417848 -0.994112 -0.954919
v 0.33031 -0.990971 -0.895745
v -0.0411234 -1.03423 -0.757042
v -0.0325336 -1.00394 -0.76181
v -0.0168666 -1.02956 -0.764609
v -0.10349 -1.12514 -0.658297
v -0.0913346 -1.01417 -0.737545
v -0.0673497 -1.0385 -0.744961
v 0.196776 -1.05032 -0.783787
v 0.181365 -1.0297 -0.791956
v -0.104081 -1.17801 -0.572525
v -0.127822 -1.15453 -0.573384
v -0.127227 -1.17045 -0.520393
v -0.116424 -1.15796 -0.594065
v -0.0659991 -1.21772 -0.39609
v -0.0288518 -1.22083 -0.357242
v -0.044487 -1.16271 -0.268088
v -0.066618 -1.14548 -0.264051
v 0.00711534 -1.05652 -0.172719
v 0.0513224 -1.09542 -0.178327
v 0.101337 -1.04254 -0.157627
v 0.177501 -1.01962 -0.167585
v 0.255397 -1.03228 -0.169653
v 0.258936 -0.99915 -0.168898
v 0.343963 -1.06033 -0.131667
v 0.387439 -1.14888 -0.121079
v 0.383714 -1.12134 -0.107448
v 0.416737 -1.12251 -0.0730482
v 0.569669 -1.14566 -0.0332777
v 0.613807 -1.1603 -0.041937
v 0.655774 -1.12161 -0.0445688
v 0.637892 -1.09524 -0.0405631
v 0.796011 -1.04228 -0.0900629
v 0.80397 -1.09331 -0.0945892
v 0.829572 -1.0884 -0.110855
v 0.787222 -1.07117 -0.0831333
v 0.867558 -1.07024 -0.136644
v 0.906964 -1.07366 -0.167047
v 1.02551 -1.0444 -0.315437
v 1.02945 -1.15279 -0.328861
v 1.04492 -1.10834 -0.360997
v 1.03485 -1.08897 -0.336617
v 1.05945 -1.08794 -0.416849
v 1.08291 -1.12417 -0.4292
v 1.09153 -1.14693 -0.375672
v 0.972721 -1.04756 -0.231176
v 1.17632 -1.16715 -0.40539
v 1.06215 -1.07136 -0.494673
v 1.06392 -1.09358 -0.477316
v 1.08644 -1.13279 -0.516464
v 1.04363 -0.991203 -0.591568
v 1.04676 -0.963643 -0.573872
v 1.02598 -0.999466 -0.645037
v 0.787424 -1.01047 -0.858125
v 0.804528 -1.02886 -0.850935
v 0.772278 -1.03594 -0.868607
v 0.762427 -1.10215 -0.875875
v 0.768344 -1.06679 -0.871515
v 0.716439 -1.13653 -0.89903
v 0.62913 -1.08618 -0.928852
v 0.632423 -1.11345 -0.926778
v 0.313459 -1.01239 -0.880731
v 0.30521 -1.06546 -0.884468
v 0.568139 -1.15027 -0.935104
v 0.559472 -1.12277 -0.943379
v 0.51764 -1.06475 -0.956116
v 0.491521 -1.07841 -0.957909
v 0.270106 -1.03283 -0.811443
v 0.215561 -1.02517 -0.793535
v 0.230316 -1.05267 -0.783844
v -0.0602147 -1.16788 -0.64376
v -0.0891452 -1.14895 -0.644727
v -0.0954473 -1.1041 -0.683991
v 0.166961 -1.05595 -0.782548
v 0.0780722 -1.07937 -0.776917
v 0.109487 -1.07715 -0.776739
v 0.0466776 -1.07592 -0.773263
v -0.10743 -1.18918 -0.527659
v -0.0692325 -1.22088 -0.531847
v -0.0788491 -1.16849 -0.625462
v -0.0526285 -1.23607 -0.484309
v -0.0511303 -1.23652 -0.454153
v -0.0741435 -1.22447 -0.467055
v -0.043683 -1.23313 -0.405762
v 0.00846026 -1.17457 -0.253474
v -0.0194523 -1.16945 -0.261327
v -0.00805414 -1.19031 -0.282419
v -0.0172166 -1.21534 -0.335416
v -0.0135725 -1.15093 -0.239496
v 0.0290121 -1.07577 -0.175793
v 0.222647 -1.04173 -0.173962
v 0.274862 -1.05413 -0.179955
v 0.328092 -1.05755 -0.159863
v 0.403989 -1.14478 -0.0916912
v 0.448822 -1.17649 -0.0702399
v 0.470668 -1.20137 -0.0687446
v 0.513223 -1.17158 -0.0520452
v 0.657253 -1.20307 -0.045717
v 0.688786 -1.16707 -0.056476
v 0.688346 -1.19204 -0.0555042
v 0.673353 -1.14569 -0.050949
v 0.686663 -1.11934 -0.0504429
v 0.775381 -1.1022 -0.0804146
v 0.85209 -1.16331 -0.149685
v 0.863711 -1.10223 -0.142357
v 0.839093 -1.11637 -0.127395
v 0.88216 -1.11759 -0.161587
v 0.901952 -1.13226 -0.179524
v 0.92589 -1.11387 -0.191975
v 1.02516 -1.10028 -0.317309
v 1.04745 -1.16794 -0.350801
v 1.06194 -1.15322 -0.374255
v 0.985964 -1.08946 -0.2502
v 1.17204 -1.14686 -0.483556
v 1.06029 -1.06616 -0.525339
v 1.05448 -1.00233 -0.537299
v 1.04807 -0.997493 -0.566294
v 1.0189 -1.02633 -0.659775
v 0.977062 -0.997973 -0.727518
v 0.986846 -1.029 -0.715566
v 0.928777 -1.0614 -0.769363
v 0.885084 -1.13931 -0.80447
v 0.8762 -1.111 -0.812922
v 0.896407 -1.10742 -0.7964
v 0.788243 -1.08729 -0.862181
v 0.784058 -1.11534 -0.866862
v 0.667039 -1.15092 -0.911099
v 0.327269 -1.02395 -0.909595
v 0.284324 -1.07427 -0.836376
v 0.594011 -1.15019 -0.927374
v 0.512367 -1.14147 -0.951847
v 0.501699 -1.11136 -0.955691
v 0.431971 -1.07751 -0.964775
v 0.449629 -1.09899 -0.961872
v 0.415128 -1.02532 -0.961811
v 0.410303 -1.05669 -0.963451
v 0.358586 -1.07704 -0.941459
v 0.361948 -1.0465 -0.945539
v 0.281774 -1.11757 -0.797422
v 0.282977 -1.09622 -0.818008
v 0.251988 -1.21365 -0.722343
v 0.228261 -1.14222 -0.752514
v 0.213108 -1.0963 -0.768252
v -0.000702211 -1.08869 -0.756807
v -0.0427141 -1.12045 -0.71538
v -0.0588525 -1.09751 -0.722426
v -0.0259799 -1.106 -0.738295
v 0.1797 -1.10563 -0.763312
v 0.150157 -1.11427 -0.755506
v 0.0631601 -1.10917 -0.762874
v -0.0907446 -1.19857 -0.549291
v -0.0307231 -1.21347 -0.612341
v -0.0507862 -1.19025 -0.624469
v -0.0285973 -1.24613 -0.4653
v -0.00735138 -1.25315 -0.442223
v 0.0127898 -1.25543 -0.413292
v -0.0159296 -1.24562 -0.411262
v 0.0241561 -1.19523 -0.270781
v 0.0449856 -1.21285 -0.290569
v 0.0311147 -1.22214 -0.317558
v 0.0448642 -1.23628 -0.340076
v 0.0172467 -1.15349 -0.228688
v 0.044251 -1.12259 -0.195096
v 0.103431 -1.11204 -0.182066
v 0.165722 -1.10142 -0.179813
v 0.145587 -1.07614 -0.169598
v 0.245187 -1.06643 -0.174593
v 0.285923 -1.10401 -0.186607
v 0.337324 -1.10667 -0.175325
v 0.315705 -1.10227 -0.195894
v 0.36909 -1.14557 -0.151129
v 0.350735 -1.14013 -0.177881
v 0.440839 -1.2042 -0.0829192
v 0.482903 -1.1753 -0.061893
v 0.521786 -1.22032 -0.0517328
v 0.555683 -1.21709 -0.0456274
v 0.802663 -1.17064 -0.110146
v 0.805642 -1.14412 -0.106152
v 0.783482 -1.15959 -0.0950693
v 0.828077 -1.1514 -0.126791
v 0.877195 -1.146 -0.165141
v 0.925838 -1.14655 -0.196313
v 0.952513 -1.14307 -0.217866
v 1.01321 -1.14827 -0.29804
v 1.04235 -1.14068 -0.353897
v 1.09426 -1.18644 -0.327868
v 0.990175 -1.17326 -0.261309
v 0.996011 -1.14496 -0.267247
v 0.976628 -1.1469 -0.242021
v 1.11634 -1.13205 -0.505187
v 1.19241 -1.18951 -0.423975
v 1.19773 -1.20713 -0.481117
v 1.18931 -1.1738 -0.492793
v 1.18015 -1.17964 -0.52326
v 1.0512 -1.11558 -0.565439
v 1.07872 -1.14364 -0.543864
v 1.04574 -1.05396 -0.58349
v 1.03393 -1.0503 -0.612461
v 1.00363 -1.02867 -0.690149
v 1.00931 -1.05184 -0.673868
v 0.949947 -1.07475 -0.743659
v 0.90185 -1.05347 -0.788695
v 0.885559 -1.07854 -0.803086
v 0.832802 -1.09894 -0.841571
v 0.852073 -1.11895 -0.83139
v 0.798342 -1.16502 -0.862827
v 0.740874 -1.15232 -0.887887
v 0.583689 -1.17704 -0.924302
v 0.612477 -1.17037 -0.91872
v 0.338439 -1.05337 -0.929491
v 0.308032 -1.1509 -0.845799
v 0.293838 -1.12641 -0.827042
v 0.303844 -1.1225 -0.85851
v 0.522036 -1.17111 -0.939437
v 0.480601 -1.13524 -0.956512
v 0.383355 -1.06898 -0.955954
v 0.238182 -1.18719 -0.733927
v 0.204394 -1.12325 -0.761008
v -0.0651719 -1.14996 -0.664404
v -0.0115653 -1.12919 -0.7281
v -0.0813623 -1.19542 -0.5774
v -0.0421704 -1.23196 -0.549026
v -0.0172426 -1.20106 -0.63907
v 0.0308804 -1.26294 -0.520349
v 0.023731 -1.26279 -0.492435
v 0.000807519 -1.25387 -0.508398
v 0.042883 -1.26654 -0.419926
v 0.0601928 -1.20246 -0.26723
v 0.0600626 -1.2295 -0.314363
v 0.0911796 -1.13743 -0.202936
v 0.134808 -1.10883 -0.179035
v 0.263967 -1.08595 -0.180207
v 0.280572 -1.13297 -0.186873
v 0.332352 -1.13262 -0.196582
v 0.333885 -1.22556 -0.216101
v 0.391578 -1.21545 -0.151707
v 0.379894 -1.19408 -0.160728
v 0.417642 -1.19963 -0.104926
v 0.587825 -1.2138 -0.0433628
v 0.632758 -1.24042 -0.0469983
v 0.623523 -1.21388 -0.0418126
v 0.735152 -1.15836 -0.0686492
v 0.742855 -1.18679 -0.0768572
v 0.836603 -1.18349 -0.141746
v 0.90015 -1.16394 -0.181832
v 0.939825 -1.17211 -0.207891
v 1.01668 -1.17674 -0.30816
v 1.03203 -1.18366 -0.330591
v 0.975037 -1.18334 -0.242065
v 1.13595 -1.23027 -0.321984
v 1.14486 -1.18001 -0.564207
v 1.2 -1.21054 -0.448335
v 1.12843 -1.1595 -0.552593
v 1.04028 -1.0793 -0.602977
v 0.983832 -1.0937 -0.696618
v 0.932085 -1.09153 -0.761825
v 0.904193 -1.1359 -0.787198
v 0.821312 -1.15602 -0.850938
v 0.758129 -1.18606 -0.877331
v 0.712969 -1.16555 -0.893237
v 0.535862 -1.22718 -0.928756
v 0.562289 -1.22441 -0.92519
v 0.349979 -1.12841 -0.922168
v 0.318871 -1.1453 -0.873995
v 0.469062 -1.18665 -0.949039
v 0.35598 -1.10541 -0.934191
v 0.311699 -1.18024 -0.834596
v 0.303678 -1.19934 -0.782897
v 0.302595 -1.26559 -0.728957
v 0.265996 -1.23468 -0.713481
v 0.194302 -1.15076 -0.751077
v -0.0280276 -1.1395 -0.705925
v 0.0877466 -1.18324 -0.70568
v 0.108165 -1.17284 -0.718083
v -0.0146801 -1.22677 -0.600065
v -0.0174393 -1.23558 -0.572061
v -0.0571143 -1.20594 -0.594985
v 0.0363149 -1.25445 -0.389777
v 0.0621797 -1.26678 -0.399346
v 0.0878883 -1.237 -0.307356
v 0.0874661 -1.25858 -0.353497
v 0.0750615 -1.16269 -0.221163
v 0.121548 -1.13391 -0.197207
v 0.260204 -1.15086 -0.183758
v 0.267197 -1.18357 -0.188351
v 0.317012 -1.1644 -0.206045
v 0.299483 -1.18908 -0.203032
v 0.354148 -1.22069 -0.203966
v 0.410748 -1.22049 -0.124254
v 0.396566 -1.26737 -0.157303
v 0.411867 -1.26917 -0.13436
v 0.531239 -1.27152 -0.0661359
v 0.542371 -1.2446 -0.0535983
v 0.508637 -1.24963 -0.0627607
v 0.593466 -1.26468 -0.0568577
v 0.622748 -1.26465 -0.0560104
v 0.704249 -1.23096 -0.0668156
v 0.723417 -1.24468 -0.0836076
v 0.77377 -1.23451 -0.106279
v 0.889755 -1.19998 -0.17586
v 0.931041 -1.2341 -0.205736
v 1.07976 -1.25102 -0.292915
v 1.00284 -1.19267 -0.286003
v 1.07186 -1.20332 -0.315934
v 0.989397 -1.20307 -0.264112
v 0.981816 -1.22989 -0.263507
v 1.10198 -1.27108 -0.300166
v 1.1514 -1.28222 -0.343587
v 1.16421 -1.25792 -0.354151
v 1.15472 -1.20256 -0.571006
v 1.19446 -1.2656 -0.458582
v 1.17154 -1.26405 -0.550323
v 1.16986 -1.22021 -0.557363
v 1.18216 -1.23336 -0.534975
v 1.0626 -1.19268 -0.588366
v 1.02178 -1.16015 -0.629145
v 1.03093 -1.13716 -0.614278
v 1.05545 -1.14177 -0.561532
v 1.0417 -1.13833 -0.584927
v 1.02014 -1.13352 -0.642715
v 0.974227 -1.1461 -0.711482
v 0.987786 -1.12413 -0.691618
v 0.876304 -1.1917 -0.799589
v 0.8272 -1.20385 -0.840648
v 0.85443 -1.19583 -0.81978
v 0.769996 -1.2204 -0.866591
v 0.697491 -1.19381 -0.893535
v 0.564965 -1.27816 -0.908788
v 0.38263 -1.16472 -0.93395
v 0.374482 -1.13191 -0.940198
v 0.349063 -1.17495 -0.898727
v 0.513208 -1.21918 -0.934471
v 0.400108 -1.12359 -0.956628
v 0.325709 -1.20807 -0.849367
v 0.305309 -1.24753 -0.752329
v 0.297186 -1.21684 -0.753171
v 0.308227 -1.2253 -0.773106
v 0.266149 -1.32126 -0.694
v 0.292994 -1.30741 -0.701232
v 0.25707 -1.26328 -0.701166
v 0.202961 -1.2289 -0.715719
v 0.190486 -1.20082 -0.728109
v 0.00603078 -1.17286 -0.688866
v 0.0197224 -1.18936 -0.674783
v 0.134438 -1.16323 -0.728482
v 0.0079888 -1.23647 -0.59336
v 0.0563432 -1.27675 -0.534188
v 0.112593 -1.25316 -0.290399
v 0.103301 -1.27861 -0.365531
v 0.139103 -1.15587 -0.205707
v 0.309841 -1.2165 -0.212151
v 0.474112 -1.27989 -0.0898662
v 0.611306 -1.28939 -0.0625062
v 0.889617 -1.23224 -0.177144
v 0.866858 -1.2234 -0.162483
v 1.04486 -1.26152 -0.285497
v 0.971867 -1.25871 -0.264624
v 1.08917 -1.2958 -0.295324
v 1.15307 -1.3067 -0.359896
v 1.16842 -1.30488 -0.390392
v 1.18491 -1.29404 -0.449148
v 1.11019 -1.20635 -0.594731
v 1.10043 -1.23151 -0.610378
v 1.18551 -1.25686 -0.519675
v 1.06714 -1.27351 -0.633769
v 1.09146 -1.25795 -0.623398
v 0.992792 -1.15478 -0.687081
v 0.918376 -1.21431 -0.76356
v 0.719955 -1.21465 -0.883922
v 0.631023 -1.22013 -0.911527
v 0.635225 -1.18931 -0.913309
v 0.620693 -1.29191 -0.892037
v 0.55935 -1.31051 -0.900988
v 0.588193 -1.29765 -0.897301
v 0.368331 -1.18051 -0.915096
v 0.346421 -1.22379 -0.87428
v 0.495171 -1.2721 -0.92121
v 0.475937 -1.25693 -0.927692
v 0.415629 -1.21004 -0.934251
v 0.339638 -1.25961 -0.836108
v 0.327894 -1.25735 -0.806494
v 0.327796 -1.23101 -0.827201
v 0.300271 -1.34765 -0.758258
v 0.29261 -1.27996 -0.705209
v 0.14837 -1.21415 -0.710805
v 0.065014 -1.21899 -0.657763
v 0.050339 -1.19512 -0.679959
v 0.0788242 -1.20314 -0.682657
v 0.064074 -1.27881 -0.592568
v 0.172633 -1.20514 -0.206673
v 0.15803 -1.1812 -0.20982
v 0.15702 -1.23146 -0.222641
v 0.232111 -1.22386 -0.19043
v 0.318647 -1.24917 -0.219187
v 0.354953 -1.28649 -0.215671
v 0.461297 -1.33204 -0.114473
v 0.677636 -1.28148 -0.0719752
v 0.848863 -1.28089 -0.161569
v 0.921841 -1.29905 -0.225377
v 1.11378 -1.30081 -0.31276
v 1.15363 -1.32579 -0.38036
v 1.16172 -1.33378 -0.489475
v 1.17317 -1.3111 -0.499361
v 1.175 -1.31563 -0.470189
v 1.10744 -1.3096 -0.616729
v 1.13015 -1.28831 -0.602496
v 1.04344 -1.24812 -0.624202
v 1.03381 -1.27361 -0.637462
v 1.02128 -1.30099 -0.64788
v 1.01849 -1.19246 -0.624724
v 0.903522 -1.24271 -0.772528
v 0.958748 -1.19656 -0.724817
v 0.786736 -1.30187 -0.851677
v 0.788433 -1.27253 -0.855954
v 0.68459 -1.24395 -0.886759
v 0.648684 -1.30916 -0.880931
v 0.645704 -1.28122 -0.889726
v 0.461699 -1.23328 -0.936189
v 0.33573 -1.28469 -0.816086
v 0.267047 -1.29401 -0.694781
v 0.173399 -1.23752 -0.709407
v 0.05466 -1.25179 -0.600445
v 0.108605 -1.3621 -0.442848
v 0.11408 -1.33681 -0.448235
v 0.111269 -1.30247 -0.362682
v 0.148266 -1.30837 -0.238279
v 0.139433 -1.284 -0.251574
v 0.130719 -1.30777 -0.266747
v 0.103781 -1.33653 -0.307307
v 0.159964 -1.28549 -0.225319
v 0.220064 -1.28301 -0.201493
v 0.198254 -1.26087 -0.201513
v 0.340481 -1.3092 -0.217987
v 0.32301 -1.32763 -0.213082
v 0.392638 -1.3178 -0.167443
v 0.519902 -1.32272 -0.0864997
v 0.611844 -1.33806 -0.0803625
v 0.629723 -1.31206 -0.0701531
v 0.718195 -1.31484 -0.0935017
v 0.758968 -1.26579 -0.105513
v 0.780358 -1.33675 -0.147979
v 0.768064 -1.3173 -0.129929
v 0.852741 -1.32894 -0.194031
v 0.836449 -1.31192 -0.168013
v 0.876023 -1.28491 -0.183625
v 0.930743 -1.33992 -0.262995
v 0.990898 -1.247 -0.281936
v 1.01419 -1.31539 -0.277546
v 1.11662 -1.32637 -0.330387
v 1.09365 -1.34158 -0.32091
v 1.14064 -1.34763 -0.388288
v 1.15718 -1.34196 -0.434669
v 1.15239 -1.32238 -0.550752
v 1.07317 -1.35291 -0.620751
v 1.06027 -1.33032 -0.638944
v 1.00778 -1.3243 -0.652526
v 1.03436 -1.32779 -0.648253
v 0.961985 -1.32279 -0.654469
v 0.98575 -1.30424 -0.650488
v 0.957545 -1.25233 -0.702534
v 0.975942 -1.24878 -0.674639
v 0.879731 -1.24337 -0.7946
v 0.886357 -1.26313 -0.783061
v 0.855755 -1.29969 -0.804936
v 0.683406 -1.31705 -0.874421
v 0.516205 -1.3417 -0.893127
v 0.477939 -1.29932 -0.912473
v 0.367053 -1.23558 -0.890796
v 0.348896 -1.28559 -0.843381
v 0.359885 -1.30807 -0.849761
v 0.319489 -1.32832 -0.774784
v 0.248536 -1.34209 -0.697843
v 0.138406 -1.29515 -0.681483
v 0.144431 -1.26864 -0.691788
v 0.16745 -1.2899 -0.693936
v 0.0931405 -1.22692 -0.674446
v 0.100105 -1.25878 -0.664864
v 0.0662316 -1.33408 -0.512645
v 0.0918593 -1.38538 -0.370729
v 0.085161 -1.37152 -0.343024
v 0.112417 -1.28364 -0.309791
v 0.123636 -1.28126 -0.279868
v 0.17404 -1.31176 -0.216159
v 0.274575 -1.29023 -0.213805
v 0.242712 -1.3007 -0.207312
v 0.340477 -1.34591 -0.16897
v 0.434866 -1.34498 -0.13549
v 0.681025 -1.37495 -0.116992
v 0.67252 -1.35642 -0.098939
v 0.652591 -1.37699 -0.114114
v 0.696332 -1.33603 -0.0943896
v 0.825777 -1.33802 -0.179851
v 0.909043 -1.36362 -0.254432
v 0.983659 -1.30329 -0.282266
v 1.03941 -1.35753 -0.293152
v 1.01133 -1.37535 -0.291718
v 1.09308 -1.37494 -0.358585
v 1.07221 -1.37851 -0.340418
v 1.10702 -1.37834 -0.385454
v 1.12174 -1.35888 -0.372524
v 1.16019 -1.33911 -0.463725
v 1.14561 -1.35628 -0.480852
v 1.09889 -1.38984 -0.533461
v 1.11842 -1.36554 -0.552975
v 1.12239 -1.37154 -0.526572
v 1.03366 -1.38974 -0.613289
v 1.01354 -1.37938 -0.632507
v 0.958529 -1.27187 -0.683766
v 0.923041 -1.24438 -0.75126
v 0.847561 -1.32834 -0.802324
v 0.71872 -1.34545 -0.85613
v 0.645452 -1.36378 -0.866202
v 0.61495 -1.36162 -0.876562
v 0.552103 -1.33915 -0.890889
v 0.479101 -1.34486 -0.891253
v 0.433447 -1.23625 -0.930295
v 0.410617 -1.24075 -0.918035
v 0.362717 -1.33653 -0.84404
v 0.319448 -1.362 -0.813617
v 0.250644 -1.37211 -0.759221
v 0.274637 -1.35894 -0.744511
v 0.281001 -1.36282 -0.774354
v 0.20203 -1.36363 -0.696095
v 0.0873677 -1.27392 -0.643654
v 0.0629027 -1.33553 -0.595315
v 0.0471837 -1.35962 -0.579316
v 0.047311 -1.35636 -0.524503
v 0.122308 -1.35778 -0.418142
v 0.104432 -1.35914 -0.364713
v 0.0870438 -1.35788 -0.314583
v 0.0958939 -1.35338 -0.281121
v 0.1188 -1.33349 -0.27632
v 0.191271 -1.36436 -0.201369
v 0.183827 -1.33649 -0.210832
v 0.239986 -1.32887 -0.208781
v 0.268644 -1.3436 -0.21148
v 0.292685 -1.35628 -0.195856
v 0.409086 -1.3603 -0.122889
v 0.50749 -1.36868 -0.117481
v 0.603444 -1.35732 -0.0960237
v 0.728422 -1.35855 -0.128966
v 0.755821 -1.35944 -0.148196
v 0.8616 -1.37345 -0.216324
v 0.843746 -1.35211 -0.201091
v 0.983231 -1.3906 -0.293473
v 1.03297 -1.38396 -0.313049
v 1.05631 -1.36991 -0.316156
v 1.10309 -1.39034 -0.412505
v 1.0957 -1.40011 -0.439627
v 1.11058 -1.38712 -0.501198
v 1.11389 -1.35258 -0.582003
v 1.06079 -1.37574 -0.610309
v 0.982618 -1.36728 -0.646288
v 0.957025 -1.35184 -0.651619
v 0.9597 -1.29346 -0.66342
v 0.909946 -1.29568 -0.742002
v 0.925187 -1.3044 -0.718355
v 0.903664 -1.32146 -0.739326
v 0.794374 -1.34504 -0.823341
v 0.567831 -1.39074 -0.859257
v 0.597666 -1.39566 -0.848655
v 0.511371 -1.39835 -0.856477
v 0.462807 -1.40746 -0.854988
v 0.473443 -1.36706 -0.878253
v 0.391266 -1.29009 -0.883342
v 0.420066 -1.29309 -0.899426
v 0.406445 -1.31372 -0.882422
v 0.342438 -1.34877 -0.825551
v 0.229041 -1.38457 -0.771458
v 0.259133 -1.37599 -0.785883
v 0.160317 -1.31728 -0.68536
v 0.129724 -1.32053 -0.671027
v 0.109021 -1.29235 -0.662965
v 0.0926922 -1.33492 -0.642854
v 0.0573902 -1.36646 -0.604424
v 0.0744859 -1.36911 -0.474379
v 0.0796803 -1.344 -0.488058
v 0.086983 -1.37818 -0.450928
v 0.0955786 -1.35346 -0.464042
v 0.0364652 -1.39247 -0.311404
v 0.0723948 -1.36457 -0.286801
v 0.0973226 -1.36053 -0.229802
v 0.215038 -1.34349 -0.20597
v 0.282678 -1.40059 -0.151577
v 0.282547 -1.37927 -0.175784
v 0.376324 -1.36264 -0.121296
v 0.437853 -1.36748 -0.11519
v 0.640185 -1.39175 -0.130374
v 0.870994 -1.39552 -0.232914
v 1.01811 -1.42399 -0.361567
v 1.02584 -1.40573 -0.336221
v 1.00215 -1.41949 -0.336834
v 1.0699 -1.39442 -0.36271
v 1.08752 -1.3939 -0.386326
v 1.09156 -1.40194 -0.498915
v 1.02282 -1.42919 -0.566553
v 1.04985 -1.41723 -0.561731
v 0.979841 -1.41943 -0.614373
v 0.909977 -1.33367 -0.712549
v 0.892558 -1.35784 -0.707393
v 0.76503 -1.35329 -0.834969
v 0.658237 -1.40651 -0.829979
v 0.575833 -1.40914 -0.838096
v 0.417426 -1.3626 -0.870999
v 0.242853 -1.38833 -0.798685
v 0.205213 -1.39394 -0.748573
v 0.109771 -1.37325 -0.663006
v 0.136584 -1.36984 -0.675754
v 0.0734071 -1.34691 -0.61986
v 0.0101753 -1.3965 -0.604628
v 0.0432474 -1.35741 -0.552894
v 0.0267041 -1.37279 -0.535379
v 0.0594957 -1.35951 -0.4987
v 0.0634898 -1.39195 -0.455625
v 0.0239855 -1.38474 -0.252832
v 0.0446299 -1.38073 -0.209556
v 0.0929149 -1.37522 -0.199925
v 0.161064 -1.35545 -0.210531
v 0.359255 -1.38025 -0.104758
v 0.527531 -1.41187 -0.115109
v 0.60818 -1.39198 -0.129515
v 0.622524 -1.41429 -0.13807
v 0.811634 -1.36284 -0.185456
v 0.785932 -1.38527 -0.173615
v 0.856307 -1.42636 -0.23128
v 0.979216 -1.4162 -0.315301
v 0.973365 -1.43382 -0.338199
v 1.07051 -1.41662 -0.438858
v 1.05511 -1.42207 -0.414047
v 1.0448 -1.43206 -0.443563
v 1.03768 -1.43603 -0.505731
v 1.06342 -1.42176 -0.495041
v 1.03978 -1.43619 -0.473946
v 1.07586 -1.38435 -0.586582
v 0.880972 -1.40935 -0.650595
v 0.869976 -1.37353 -0.730993
v 0.842511 -1.35676 -0.788031
v 0.782756 -1.37255 -0.815976
v 0.745195 -1.40467 -0.821546
v 0.55228 -1.4258 -0.835732
v 0.578657 -1.4373 -0.832013
v 0.415754 -1.38737 -0.865252
v 0.360537 -1.38785 -0.850515
v 0.299565 -1.37954 -0.826852
v 0.250298 -1.41969 -0.843978
v 0.268771 -1.38268 -0.813503
v 0.175268 -1.47305 -0.792534
v 0.225504 -1.40298 -0.79946
v 0.164434 -1.41721 -0.706756
v 0.162663 -1.47305 -0.757612
v 0.138594 -1.41865 -0.692359
v -0.0377222 -1.40684 -0.545027
v -0.0155681 -1.39586 -0.530561
v 0.00429549 -1.38565 -0.548372
v 0.0780346 -1.39675 -0.430293
v 0.0515856 -1.40798 -0.438449
v 0.0510563 -1.42971 -0.391268
v 0.0161564 -1.41326 -0.322856
v -0.00552349 -1.42476 -0.305875
v 0.0700522 -1.36994 -0.2205
v 0.0660725 -1.3852 -0.192542
v 0.115997 -1.38503 -0.1832
v 0.144425 -1.39139 -0.17905
v 0.207736 -1.41652 -0.181291
v 0.28217 -1.43896 -0.11928
v 0.401044 -1.40165 -0.0795758
v 0.477258 -1.40243 -0.100567
v 0.654001 -1.41448 -0.143357
v 0.83673 -1.42939 -0.206436
v 0.826171 -1.40769 -0.193823
v 0.794232 -1.47305 -0.20368
v 1.00497 -1.44841 -0.416182
v 1.06062 -1.42405 -0.464287
v 1.03267 -1.4348 -0.5366
v 0.99659 -1.43945 -0.572769
v 0.928314 -1.41927 -0.628857
v 0.827411 -1.47305 -0.622155
v 0.829933 -1.39818 -0.754791
v 0.848652 -1.37907 -0.759916
v 0.623258 -1.47305 -0.824319
v 0.488663 -1.41528 -0.847645
v 0.357731 -1.41048 -0.867302
v 0.384453 -1.3983 -0.862776
v 0.112481 -1.42088 -0.683449
v 0.0701737 -1.40353 -0.657005
v -0.0767522 -1.47305 -0.503269
v -0.0872538 -1.47305 -0.531809
v 0.0233058 -1.4184 -0.446575
v 0.151187 -1.41519 -0.16611
v 0.232402 -1.47305 -0.175819
v 0.252716 -1.47305 -0.156901
v 0.274807 -1.47305 -0.132101
v 0.297803 -1.47305 -0.107584
v 0.324979 -1.47305 -0.0841079
v 0.386926 -1.47305 -0.0682443
v 0.42285 -1.47305 -0.0791073
v 0.461217 -1.47305 -0.0905546
v 0.528211 -1.47305 -0.109423
v 0.499285 -1.47305 -0.101181
v 0.607018 -1.47305 -0.132639
v 0.583815 -1.47305 -0.125966
v 0.624544 -1.47305 -0.137197
v 0.656987 -1.47305 -0.143814
v 0.695553 -1.43904 -0.149358
v 0.667299 -1.43876 -0.144575
v 0.734394 -1.47305 -0.164326
v 0.752888 -1.43479 -0.160074
v 0.708235 -1.47305 -0.155186
v 0.765568 -1.47305 -0.181864
v 0.92076 -1.43827 -0.323981
v 0.910993 -1.40759 -0.292258
v 0.825332 -1.47305 -0.258353
v 0.902351 -1.47305 -0.373322
v 0.87897 -1.47305 -0.353054
v 0.932114 -1.47305 -0.400064
v 0.961965 -1.47305 -0.445624
v 1.01879 -1.44633 -0.446282
v 0.948137 -1.47305 -0.528237
v 0.950216 -1.43134 -0.612609
v 0.920282 -1.47305 -0.558884
v 0.932256 -1.47305 -0.546767
v 0.893472 -1.47305 -0.582315
v 0.852241 -1.47305 -0.60188
v 0.793385 -1.47305 -0.713602
v 0.843428 -1.40717 -0.709842
v 0.848764 -1.39281 -0.733348
v 0.756984 -1.47305 -0.781149
v 0.770409 -1.47305 -0.762821
v 0.708661 -1.43808 -0.816705
v 0.728516 -1.47305 -0.801551
v 0.707252 -1.47305 -0.809016
v 0.564715 -1.47305 -0.830122
v 0.589802 -1.47305 -0.827495
v 0.489303 -1.47305 -0.841602
v 0.433797 -1.47305 -0.853828
v 0.441196 -1.42655 -0.853899
v 0.471534 -1.43771 -0.847685
v 0.353884 -1.47305 -0.870323
v 0.376399 -1.47305 -0.86573
v 0.286126 -1.47305 -0.880518
v 0.310977 -1.44139 -0.876167
v 0.238772 -1.47305 -0.868595
v 0.262106 -1.47305 -0.876994
v 0.278115 -1.41634 -0.857912
v 0.189947 -1.47305 -0.825929
v 0.205436 -1.47305 -0.848534
v 0.110693 -1.47305 -0.702185
v 0.0453703 -1.47305 -0.682459
v 0.066787 -1.44425 -0.677924
v 0.0278871 -1.47305 -0.676139
v -0.030859 -1.47305 -0.646711
v -0.0714393 -1.47305 -0.598499
v -0.0865538 -1.47305 -0.565212
v -0.0391134 -1.47305 -0.456668
v -0.0536148 -1.47305 -0.474191
v -0.020265 -1.42084 -0.481226
v -0.0203633 -1.47305 -0.436094
v 0.030571 -1.44442 -0.403522
v 0.00198174 -1.47305 -0.413627
v 0.0226175 -1.47305 -0.394676
v -0.0075567 -1.47305 -0.347012
v -0.022061 -1.47305 -0.227682
v 0.0294951 -1.47305 -0.155097
v 0.0632903 -1.47305 -0.1422
v 0.0795906 -1.47305 -0.139597
v 0.135667 -1.47305 -0.147027
v 0.183918 -1.47305 -0.16176
v 0.38553 -0.611395 -0.435544
v 0.419341 -0.612133 -0.387975
v 0.596399 -0.58842 -0.327574
v 0.57999 -0.60323 -0.302954
v 0.613772 -0.600778 -0.304605
v 0.571743 -1.31324 -0.069647
v 0.502339 -1.27488 -0.0764494
v 0.823547 -1.34003 -0.812432
v -0.295135 -0.668036 -0.377572
v 0.602329 -0.640271 -0.686171
v 0.830046 -0.792463 -0.206332
v 0.815232 -0.746067 -0.228564
v 0.65833 -0.74845 -0.192805
v 0.0723081 -1.00538 -0.156771
v -0.17653 -1.08405 -0.595228
v 0.0888977 -0.627097 -0.66176
v 0.0546715 -0.622536 -0.66302
v 0.0912924 -0.361588 -0.380779
v 0.0836339 -0.662957 -0.691665
v 0.0514236 -0.667229 -0.687985
v 0.0352852 -0.64777 -0.674912
v 0.0710037 -0.646529 -0.675595
v -0.187691 -1.05853 -0.586861
v 0.0455583 -1.01713 -0.161208
v 0.474328 -0.830788 -0.164485
v 0.46447 -0.804619 -0.17345
v 0.633003 -0.762176 -0.184296
v 0.654018 -0.781233 -0.184137
v 0.841485 -0.738935 -0.24196
v 0.812838 -0.771379 -0.213059
v 0.839035 -0.767079 -0.223986
v 0.667742 -0.61211 -0.653107
v 0.618408 -0.603095 -0.64229
v 0.637783 -0.616002 -0.660902
v 0.629355 -0.632222 -0.679366
v -0.296729 -0.66943 -0.41309
v -0.29041 -0.6896 -0.398928
v 0.835316 -1.30996 -0.821549
v 0.81472 -1.29289 -0.842992
v 0.805908 -1.32034 -0.834128
v 0.496009 -1.30191 -0.0895307
v 0.52355 -1.29726 -0.0780604
v 0.552311 -1.29177 -0.0685971
v 0.597867 -1.31691 -0.0677844
v 0.567661 -0.621119 -0.278798
v 0.64592 -0.600252 -0.305603
v 0.600602 -0.616274 -0.282596
v 0.540842 -0.629061 -0.27249
v 0.566448 -0.592058 -0.323567
v 0.547322 -0.607372 -0.300209
v 0.494798 -0.583888 -0.400484
v 0.464579 -0.591222 -0.411926
v 0.459815 -0.603375 -0.365381
v 0.476816 -0.591951 -0.384433
v 0.451516 -0.591618 -0.440397
v 0.447304 -0.600709 -0.39023
v 0.39239 -0.623525 -0.383441
v 0.40384 -0.609964 -0.413419
v 0.160297 -1.47305 -0.153263
v 0.176144 -1.40109 -0.180311
v 0.112076 -1.47305 -0.143363
v 0.16614 -1.43887 -0.161584
v 0.121464 -1.40793 -0.160814
v 0.0911247 -1.41635 -0.154501
v 0.140538 -1.43437 -0.157034
v 0.0433255 -1.39667 -0.183379
v 0.0159452 -1.41872 -0.183744
v 0.00622457 -1.47305 -0.174159
v 0.0235054 -1.39551 -0.200993
v -0.00216569 -1.40779 -0.240671
v -0.0128609 -1.47305 -0.200848
v 0.00256888 -1.41577 -0.211457
v -0.0278078 -1.47305 -0.259603
v -0.0152412 -1.43403 -0.251589
v -0.027426 -1.47305 -0.29815
v 0.000674463 -1.43767 -0.33197
v -0.0157503 -1.47305 -0.329577
v 0.0136025 -1.47305 -0.376853
v 0.0153089 -1.43845 -0.428853
v -0.00140213 -1.42767 -0.455712
v 0.00695337 -1.40886 -0.471831
v -0.0391451 -1.44155 -0.479537
v -0.0460401 -1.42802 -0.500833
v -0.0583175 -1.42125 -0.530137
v -0.0298092 -1.43962 -0.628493
v -0.0525128 -1.47305 -0.626329
v 0.00329191 -1.47305 -0.665732
v 0.052459 -1.42338 -0.662093
v 0.0256832 -1.42615 -0.652911
v 0.125958 -1.44187 -0.696469
v 0.0750383 -1.47305 -0.691966
v 0.0956943 -1.44181 -0.685871
v 0.132766 -1.47305 -0.709314
v 0.17135 -1.43355 -0.72779
v 0.152699 -1.47305 -0.73094
v 0.152853 -1.44062 -0.707677
v 0.255436 -1.43953 -0.862804
v 0.274104 -1.39669 -0.836724
v 0.282621 -1.43775 -0.872765
v 0.305226 -1.41683 -0.866496
v 0.322832 -1.47305 -0.877051
v 0.333859 -1.42414 -0.871448
v 0.399769 -1.47305 -0.861161
v 0.388052 -1.4238 -0.863435
v 0.41308 -1.41379 -0.860077
v 0.502006 -1.43992 -0.842144
v 0.466542 -1.47305 -0.846347
v 0.526449 -1.47305 -0.835295
v 0.610802 -1.44071 -0.827343
v 0.680713 -1.47305 -0.815732
v 0.685265 -1.41832 -0.824215
v 0.713337 -1.41204 -0.824763
v 0.736269 -1.434 -0.813474
v 0.777614 -1.4424 -0.786918
v 0.764119 -1.42597 -0.80688
v 0.810917 -1.40394 -0.77829
v 0.791849 -1.42084 -0.790691
v 0.807383 -1.4399 -0.733438
v 0.782071 -1.47305 -0.741386
v 0.809919 -1.42189 -0.757272
v 0.825138 -1.41599 -0.732216
v 0.802466 -1.47305 -0.681952
v 0.814619 -1.47305 -0.645048
v 0.842026 -1.41953 -0.684833
v 0.854358 -1.42489 -0.657541
v 0.871268 -1.43447 -0.635607
v 0.871109 -1.47305 -0.595067
v 0.896968 -1.42925 -0.630522
v 1.00656 -1.44493 -0.545778
v 0.989724 -1.45741 -0.52637
v 1.01228 -1.44928 -0.512841
v 0.962274 -1.47305 -0.504878
v 0.968203 -1.47305 -0.474302
v 0.995557 -1.45942 -0.495165
v 1.0177 -1.44834 -0.482758
v 0.998059 -1.45799 -0.464638
v 0.978005 -1.46007 -0.414569
v 0.950199 -1.47305 -0.422461
v 0.99532 -1.4571 -0.439118
v 0.916499 -1.45595 -0.345034
v 0.937696 -1.45961 -0.367034
v 0.84995 -1.47305 -0.316137
v 0.864032 -1.47305 -0.336829
v 0.83653 -1.47305 -0.288635
v 0.876211 -1.43665 -0.279012
v 0.838425 -1.4493 -0.22968
v 0.897853 -1.43183 -0.302277
v 0.892199 -1.41336 -0.275313
v 0.927897 -1.41654 -0.308501
v 0.811102 -1.38793 -0.185282
v 0.79818 -1.40901 -0.175061
v 0.758896 -1.38413 -0.163362
v 0.73258 -1.38214 -0.148314
v 0.768735 -1.41017 -0.162787
v 0.737317 -1.40983 -0.156832
v 0.680984 -1.47305 -0.148656
v 0.726065 -1.44011 -0.15499
v 0.581281 -1.3925 -0.127818
v 0.588527 -1.41701 -0.131201
v 0.526549 -1.43682 -0.110381
v 0.556967 -1.47305 -0.117967
v 0.55727 -1.42705 -0.120555
v 0.426887 -1.41233 -0.0826011
v 0.440492 -1.4379 -0.0841426
v 0.450089 -1.41529 -0.0886978
v 0.355562 -1.42139 -0.0765737
v 0.357424 -1.47305 -0.0699796
v 0.342389 -1.39954 -0.0959572
v 0.32765 -1.42196 -0.0895973
v 0.31446 -1.40931 -0.106655
v 0.24412 -1.42395 -0.178578
v 0.261515 -1.4027 -0.17343
v 0.222515 -1.44002 -0.18001
v 0.212357 -1.47305 -0.172412
v 0.199132 -1.39009 -0.191769
v 0.168701 -1.37825 -0.19277
v 0.065471 -1.40547 -0.167897
v 0.01198 -1.40361 -0.297488
v 0.0360604 -1.44306 -0.3733
v 0.0663299 -1.41348 -0.412197
v 0.0427933 -1.42631 -0.418307
v -0.00700429 -1.4014 -0.500399
v -0.0318222 -1.40995 -0.512506
v -0.0326811 -1.4248 -0.60511
v -0.0111806 -1.41593 -0.617462
v 0.0603431 -1.39128 -0.63873
v 0.041515 -1.40556 -0.643024
v 0.083981 -1.42354 -0.674851
v 0.126166 -1.39674 -0.678817
v 0.302865 -1.39637 -0.848321
v 0.332721 -1.39955 -0.856888
v 0.436301 -1.40068 -0.861108
v 0.52228 -1.41945 -0.84154
v 0.63178 -1.42145 -0.826368
v 0.655796 -1.47305 -0.820367
v 0.602787 -1.41637 -0.830267
v 0.687877 -1.38942 -0.836677
v 0.753377 -1.38044 -0.826568
v 0.77329 -1.40067 -0.812344
v 0.824782 -1.37992 -0.779731
v 0.801029 -1.39061 -0.797611
v 0.862823 -1.39103 -0.705672
v 0.860767 -1.40492 -0.678084
v 0.931582 -1.39289 -0.643831
v 0.906487 -1.40764 -0.642262
v 0.971943 -1.44239 -0.590206
v 1.07276 -1.40768 -0.543511
v 1.07869 -1.40856 -0.516849
v 1.05438 -1.42344 -0.527476
v 1.0136 -1.4369 -0.388527
v 0.992763 -1.4361 -0.36105
v 0.966037 -1.44821 -0.363111
v 0.984946 -1.45055 -0.390629
v 0.943397 -1.44654 -0.34339
v 0.811467 -1.47305 -0.225649
v 0.779991 -1.3602 -0.164068
v 0.706079 -1.39993 -0.147565
v 0.682071 -1.41759 -0.147415
v 0.591608 -1.37312 -0.112723
v 0.56035 -1.37785 -0.118331
v 0.472441 -1.37732 -0.113952
v 0.418347 -1.37928 -0.0956275
v 0.446674 -1.38881 -0.0965501
v 0.389579 -1.37718 -0.0987163
v 0.372752 -1.39683 -0.084481
v 0.307453 -1.39316 -0.132173
v 0.267979 -1.4245 -0.147687
v 0.291836 -1.41777 -0.121536
v 0.221816 -1.37373 -0.200319
v 0.230387 -1.40158 -0.190725
v 0.140639 -1.37044 -0.199619
v 0.0936206 -1.39457 -0.174121
v 0.0204859 -1.388 -0.225857
v 0.0295356 -1.386 -0.281563
v 0.00760414 -1.39791 -0.268786
v 0.0271726 -1.42716 -0.347059
v 0.0718049 -1.40887 -0.379339
v 0.0917957 -1.39613 -0.399656
v 0.0467181 -1.38168 -0.48387
v 0.0358955 -1.40013 -0.4654
v 0.0201822 -1.39195 -0.490613
v 0.0100741 -1.38501 -0.517688
v -0.0427343 -1.41771 -0.578026
v -0.0580311 -1.42419 -0.558104
v -0.0159151 -1.40496 -0.591313
v -0.0198138 -1.39881 -0.562437
v 0.0397913 -1.38831 -0.618346
v 0.0161158 -1.40729 -0.628717
v 0.0840272 -1.38354 -0.649734
v 0.0992604 -1.40117 -0.66972
v 0.167602 -1.36691 -0.686371
v 0.181852 -1.38848 -0.70084
v 0.153286 -1.39254 -0.687794
v 0.186862 -1.40489 -0.725285
v 0.188505 -1.41865 -0.749068
v 0.191231 -1.43267 -0.774852
v 0.207189 -1.40725 -0.774763
v 0.226005 -1.42235 -0.82283
v 0.209129 -1.42493 -0.800819
v 0.247268 -1.40114 -0.82195
v 0.331449 -1.37903 -0.836028
v 0.389973 -1.37476 -0.854007
v 0.446004 -1.37922 -0.869986
v 0.480254 -1.39282 -0.862618
v 0.629302 -1.39973 -0.838623
v 0.722241 -1.38773 -0.833411
v 0.868576 -1.35887 -0.762224
v 0.897796 -1.36711 -0.676545
v 0.877958 -1.38875 -0.676536
v 0.880312 -1.37469 -0.700637
v 0.902131 -1.38707 -0.653469
v 0.984234 -1.39321 -0.632136
v 0.956796 -1.40707 -0.630124
v 1.00671 -1.40541 -0.613922
v 1.02825 -1.41247 -0.590008
v 1.00121 -1.42572 -0.594161
v 1.07647 -1.39867 -0.563115
v 1.08227 -1.41051 -0.468826
v 1.03839 -1.42447 -0.388579
v 1.029 -1.43669 -0.416537
v 0.951422 -1.4275 -0.320682
v 0.956287 -1.40415 -0.303272
v 0.848825 -1.4013 -0.2117
v 0.531861 -1.38403 -0.121718
v 0.556314 -1.40473 -0.124986
v 0.348774 -1.36746 -0.127401
v 0.330416 -1.38464 -0.118305
v 0.252998 -1.38278 -0.19358
v 0.114424 -1.3666 -0.207925
v 0.131844 -1.35252 -0.226418
v 0.0475915 -1.37338 -0.238831
v 0.0773289 -1.36195 -0.253318
v 0.0496854 -1.37774 -0.295616
v 0.0513195 -1.37245 -0.265555
v 0.0674955 -1.39467 -0.352003
v 0.0526355 -1.42007 -0.363956
v 0.111347 -1.37373 -0.391793
v 0.103902 -1.3814 -0.422855
v 0.0341486 -1.37415 -0.508368
v 0.0250411 -1.37425 -0.564841
v 0.0312159 -1.37958 -0.593328
v 0.00376622 -1.38916 -0.577134
v 0.070032 -1.37354 -0.626979
v 0.0918362 -1.35927 -0.645308
v 0.181561 -1.34016 -0.688634
v 0.149197 -1.34249 -0.678406
v 0.249639 -1.36648 -0.731385
v 0.20696 -1.38188 -0.716906
v 0.227596 -1.37785 -0.739741
v 0.289587 -1.36927 -0.800894
v 0.445829 -1.29845 -0.908253
v 0.461769 -1.32529 -0.899455
v 0.445938 -1.34932 -0.88377
v 0.500334 -1.35912 -0.883913
v 0.622797 -1.38118 -0.858724
v 0.703954 -1.36666 -0.847123
v 0.73674 -1.36121 -0.842621
v 0.811883 -1.36265 -0.801643
v 0.864642 -1.34235 -0.781941
v 0.940302 -1.29761 -0.693083
v 0.93321 -1.33671 -0.660993
v 0.925636 -1.32187 -0.690992
v 0.924814 -1.36317 -0.654033
v 1.05334 -1.39763 -0.589107
v 1.08835 -1.36454 -0.598097
v 1.09691 -1.37886 -0.568575
v 1.12604 -1.37733 -0.471002
v 1.1062 -1.39342 -0.469435
v 1.04304 -1.41013 -0.360856
v 1.08096 -1.40627 -0.414277
v 1.06221 -1.41066 -0.387996
v 1.00687 -1.40025 -0.311779
v 0.910689 -1.38612 -0.274391
v 0.931403 -1.39016 -0.295049
v 0.874777 -1.41811 -0.253842
v 0.834173 -1.37856 -0.200449
v 0.800922 -1.34475 -0.167004
v 0.673442 -1.39464 -0.134976
v 0.704096 -1.37975 -0.130311
v 0.570501 -1.3579 -0.0983432
v 0.545592 -1.3441 -0.0900629
v 0.537057 -1.3639 -0.108541
v 0.457034 -1.35568 -0.122059
v 0.485726 -1.35235 -0.114178
v 0.403819 -1.34119 -0.150646
v 0.383553 -1.35048 -0.141064
v 0.327983 -1.36717 -0.145827
v 0.301548 -1.37904 -0.155675
v 0.267906 -1.36761 -0.198482
v 0.241697 -1.35525 -0.205626
v 0.154941 -1.33255 -0.226811
v 0.134184 -1.33282 -0.250088
v 0.109516 -1.35047 -0.253526
v 0.0639352 -1.37954 -0.322058
v 0.044118 -1.40126 -0.336056
v 0.117206 -1.34323 -0.391167
v 0.0585991 -1.33213 -0.539935
v 0.0892794 -1.30412 -0.640379
v 0.11574 -1.34621 -0.662586
v 0.107784 -1.32064 -0.657112
v 0.215774 -1.33725 -0.696241
v 0.388415 -1.34679 -0.857834
v 0.413882 -1.3378 -0.876512
v 0.432479 -1.32154 -0.89261
v 0.533252 -1.36211 -0.882122
v 0.53858 -1.38474 -0.868438
v 0.505753 -1.37852 -0.873532
v 0.560449 -1.36905 -0.878868
v 0.58354 -1.35452 -0.883972
v 0.59154 -1.37738 -0.869159
v 0.66086 -1.33779 -0.869275
v 0.673923 -1.36551 -0.853959
v 0.691956 -1.34266 -0.86173
v 0.745904 -1.33298 -0.855633
v 0.763026 -1.31007 -0.859378
v 0.777093 -1.32975 -0.843327
v 0.890374 -1.30372 -0.762084
v 0.889388 -1.34853 -0.735884
v 0.886461 -1.33322 -0.760347
v 0.941864 -1.27648 -0.711654
v 0.985114 -1.33752 -0.652781
v 1.0114 -1.35278 -0.646798
v 1.04192 -1.36182 -0.633225
v 1.13293 -1.33943 -0.568837
v 1.14468 -1.35112 -0.512831
v 1.13069 -1.36993 -0.497885
v 1.04914 -1.39198 -0.337204
v 0.956452 -1.37588 -0.290746
v 0.954346 -1.34578 -0.283779
v 0.929786 -1.36463 -0.279261
v 0.886282 -1.36774 -0.232353
v 0.890221 -1.39073 -0.25241
v 0.899985 -1.32093 -0.219801
v 0.875372 -1.34359 -0.214733
v 0.744683 -1.31447 -0.111263
v 0.724681 -1.33714 -0.111375
v 0.749557 -1.33852 -0.129507
v 0.703211 -1.35716 -0.112061
v 0.63701 -1.35625 -0.0940339
v 0.620931 -1.37398 -0.111199
v 0.578011 -1.33926 -0.0803018
v 0.51367 -1.34781 -0.10208
v 0.354837 -1.35399 -0.146238
v 0.309922 -1.36085 -0.169809
v 0.318292 -1.34309 -0.192495
v 0.296567 -1.33459 -0.215945
v 0.271649 -1.3142 -0.215303
v 0.208293 -1.31145 -0.206453
v 0.110121 -1.32948 -0.361953
v 0.0540931 -1.3412 -0.568884
v 0.0752523 -1.31896 -0.618687
v 0.081352 -1.24327 -0.649281
v 0.195915 -1.28472 -0.699486
v 0.215457 -1.30456 -0.696858
v 0.190533 -1.31364 -0.69424
v 0.231254 -1.3659 -0.706791
v 0.263915 -1.3571 -0.71586
v 0.305703 -1.35375 -0.787306
v 0.329671 -1.3377 -0.803243
v 0.328412 -1.30932 -0.796076
v 0.383855 -1.31865 -0.865655
v 0.403423 -1.26953 -0.901382
v 0.429464 -1.26793 -0.915328
v 0.462571 -1.28024 -0.920435
v 0.580507 -1.32518 -0.891438
v 0.63383 -1.33592 -0.87887
v 0.665774 -1.26094 -0.888497
v 0.674347 -1.29092 -0.881847
v 0.714197 -1.32168 -0.868158
v 0.736593 -1.30239 -0.868469
v 0.869368 -1.31543 -0.783012
v 0.941196 -1.24825 -0.728544
v 0.92406 -1.27424 -0.736044
v 0.976081 -1.27374 -0.655597
v 1.14468 -1.30811 -0.577059
v 1.12496 -1.32308 -0.594809
v 1.15789 -1.3295 -0.521638
v 1.13954 -1.34797 -0.539927
v 1.08628 -1.32755 -0.625052
v 1.10213 -1.33901 -0.607821
v 1.14221 -1.35765 -0.421064
v 1.12074 -1.38073 -0.437238
v 1.14185 -1.36155 -0.451632
v 1.12512 -1.371 -0.405969
v 1.10855 -1.35153 -0.346136
v 1.068 -1.34433 -0.301273
v 1.08205 -1.36045 -0.328533
v 0.984029 -1.36177 -0.283553
v 0.950821 -1.31796 -0.273413
v 0.926477 -1.32107 -0.244234
v 0.904462 -1.34438 -0.236167
v 0.899346 -1.29099 -0.202939
v 0.857201 -1.3031 -0.18095
v 0.877226 -1.31419 -0.201314
v 0.823024 -1.29763 -0.146027
v 0.794507 -1.31033 -0.134102
v 0.811117 -1.32377 -0.155846
v 0.768885 -1.29128 -0.118282
v 0.74029 -1.29046 -0.0982883
v 0.689582 -1.30898 -0.0791247
v 0.668 -1.33529 -0.0837204
v 0.639926 -1.33155 -0.0780951
v 0.489224 -1.32708 -0.100457
v 0.418002 -1.31784 -0.139233
v 0.371877 -1.3371 -0.169789
v 0.34975 -1.33197 -0.192443
v 0.304783 -1.30444 -0.222054
v 0.229233 -1.25461 -0.196351
v 0.248935 -1.27222 -0.203373
v 0.187548 -1.2865 -0.209004
v 0.117296 -1.30825 -0.297392
v 0.109455 -1.31257 -0.331012
v 0.100449 -1.34486 -0.337666
v 0.1136 -1.29716 -0.419586
v 0.117001 -1.31359 -0.391352
v 0.122936 -1.32421 -0.419501
v 0.0904768 -1.29638 -0.47523
v 0.0806636 -1.31367 -0.497853
v 0.0974586 -1.32412 -0.472062
v 0.0665411 -1.30642 -0.530143
v 0.0606584 -1.29123 -0.562095
v 0.0591545 -1.31747 -0.565398
v 0.0742806 -1.29057 -0.616773
v 0.0641695 -1.30559 -0.592283
v 0.0603345 -1.23524 -0.628622
v 0.0737426 -1.26228 -0.62271
v 0.121906 -1.21999 -0.695702
v 0.146047 -1.24181 -0.700492
v 0.119578 -1.24696 -0.685212
v 0.171305 -1.26284 -0.701715
v 0.241963 -1.28816 -0.695531
v 0.241163 -1.31538 -0.694827
v 0.292979 -1.34641 -0.729356
v 0.342624 -1.31483 -0.825473
v 0.366862 -1.28696 -0.865194
v 0.448965 -1.25587 -0.927249
v 0.387353 -1.22204 -0.913046
v 0.375372 -1.26586 -0.883189
v 0.388136 -1.24651 -0.902883
v 0.529275 -1.32027 -0.903128
v 0.495196 -1.32177 -0.903481
v 0.604411 -1.33844 -0.884518
v 0.639805 -1.24832 -0.901266
v 0.698193 -1.26881 -0.880527
v 0.707299 -1.29472 -0.876502
v 0.763214 -1.25498 -0.864445
v 0.759934 -1.28312 -0.865604
v 0.81665 -1.23161 -0.84389
v 0.836019 -1.252 -0.832746
v 0.817268 -1.26473 -0.843821
v 0.86494 -1.27271 -0.804613
v 0.87908 -1.28816 -0.781997
v 0.857412 -1.24926 -0.815652
v 0.842595 -1.28052 -0.82646
v 0.957927 -1.2264 -0.715661
v 0.939382 -1.21923 -0.741564
v 0.902675 -1.27212 -0.76173
v 1.00322 -1.19505 -0.655742
v 0.99165 -1.24587 -0.648588
v 0.990716 -1.21865 -0.668559
v 1.05156 -1.29927 -0.643782
v 1.15254 -1.2778 -0.578066
v 1.1615 -1.29429 -0.556406
v 1.17562 -1.28104 -0.532766
v 1.16841 -1.30609 -0.527733
v 1.07916 -1.30261 -0.634394
v 1.18616 -1.28843 -0.478183
v 1.17173 -1.31967 -0.439981
v 1.0917 -1.32301 -0.305042
v 1.01282 -1.34511 -0.279669
v 0.962534 -1.28845 -0.270012
v 0.98787 -1.27405 -0.284267
v 0.983983 -1.32999 -0.280169
v 0.942818 -1.29936 -0.248751
v 0.895172 -1.2638 -0.18772
v 0.802952 -1.2846 -0.124951
v 0.78465 -1.26408 -0.11777
v 0.71122 -1.28893 -0.0812591
v 0.660091 -1.30829 -0.0727387
v 0.546671 -1.32017 -0.0774877
v 0.468821 -1.30725 -0.101577
v 0.439999 -1.31551 -0.118487
v 0.404609 -1.29465 -0.149269
v 0.372014 -1.31117 -0.193025
v 0.299309 -1.27276 -0.218433
v 0.328227 -1.27854 -0.224124
v 0.274919 -1.26258 -0.208888
v 0.259179 -1.23913 -0.198312
v 0.201833 -1.20767 -0.193459
v 0.203067 -1.15283 -0.186367
v 0.208149 -1.23495 -0.194254
v 0.182205 -1.23253 -0.20451
v 0.136257 -1.23091 -0.244954
v 0.115494 -1.22882 -0.266677
v 0.148063 -1.25749 -0.236118
v 0.128619 -1.25669 -0.263903
v 0.105641 -1.28779 -0.391442
v 0.114028 -1.30842 -0.450637
v 0.130641 -1.19223 -0.711434
v 0.104677 -1.20046 -0.696165
v 0.174179 -1.2139 -0.718814
v 0.201661 -1.2538 -0.705811
v 0.28449 -1.34037 -0.700735
v 0.314317 -1.32493 -0.745458
v 0.31737 -1.30329 -0.763454
v 0.316872 -1.25332 -0.780017
v 0.323514 -1.28059 -0.787438
v 0.337774 -1.23704 -0.852416
v 0.353366 -1.25806 -0.865171
v 0.447021 -1.21075 -0.943477
v 0.388853 -1.19474 -0.92613
v 0.362113 -1.20665 -0.896925
v 0.509164 -1.29894 -0.911929
v 0.5401 -1.29599 -0.909225
v 0.614918 -1.31499 -0.886305
v 0.621604 -1.26864 -0.900022
v 0.663325 -1.2044 -0.904248
v 0.659265 -1.23011 -0.898903
v 0.731524 -1.26857 -0.872591
v 0.791586 -1.24327 -0.855064
v 0.843125 -1.22506 -0.827351
v 0.938101 -1.19009 -0.749221
v 0.938234 -1.15794 -0.751372
v 0.959385 -1.1666 -0.729993
v 0.977993 -1.20453 -0.697379
v 0.977154 -1.1754 -0.707329
v 0.901049 -1.1932 -0.7799
v 0.891621 -1.21735 -0.78523
v 1.00731 -1.16109 -0.661704
v 0.993423 -1.18601 -0.680167
v 1.0052 -1.22059 -0.63874
v 1.00136 -1.27603 -0.641228
v 1.12141 -1.26002 -0.612204
v 1.14256 -1.25736 -0.594697
v 1.19261 -1.2591 -0.489567
v 1.1819 -1.28511 -0.506848
v 1.10169 -1.28301 -0.624261
v 1.16191 -1.32903 -0.410841
v 1.13585 -1.30633 -0.3366
v 1.13328 -1.33526 -0.358047
v 1.04273 -1.32914 -0.280366
v 0.955365 -1.27168 -0.246805
v 1.03016 -1.23463 -0.302355
v 1.00125 -1.22413 -0.287443
v 1.01751 -1.28381 -0.281789
v 0.944282 -1.25271 -0.222603
v 0.937095 -1.27797 -0.227254
v 0.909949 -1.244 -0.192947
v 0.919958 -1.26727 -0.207043
v 0.848171 -1.24988 -0.152335
v 0.870305 -1.25687 -0.168861
v 0.828614 -1.26978 -0.139019
v 0.810515 -1.25783 -0.124931
v 0.799979 -1.23347 -0.121799
v 0.750045 -1.23944 -0.0945024
v 0.731246 -1.26685 -0.0901815
v 0.424406 -1.29164 -0.124347
v 0.384896 -1.29138 -0.176912
v 0.369759 -1.27537 -0.197218
v 0.350411 -1.25431 -0.216379
v 0.289985 -1.24072 -0.209501
v 0.235679 -1.19512 -0.186503
v 0.211747 -1.17943 -0.188357
v 0.170336 -1.15138 -0.192701
v 0.128518 -1.17831 -0.224758
v 0.118031 -1.20239 -0.244809
v 0.145995 -1.2041 -0.226577
v 0.108278 -1.28349 -0.339966
v 0.0983262 -1.22657 -0.283851
v 0.0923018 -1.28567 -0.445522
v 0.0680277 -1.27913 -0.468072
v 0.0730427 -1.28735 -0.503844
v 0.0539832 -1.26661 -0.569439
v 0.0342788 -1.2211 -0.636642
v 0.0317712 -1.2351 -0.611173
v 0.162389 -1.1578 -0.738777
v 0.0466313 -1.15533 -0.727785
v 0.0620958 -1.17874 -0.705131
v 0.185457 -1.17482 -0.738891
v 0.158943 -1.18675 -0.725586
v 0.223915 -1.2692 -0.700499
v 0.3063 -1.32346 -0.71844
v 0.311297 -1.27611 -0.755609
v 0.315717 -1.2039 -0.816235
v 0.319484 -1.23014 -0.798947
v 0.408795 -1.17583 -0.946477
v 0.435171 -1.1819 -0.952053
v 0.47959 -1.21328 -0.941404
v 0.519111 -1.24933 -0.92554
v 0.490507 -1.24108 -0.932016
v 0.32239 -1.1772 -0.85969
v 0.333789 -1.16741 -0.883665
v 0.340885 -1.19726 -0.877158
v 0.550715 -1.2538 -0.919076
v 0.528463 -1.27421 -0.916554
v 0.608647 -1.24387 -0.910833
v 0.592945 -1.2713 -0.905118
v 0.713073 -1.24425 -0.879056
v 0.688132 -1.22089 -0.891771
v 0.744004 -1.20711 -0.878181
v 0.740513 -1.23693 -0.872866
v 0.784312 -1.18924 -0.866469
v 0.812525 -1.18646 -0.852569
v 0.799629 -1.21297 -0.855153
v 0.86691 -1.21956 -0.805748
v 0.919192 -1.17993 -0.766756
v 1.00014 -1.1022 -0.674696
v 1.01742 -1.10524 -0.648807
v 1.00571 -1.13237 -0.668099
v 1.03138 -1.16621 -0.603632
v 1.02407 -1.22285 -0.613736
v 1.01402 -1.24906 -0.628792
v 1.07242 -1.24005 -0.6188
v 1.16441 -1.2485 -0.566316
v 1.19397 -1.23113 -0.501868
v 1.12916 -1.2317 -0.600281
v 1.1895 -1.2709 -0.42842
v 1.18017 -1.27669 -0.398827
v 1.17888 -1.29918 -0.420066
v 1.13157 -1.28001 -0.321389
v 1.07025 -1.27849 -0.285881
v 1.04389 -1.29697 -0.278142
v 0.970736 -1.21276 -0.242117
v 0.962592 -1.24208 -0.24159
v 0.950104 -1.22282 -0.220356
v 0.934283 -1.20394 -0.204296
v 0.911606 -1.21372 -0.190251
v 0.861076 -1.19572 -0.158825
v 0.825826 -1.23929 -0.134889
v 0.733745 -1.21671 -0.0812649
v 0.702837 -1.26245 -0.0768311
v 0.654362 -1.26127 -0.058567
v 0.643282 -1.28425 -0.0650715
v 0.562048 -1.26758 -0.0599379
v 0.582324 -1.29023 -0.063423
v 0.453051 -1.25672 -0.0901005
v 0.479513 -1.25249 -0.0757784
v 0.448366 -1.28669 -0.102149
v 0.402697 -1.24281 -0.14343
v 0.386112 -1.23987 -0.168129
v 0.381587 -1.26402 -0.179403
v 0.374684 -1.21649 -0.177537
v 0.368179 -1.24327 -0.19443
v 0.289114 -1.16148 -0.193751
v 0.281136 -1.21293 -0.199124
v 0.256511 -1.21066 -0.190731
v 0.234544 -1.16427 -0.184374
v 0.182542 -1.12536 -0.183703
v 0.154293 -1.12976 -0.188767
v 0.108834 -1.15741 -0.214814
v 0.0975742 -1.18367 -0.235094
v 0.0695229 -1.18594 -0.243988
v 0.0916829 -1.20508 -0.259692
v 0.100947 -1.25842 -0.322532
v 0.0674868 -1.27667 -0.433616
v 0.0865955 -1.28058 -0.413852
v 0.0506687 -1.27292 -0.501232
v 0.0318088 -1.24936 -0.580717
v 0.034192 -1.25907 -0.551014
v 0.00443431 -1.22227 -0.621649
v 0.006482 -1.25209 -0.535468
v 0.0088738 -1.24734 -0.562094
v 0.140595 -1.13888 -0.742065
v 0.0220679 -1.16 -0.713889
v 0.0385997 -1.207 -0.659465
v 0.0354212 -1.17656 -0.699099
v 0.0389757 -1.12727 -0.748908
v 0.0693205 -1.13678 -0.744058
v 0.21753 -1.16701 -0.74361
v 0.222632 -1.21313 -0.722644
v 0.233716 -1.24079 -0.7101
v 0.292583 -1.23515 -0.729873
v 0.284508 -1.25349 -0.709939
v 0.309277 -1.29658 -0.730163
v 0.425537 -1.11438 -0.961678
v 0.426137 -1.14958 -0.958196
v 0.50183 -1.19172 -0.941464
v 0.335631 -1.1449 -0.899924
v 0.358584 -1.15229 -0.92023
v 0.594495 -1.22279 -0.91962
v 0.578119 -1.25086 -0.915024
v 0.606487 -1.1977 -0.920071
v 0.68128 -1.17502 -0.898628
v 0.654861 -1.17688 -0.906605
v 0.730486 -1.18387 -0.885902
v 0.846468 -1.15056 -0.835197
v 0.868342 -1.16749 -0.814719
v 0.841129 -1.17596 -0.83611
v 0.91877 -1.14862 -0.770338
v 0.89377 -1.16673 -0.790199
v 0.968397 -1.11472 -0.71425
v 0.953386 -1.13742 -0.73491
v 1.02697 -1.0797 -0.628769
v 1.04106 -1.1098 -0.594268
v 1.03104 -1.10801 -0.622604
v 1.07256 -1.1678 -0.569407
v 1.03394 -1.19606 -0.597115
v 1.04454 -1.16923 -0.580369
v 1.04875 -1.08382 -0.575787
v 1.05268 -1.21845 -0.606097
v 1.08917 -1.185 -0.583499
v 1.08075 -1.21199 -0.602626
v 1.16945 -1.1876 -0.548781
v 1.18036 -1.2056 -0.535835
v 1.15049 -1.22954 -0.582688
v 1.19914 -1.23559 -0.469896
v 1.13441 -1.20423 -0.585081
v 1.19746 -1.23973 -0.438333
v 1.16794 -1.28233 -0.370364
v 1.14792 -1.25537 -0.330729
v 1.10599 -1.23723 -0.303425
v 1.12559 -1.25585 -0.313361
v 0.956591 -1.19356 -0.222563
v 1.04344 -1.20888 -0.317321
v 1.01567 -1.20563 -0.309354
v 1.0879 -1.2175 -0.307142
v 1.05907 -1.23057 -0.299599
v 0.915487 -1.18268 -0.191405
v 0.875598 -1.17392 -0.167079
v 0.842416 -1.21826 -0.147418
v 0.815493 -1.18336 -0.123057
v 0.791696 -1.20592 -0.110754
v 0.817138 -1.21082 -0.130438
v 0.772934 -1.18589 -0.0935509
v 0.762545 -1.20778 -0.0924374
v 0.71429 -1.17487 -0.0641865
v 0.714423 -1.20355 -0.0671713
v 0.685488 -1.21858 -0.0532252
v 0.679749 -1.24782 -0.0607738
v 0.57243 -1.24117 -0.0510821
v 0.489216 -1.22565 -0.0635907
v 0.458818 -1.22895 -0.0777162
v 0.433374 -1.22968 -0.0974698
v 0.430531 -1.26347 -0.109206
v 0.418291 -1.2438 -0.119841
v 0.364468 -1.16744 -0.171773
v 0.358954 -1.19057 -0.190026
v 0.304648 -1.13253 -0.196753
v 0.210052 -1.12117 -0.181109
v 0.233293 -1.13268 -0.18152
v 0.195544 -1.09534 -0.178413
v 0.0670472 -1.13842 -0.204264
v 0.0450406 -1.14733 -0.214233
v 0.0831191 -1.2682 -0.381974
v 0.0753825 -1.2185 -0.28521
v 0.0731526 -1.24416 -0.336354
v 0.0205843 -1.26225 -0.437147
v 0.0465387 -1.27164 -0.449949
v 0.0181259 -1.26251 -0.461602
v 0.0437449 -1.27067 -0.474524
v 0.0102332 -1.20616 -0.648719
v -0.0399434 -1.22283 -0.581693
v -0.0153396 -1.24244 -0.55085
v 0.118875 -1.12166 -0.751942
v 0.106063 -1.14723 -0.736037
v 0.0174809 -1.14092 -0.7324
v -0.0201898 -1.16039 -0.686993
v -0.00211938 -1.15142 -0.710525
v 0.00793673 -1.11585 -0.747446
v 0.0303425 -1.10012 -0.761407
v 0.171738 -1.13267 -0.75145
v 0.212165 -1.18824 -0.734634
v 0.280388 -1.2091 -0.73219
v 0.288976 -1.18998 -0.756729
v 0.292205 -1.16984 -0.779256
v 0.291523 -1.14707 -0.80022
v 0.303924 -1.17936 -0.803921
v 0.300589 -1.1556 -0.822497
v 0.404156 -1.0896 -0.961111
v 0.378043 -1.10001 -0.949826
v 0.451027 -1.13047 -0.959734
v 0.489348 -1.16404 -0.950959
v 0.458471 -1.1598 -0.955928
v 0.571702 -1.1999 -0.926011
v 0.536412 -1.20019 -0.932551
v 0.302243 -1.09736 -0.873341
v 0.314708 -1.08911 -0.901107
v 0.331464 -1.11221 -0.912077
v 0.315505 -1.11957 -0.887321
v 0.637373 -1.15882 -0.915608
v 0.77163 -1.16035 -0.875318
v 0.825699 -1.12894 -0.848324
v 0.866965 -1.13859 -0.819979
v 0.936163 -1.12582 -0.75387
v 0.918449 -1.11424 -0.775621
v 0.969776 -1.08169 -0.717867
v 0.950746 -1.10464 -0.736505
v 0.988778 -1.05798 -0.702816
v 1.01362 -1.07697 -0.657854
v 0.999037 -1.07742 -0.680483
v 1.05046 -1.02808 -0.559917
v 1.05471 -1.05955 -0.554266
v 1.11705 -1.18094 -0.575673
v 1.10039 -1.16125 -0.561419
v 1.18981 -1.20417 -0.511374
v 1.19606 -1.18408 -0.458517
v 1.19393 -1.21785 -0.416132
v 1.18425 -1.22279 -0.387519
v 1.18903 -1.24722 -0.407115
v 1.17859 -1.25439 -0.382002
v 1.15997 -1.22822 -0.342165
v 0.962034 -1.16499 -0.227048
v 1.06139 -1.18435 -0.332685
v 1.00365 -1.16785 -0.283111
v 0.74405 -1.10247 -0.066911
v 0.733155 -1.12861 -0.0635763
v 0.760564 -1.16161 -0.0815454
v 0.655848 -1.22957 -0.0472933
v 0.604549 -1.23884 -0.0460814
v 0.534763 -1.19277 -0.0483894
v 0.38347 -1.16989 -0.141662
v 0.398651 -1.19401 -0.130577
v 0.372425 -1.12865 -0.133064
v 0.34585 -1.16545 -0.196773
v 0.256653 -1.11599 -0.181158
v 0.230908 -1.09856 -0.177997
v 0.176953 -1.0722 -0.176693
v 0.211207 -1.07101 -0.176479
v 0.0734534 -1.11473 -0.187804
v 0.0426661 -1.16886 -0.234105
v 0.0583215 -1.25198 -0.366404
v 0.0408759 -1.18576 -0.252413
v -0.0268794 -1.24602 -0.495164
v -0.00382579 -1.25483 -0.475698
v -0.0113483 -1.18251 -0.665109
v -0.0382312 -1.16398 -0.668385
v -0.0642493 -1.21461 -0.562574
v -0.050173 -1.23606 -0.516994
v -0.021685 -1.24504 -0.525976
v 0.0955555 -1.10244 -0.764984
v 0.0887097 -1.12552 -0.751281
v -0.0500111 -1.13994 -0.688277
v 0.187292 -1.07724 -0.773994
v 0.215079 -1.07196 -0.776237
v 0.255566 -1.13504 -0.758297
v 0.247117 -1.16193 -0.7448
v 0.278465 -1.13701 -0.775386
v 0.275021 -1.16152 -0.755652
v 0.388155 -1.03634 -0.956151
v 0.460854 -1.07529 -0.962441
v 0.474031 -1.10465 -0.958881
v 0.539122 -1.14634 -0.942937
v 0.550886 -1.17485 -0.93153
v 0.293143 -1.09898 -0.848017
v 0.320586 -1.05838 -0.909668
v 0.334083 -1.08235 -0.922816
v 0.61709 -1.13611 -0.925875
v 0.690962 -1.14978 -0.904919
v 0.764978 -1.13179 -0.877596
v 0.807927 -1.10792 -0.854854
v 0.797217 -1.13755 -0.863889
v 0.841389 -1.07122 -0.834301
v 0.860744 -1.09078 -0.823708
v 0.912607 -1.08343 -0.783513
v 0.943524 -1.03154 -0.759587
v 0.972047 -1.05568 -0.725812
v 1.04109 -1.02274 -0.593353
v 1.05779 -1.03433 -0.531286
v 1.10908 -1.14322 -0.535145
v 1.06323 -1.09509 -0.510816
v 1.06202 -1.11983 -0.531076
v 1.05775 -1.09137 -0.544467
v 1.15724 -1.16232 -0.540037
v 1.13906 -1.14422 -0.523795
v 1.17331 -1.23229 -0.362798
v 1.11596 -1.20571 -0.31914
v 1.14502 -1.20449 -0.336052
v 0.998484 -1.10169 -0.269028
v 0.967625 -1.11392 -0.230299
v 0.986736 -1.12071 -0.252549
v 1.12364 -1.18047 -0.338541
v 1.10991 -1.16295 -0.352759
v 1.0037 -1.07619 -0.276927
v 1.00617 -1.12496 -0.282283
v 0.949618 -1.09313 -0.208596
v 0.9446 -1.12157 -0.207977
v 0.907912 -1.10069 -0.174286
v 0.79676 -1.11687 -0.0939327
v 0.819218 -1.12176 -0.11213
v 0.755309 -1.12886 -0.0739737
v 0.78004 -1.13371 -0.0881946
v 0.634746 -1.1835 -0.0450229
v 0.583513 -1.16583 -0.0394063
v 0.56743 -1.189 -0.0424662
v 0.546869 -1.16393 -0.0418299
v 0.49454 -1.14902 -0.0532396
v 0.421014 -1.17522 -0.0878215
v 0.4021 -1.17205 -0.11207
v 0.354516 -1.11766 -0.155958
v 0.324507 -1.07791 -0.178341
v 0.114216 -1.08728 -0.170897
v 0.0836541 -1.08953 -0.172779
v 0.0201389 -1.13065 -0.20761
v 0.0215358 -1.10276 -0.188206
v -0.00469344 -1.13388 -0.220853
v -0.00209626 -1.23136 -0.360736
v 0.027592 -1.24096 -0.362667
v 0.0134175 -1.22718 -0.339982
v -0.0277268 -1.19903 -0.312685
v 0.018525 -1.20615 -0.292684
v 0.00753762 -1.24523 -0.388355
v -0.0350643 -1.24188 -0.432571
v -0.0928733 -1.17482 -0.599218
v -0.0708435 -1.18771 -0.606739
v -0.0917569 -1.20669 -0.514516
v 0.139959 -1.07326 -0.776112
v 0.128226 -1.09647 -0.765439
v 0.159554 -1.08669 -0.769231
v -0.0267666 -1.08001 -0.750544
v -0.0486546 -1.08369 -0.738065
v -0.0697907 -1.11515 -0.700363
v -0.0798469 -1.1309 -0.675136
v -0.0144661 -1.05729 -0.761653
v 0.0183255 -1.0682 -0.767811
v 0.258924 -1.0558 -0.790599
v 0.244268 -1.08227 -0.774081
v 0.264269 -1.10971 -0.771757
v 0.235405 -1.1123 -0.763202
v 0.264994 -1.1845 -0.736777
v 0.272108 -1.08557 -0.790228
v 0.276983 -1.06197 -0.813019
v 0.343307 -1.02641 -0.930408
v 0.441122 -1.04931 -0.966109
v 0.546218 -1.06678 -0.952929
v 0.522588 -1.08999 -0.954713
v 0.530797 -1.11931 -0.952038
v 0.590043 -1.12665 -0.934442
v 0.656868 -1.10257 -0.922318
v 0.683096 -1.12384 -0.913644
v 0.649287 -1.13244 -0.920725
v 0.708472 -1.10805 -0.904855
v 0.724953 -1.09284 -0.895999
v 0.745829 -1.08176 -0.883952
v 0.738181 -1.11789 -0.889168
v 0.814376 -1.07687 -0.849019
v 0.864362 -1.06713 -0.819026
v 0.916436 -0.997843 -0.77772
v 0.919533 -1.02928 -0.776881
v 0.936282 -1.00839 -0.765306
v 0.957603 -1.00023 -0.748216
v 1.0368 -0.997328 -0.614798
v 1.03124 -1.02391 -0.628465
v 1.04657 -0.941798 -0.554784
v 1.05135 -0.971909 -0.54343
v 1.07262 -1.11976 -0.463876
v 1.09465 -1.12532 -0.487316
v 1.0666 -1.12032 -0.49906
v 1.05736 -1.00965 -0.51073
v 1.05989 -1.04132 -0.50025
v 1.16804 -1.15316 -0.511
v 1.1872 -1.16044 -0.465252
v 1.1655 -1.1748 -0.377308
v 1.18367 -1.19647 -0.394574
v 1.16906 -1.20447 -0.36336
v 1.13918 -1.16049 -0.360318
v 1.15174 -1.18294 -0.35259
v 0.969678 -1.07879 -0.22896
v 1.07942 -1.1659 -0.351638
v 1.05341 -1.09636 -0.386662
v 1.05344 -1.12664 -0.382941
v 1.03617 -1.06166 -0.338247
v 1.00906 -1.05194 -0.284721
v 1.02216 -1.07246 -0.30956
v 0.931114 -1.07674 -0.186769
v 0.848455 -1.08732 -0.125171
v 0.768414 -1.04895 -0.0790726
v 0.756368 -1.0762 -0.0718827
v 0.706387 -1.14523 -0.0585236
v 0.715922 -1.11035 -0.0560335
v 0.661023 -1.17468 -0.0505904
v 0.523335 -1.14207 -0.0412747
v 0.461828 -1.15142 -0.0589459
v 0.373151 -1.0947 -0.103746
v 0.35639 -1.08286 -0.123873
v 0.342891 -1.08726 -0.15206
v 0.361853 -1.10364 -0.131329
v 0.294997 -1.07698 -0.187229
v 0.280594 -1.01974 -0.177225
v 0.124142 -1.0587 -0.166249
v 0.0910466 -1.06226 -0.1634
v 0.0378332 -1.04679 -0.167296
v 0.00010757 -1.08374 -0.185511
v 0.00010757 -1.21032 -0.312093
v -0.0364265 -1.18096 -0.288802
v -0.0227985 -1.23363 -0.382779
v -0.0813045 -1.2125 -0.416754
v -0.0638415 -1.22799 -0.42976
v -0.135235 -1.13713 -0.601339
v -0.118755 -1.13398 -0.632453
v -0.105969 -1.15369 -0.618368
v -0.0741319 -1.22368 -0.498929
v -0.115534 -1.17545 -0.548206
v 0.0377754 -1.04495 -0.778653
v 0.0958736 -1.05319 -0.788018
v 0.12979 -1.05327 -0.786588
v -0.0850383 -1.08656 -0.708492
v -0.0485852 -1.05902 -0.74833
v 0.00957662 -1.03703 -0.770823
v 0.243137 -1.02764 -0.798361
v 0.344375 -0.998607 -0.920696
v 0.367567 -1.01427 -0.943104
v 0.449241 -0.982295 -0.954447
v 0.442076 -1.01172 -0.963749
v 0.533209 -1.03887 -0.955717
v 0.503672 -1.04362 -0.95972
v 0.57384 -1.071 -0.946494
v 0.552103 -1.09619 -0.950031
v 0.29872 -1.03878 -0.867155
v 0.292503 -1.068 -0.858772
v 0.312121 -1.03918 -0.890498
v 0.652889 -1.07338 -0.922523
v 0.676378 -1.06257 -0.914764
v 0.72649 -1.06247 -0.893691
v 0.821303 -1.04682 -0.843387
v 0.794519 -1.05489 -0.857762
v 0.849664 -1.04296 -0.826768
v 0.864116 -1.02191 -0.813969
v 0.878149 -1.04637 -0.805878
v 0.895852 -0.984256 -0.789268
v 0.892329 -1.01829 -0.793535
v 0.941644 -0.977861 -0.759311
v 0.983069 -0.97269 -0.714701
v 1.0024 -0.974153 -0.689948
v 0.996957 -1.00037 -0.703009
v 1.0295 -0.940112 -0.619032
v 1.03976 -0.964959 -0.603828
v 1.03067 -0.972568 -0.633417
v 1.14354 -1.13527 -0.493986
v 1.06122 -1.07881 -0.446939
v 1.0643 -1.10428 -0.441976
v 1.05504 -1.02668 -0.429888
v 1.05814 -1.03412 -0.465019
v 1.16971 -1.14067 -0.448523
v 1.1637 -1.1415 -0.418701
v 1.15376 -1.14875 -0.388716
v 0.970687 -1.01734 -0.229706
v 0.954425 -1.03213 -0.209675
v 0.951801 -1.06299 -0.20687
v 1.07501 -1.13686 -0.401436
v 1.06141 -1.11587 -0.41178
v 1.03788 -1.03218 -0.342151
v 1.01133 -0.996336 -0.291608
v 1.00201 -1.02635 -0.272528
v 1.01543 -1.02588 -0.295715
v 0.914006 -1.04861 -0.169679
v 0.889923 -1.02446 -0.157743
v 0.868631 -1.04045 -0.134961
v 0.816684 -1.06312 -0.0971343
v 0.77292 -1.01812 -0.0883941
v 0.723674 -1.03254 -0.0624946
v 0.708728 -1.05052 -0.0547291
v 0.722851 -1.07952 -0.0587666
v 0.737601 -1.05663 -0.06589
v 0.608872 -1.11118 -0.0296567
v 0.576628 -1.12037 -0.0278491
v 0.598465 -1.13866 -0.0326762
v 0.527585 -1.10968 -0.0340124
v 0.502057 -1.11783 -0.0433513
v 0.475154 -1.12595 -0.0517299
v 0.44338 -1.1273 -0.0601779
v 0.430938 -1.09823 -0.0551716
v 0.392792 -1.11084 -0.0866357
v 0.321766 -1.03061 -0.16126
v 0.337215 -1.03446 -0.135716
v 0.306506 -1.04551 -0.182448
v 0.225642 -0.984982 -0.171785
v 0.156928 -1.04566 -0.169219
v 0.124781 -0.997808 -0.151262
v -0.031368 -1.09497 -0.203411
v -0.0404813 -1.14606 -0.247464
v -0.0470322 -1.20377 -0.340058
v -0.0491608 -1.21902 -0.373615
v -0.0857093 -1.19728 -0.390492
v -0.0886593 -1.21177 -0.445576
v -0.149147 -1.13095 -0.572136
v -0.159116 -1.11159 -0.598044
v -0.151807 -1.15166 -0.462645
v -0.137702 -1.16522 -0.489394
v -0.137361 -1.15279 -0.545072
v 0.147892 -0.978584 -0.801812
v 0.164196 -1.00377 -0.798781
v -0.102498 -1.05668 -0.710098
v -0.118058 -1.09667 -0.666523
v -0.110221 -1.07794 -0.69019
v -0.0620512 -1.00994 -0.75173
v -0.12611 -1.11176 -0.646742
v -0.0174162 -0.978092 -0.765598
v -0.00159879 -1.00554 -0.770043
v 0.394598 -0.975622 -0.940724
v 0.392306 -1.005 -0.950367
v 0.47178 -0.99614 -0.960301
v 0.461425 -1.02747 -0.965339
v 0.564891 -1.04077 -0.950141
v 0.623917 -1.05524 -0.930567
v 0.749346 -1.04846 -0.881422
v 0.849137 -1.00141 -0.820979
v 0.873354 -0.967955 -0.798685
v 0.962471 -0.973265 -0.73845
v 0.9184 -0.962937 -0.772306
v 1.00712 -0.95407 -0.674819
v 1.02959 -0.901666 -0.585432
v 1.05147 -1.01014 -0.402444
v 1.05269 -0.978165 -0.456596
v 1.13575 -1.12936 -0.408245
v 1.04003 -0.981849 -0.360825
v 1.03461 -0.92929 -0.37626
v 1.03216 -0.969396 -0.344649
v 1.03751 -1.00329 -0.346912
v 1.02018 -0.953995 -0.322892
v 1.02435 -0.986393 -0.31978
v 0.941953 -1.01063 -0.193618
v 0.935547 -1.04514 -0.188426
v 0.919846 -1.02072 -0.174503
v 0.845878 -1.02521 -0.118953
v 0.775164 -0.988539 -0.098297
v 0.750661 -0.997473 -0.0813083
v 0.68885 -1.07023 -0.0503821
v 0.585212 -1.09166 -0.0264349
v 0.508696 -1.08824 -0.0349755
v 0.405248 -1.09058 -0.0661734
v 0.392516 -1.06034 -0.0617484
v 0.380753 -1.07775 -0.0800357
v 0.352073 -1.0371 -0.110606
v 0.285515 -0.982075 -0.170541
v 0.27351 -0.947716 -0.162249
v 0.209137 -0.929504 -0.177638
v 0.206177 -1.01559 -0.174419
v 0.150597 -1.01294 -0.158067
v 0.0992922 -0.990483 -0.153046
v 0.0980775 -1.01831 -0.153509
v 0.0221807 -0.995986 -0.155906
v 0.0138513 -1.02726 -0.16292
v -0.0521484 -1.07128 -0.201432
v -0.0772699 -1.07356 -0.218253
v -0.0563623 -1.09959 -0.219639
v -0.0890614 -1.12532 -0.26233
v -0.103016 -1.1635 -0.339666
v -0.101906 -1.19201 -0.420743
v -0.107751 -1.19233 -0.450115
v -0.162818 -1.08796 -0.621422
v -0.14285 -1.15681 -0.430628
v -0.13155 -1.17072 -0.455037
v -0.171101 -1.1278 -0.467982
v -0.167787 -1.12897 -0.517383
v -0.154465 -1.13573 -0.54234
v -0.169522 -1.11832 -0.548245
v 0.0835414 -1.02586 -0.793785
v 0.0942627 -0.972511 -0.800624
v 0.124171 -0.954738 -0.801432
v 0.118904 -0.980947 -0.801315
v -0.136513 -1.02496 -0.69415
v -0.157569 -1.06444 -0.643779
v -0.145988 -1.04758 -0.668682
v -0.133919 -1.07003 -0.668238
v 0.0529565 -1.02111 -0.788665
v 0.21197 -0.973725 -0.806654
v 0.229177 -0.998147 -0.80429
v 0.258027 -1.00239 -0.813341
v 0.36377 -0.943184 -0.889949
v 0.36866 -0.985606 -0.933294
v 0.350172 -0.969659 -0.908384
v 0.403822 -0.951383 -0.929485
v 0.423426 -0.967455 -0.944944
v 0.479941 -0.966058 -0.947107
v 0.501175 -0.990879 -0.955925
v 0.608615 -1.03001 -0.938156
v 0.317458 -0.984825 -0.867708
v 0.299852 -1.01132 -0.85427
v 0.653451 -1.0452 -0.920646
v 0.723135 -1.03365 -0.892639
v 0.763436 -1.00027 -0.870713
v 0.807253 -0.997328 -0.844328
v 0.824004 -0.984169 -0.830865
v 0.98732 -0.943915 -0.69559
v 0.965421 -0.946452 -0.722369
v 0.941543 -0.949775 -0.749857
v 1.0012 -0.928468 -0.66587
v 1.01413 -0.919054 -0.637071
v 1.0195 -0.947189 -0.648302
v 1.01766 -0.885039 -0.606499
v 1.02486 -0.913964 -0.611043
v 1.01942 -0.853416 -0.561577
v 1.02856 -0.867657 -0.534657
v 1.02905 -0.882361 -0.562749
v 1.1159 -1.12209 -0.434233
v 1.04472 -0.915795 -0.470598
v 1.0485 -0.978312 -0.402099
v 0.966274 -0.965323 -0.225978
v 0.977519 -0.992394 -0.239517
v 1.04109 -0.959704 -0.374869
v 1.04617 -0.993577 -0.376956
v 1.01555 -0.926675 -0.325661
v 1.00076 -0.913822 -0.301522
v 0.973172 -0.915135 -0.253179
v 0.991303 -0.935881 -0.273592
v 1.00714 -0.943485 -0.299596
v 0.959576 -0.996912 -0.215604
v 0.927955 -0.960881 -0.184626
v 0.903158 -0.972233 -0.168282
v 0.925402 -0.989731 -0.180195
v 0.87847 -0.952361 -0.155383
v 0.862797 -0.97623 -0.138947
v 0.88269 -0.987272 -0.155608
v 0.825589 -1.00293 -0.112101
v 0.727878 -0.976319 -0.0690743
v 0.645 -1.03339 -0.0404156
v 0.630223 -1.06278 -0.0390187
v 0.614602 -1.086 -0.0306661
v 0.595959 -1.0622 -0.0296509
v 0.481547 -1.09541 -0.0412023
v 0.422452 -1.0727 -0.0491183
v 0.377693 -0.984024 -0.0824131
v 0.347048 -1.0099 -0.12269
v 0.363373 -1.01099 -0.0952515
v 0.243443 -0.930704 -0.169702
v 0.199857 -0.960817 -0.174992
v 0.170259 -0.964462 -0.166879
v 0.194491 -0.989259 -0.172189
v 0.144193 -0.977693 -0.156522
v -0.0277615 -0.981569 -0.162709
v -0.00840411 -1.00567 -0.160673
v -0.0695507 -1.04644 -0.20162
v -0.100705 -1.0771 -0.237547
v -0.106744 -1.10457 -0.261512
v -0.081883 -1.10082 -0.237538
v -0.0843124 -1.16556 -0.313927
v -0.0906116 -1.14595 -0.288111
v -0.109043 -1.14561 -0.312
v -0.117775 -1.16212 -0.36857
v -0.175928 -1.05421 -0.618735
v -0.139625 -1.14459 -0.376639
v -0.131131 -1.16037 -0.399606
v -0.185386 -1.09625 -0.547151
v 0.143091 -0.93567 -0.799366
v -0.154821 -1.02048 -0.670031
v -0.150199 -0.969627 -0.685399
v -0.131501 -0.996469 -0.705523
v -0.0831845 -0.936072 -0.738373
v -0.0649376 -0.957165 -0.747859
v -0.110449 -0.955597 -0.726994
v -0.0337801 -0.953194 -0.758699
v 0.0190282 -0.898514 -0.768824
v 0.024104 -0.930721 -0.773525
v 0.193014 -0.950492 -0.805603
v 0.324759 -0.956618 -0.850023
v 0.46767 -0.941035 -0.932548
v 0.588724 -0.985491 -0.934728
v 0.567324 -0.968285 -0.93459
v 0.249961 -0.937301 -0.814994
v 0.270051 -0.956352 -0.821248
v 0.635957 -1.02097 -0.925829
v 0.710618 -0.974364 -0.891846
v 0.715654 -1.00419 -0.893712
v 0.782825 -0.981774 -0.854689
v 0.849487 -0.95361 -0.80715
v 0.866895 -0.938524 -0.793974
v 0.967116 -0.892377 -0.689112
v 0.983529 -0.913481 -0.679378
v 0.900705 -0.902797 -0.756372
v 0.92515 -0.92293 -0.748091
v 0.991928 -0.86279 -0.64327
v 1.00534 -0.839542 -0.592228
v 1.00715 -0.826099 -0.562424
v 1.02771 -0.863244 -0.504233
v 1.03812 -0.89109 -0.512485
v 1.03749 -0.894219 -0.448229
v 1.03876 -0.921909 -0.400418
v 1.04447 -0.948838 -0.400815
v 0.976249 -0.942955 -0.246359
v 0.985938 -0.90311 -0.279906
v 1.00924 -0.896278 -0.330023
v 0.994076 -0.883015 -0.307298
v 0.90491 -0.942024 -0.172684
v 0.846277 -0.996724 -0.123693
v 0.776946 -0.96163 -0.108434
v 0.731862 -0.948314 -0.0821094
v 0.754086 -0.967779 -0.0891866
v 0.624037 -0.987417 -0.03853
v 0.649301 -1.00149 -0.0401149
v 0.589297 -1.01629 -0.0346486
v 0.553924 -1.02007 -0.0348251
v 0.515979 -1.0569 -0.0289337
v 0.455415 -1.07795 -0.0407425
v 0.466229 -1.04783 -0.0363348
v 0.41413 -1.04542 -0.0449275
v 0.381453 -0.93967 -0.112769
v 0.339509 -0.956392 -0.15431
v 0.357173 -0.960384 -0.126707
v 0.266283 -0.919369 -0.163267
v 0.295471 -0.924914 -0.156268
v 0.236279 -0.872869 -0.18034
v 0.252881 -0.895905 -0.171215
v 0.186139 -0.904573 -0.174821
v 0.146976 -0.948997 -0.161963
v 0.0924204 -0.944219 -0.158452
v -0.0198774 -0.950018 -0.1629
v -0.0553761 -0.98405 -0.176291
v -0.0865857 -1.01752 -0.201484
v -0.0630925 -1.01463 -0.187535
v -0.121989 -1.08222 -0.259588
v -0.150668 -1.09869 -0.310598
v -0.132392 -1.09751 -0.283061
v -0.147862 -1.11536 -0.333668
v -0.147619 -1.1261 -0.357209
v -0.128887 -1.14075 -0.3409
v -0.194597 -1.03453 -0.5962
v -0.161664 -1.12086 -0.388085
v -0.174369 -1.11216 -0.418166
v -0.207927 -1.06584 -0.440061
v -0.190126 -1.1004 -0.473655
v -0.179561 -1.11641 -0.494191
v 0.0543708 -0.935543 -0.792127
v 0.118681 -0.926172 -0.798982
v -0.10701 -0.92328 -0.723747
v -0.0558388 -0.925591 -0.747376
v -0.131952 -0.912521 -0.704594
v -0.0240971 -0.930311 -0.759077
v -0.00188802 -0.915965 -0.765471
v 0.0385187 -0.882911 -0.773252
v 0.222702 -0.944242 -0.810623
v 0.394073 -0.901707 -0.842713
v 0.395505 -0.926418 -0.887236
v 0.34792 -0.937894 -0.862911
v 0.46053 -0.908478 -0.889975
v 0.448293 -0.924124 -0.910775
v 0.528464 -0.936671 -0.927938
v 0.562547 -0.945197 -0.926561
v 0.589544 -0.956123 -0.925037
v 0.637633 -0.993754 -0.918761
v 0.297589 -0.905542 -0.81583
v 0.313679 -0.933466 -0.825624
v 0.282205 -0.932173 -0.819477
v 0.339036 -0.928118 -0.837571
v 0.66153 -1.0117 -0.91531
v 0.686096 -0.966046 -0.900248
v 0.775173 -0.939045 -0.835651
v 0.755567 -0.973262 -0.868441
v 0.823438 -0.956146 -0.820996
v 0.802426 -0.93012 -0.819915
v 0.821615 -0.905921 -0.803208
v 0.834055 -0.930235 -0.806697
v 0.972608 -0.860811 -0.670701
v 0.984101 -0.883616 -0.664856
v 0.90721 -0.877606 -0.738965
v 0.872506 -0.894086 -0.772602
v 0.885802 -0.876065 -0.754593
v 0.988683 -0.830542 -0.621047
v 1.0048 -0.859759 -0.615924
v 0.97635 -0.772059 -0.555533
v 0.991716 -0.798765 -0.561778
v 1.01725 -0.840069 -0.496972
v 1.02992 -0.897152 -0.386342
v 1.03744 -0.904695 -0.41852
v 0.959853 -0.929732 -0.227621
v 0.964886 -0.843398 -0.284762
v 0.966358 -0.886225 -0.259559
v 1.01667 -0.88167 -0.35797
v 0.937991 -0.913125 -0.210644
v 0.869857 -0.894893 -0.164025
v 0.88815 -0.920787 -0.167643
v 0.753947 -0.907491 -0.115586
v 0.755066 -0.938146 -0.102381
v 0.671595 -0.953026 -0.0588707
v 0.595439 -0.988094 -0.0369479
v 0.53058 -0.960031 -0.0410751
v 0.502062 -0.973864 -0.038154
v 0.476285 -0.987217 -0.037214
v 0.350211 -0.928668 -0.160042
v 0.314504 -0.896417 -0.159646
v 0.246545 -0.845491 -0.189019
v 0.216413 -0.84808 -0.188782
v 0.185896 -0.848499 -0.183657
v 0.121345 -0.931381 -0.158773
v 0.0597387 -0.953162 -0.154006
v -0.0404813 -0.932575 -0.174925
v -0.0433562 -0.958238 -0.170688
v -0.103693 -0.989418 -0.204686
v -0.144296 -1.00918 -0.240783
v -0.143382 -1.03787 -0.25167
v -0.22078 -1.03439 -0.515813
v -0.205567 -1.01161 -0.604278
v -0.2078 -1.05532 -0.415075
v -0.19235 -1.08483 -0.417214
v -0.197683 -1.09 -0.499391
v 0.0731758 -0.913264 -0.796754
v 0.0982279 -0.911942 -0.799662
v 0.153113 -0.884915 -0.798207
v 0.177546 -0.899035 -0.799003
v -0.194568 -0.963874 -0.635961
v -0.184804 -0.9384 -0.650509
v -0.16416 -0.939097 -0.672359
v -0.173042 -0.964736 -0.660476
v -0.0573543 -0.858868 -0.733423
v -0.136224 -0.88346 -0.692861
v -0.153369 -0.909666 -0.683347
v 0.0123907 -0.839834 -0.759635
v 0.0181317 -0.867602 -0.764479
v 0.0639179 -0.884351 -0.78729
v 0.203584 -0.888935 -0.801437
v 0.367364 -0.914143 -0.845405
v 0.405331 -0.875327 -0.825308
v 0.410916 -0.909498 -0.864774
v 0.472739 -0.89338 -0.864733
v 0.441978 -0.900582 -0.864876
v 0.559392 -0.922051 -0.914041
v 0.613996 -0.943487 -0.913965
v 0.299591 -0.852817 -0.805979
v 0.729173 -0.958593 -0.876719
v 0.746028 -0.924876 -0.842534
v 0.771124 -0.916688 -0.823601
v 0.810828 -0.876976 -0.798415
v 0.840837 -0.88401 -0.787083
v 0.954931 -0.838264 -0.682385
v 0.893452 -0.84845 -0.740652
v 0.916389 -0.849237 -0.723651
v 0.945595 -0.788189 -0.654828
v 0.956692 -0.780649 -0.62754
v 0.961129 -0.7547 -0.572362
v 0.980049 -0.771449 -0.471876
v 0.997336 -0.800807 -0.464261
v 1.0089 -0.822906 -0.513764
v 0.994797 -0.796107 -0.511961
v 1.00152 -0.812064 -0.441179
v 1.01069 -0.826877 -0.467803
v 1.0074 -0.837558 -0.388689
v 1.01995 -0.86757 -0.387655
v 0.947183 -0.795572 -0.296001
v 0.928736 -0.790401 -0.275339
v 0.94576 -0.81753 -0.276597
v 0.936424 -0.750613 -0.323111
v 0.959726 -0.774092 -0.341712
v 0.915241 -0.88818 -0.202609
v 0.842757 -0.895842 -0.147635
v 0.863668 -0.922638 -0.150599
v 0.827174 -0.944309 -0.126643
v 0.833899 -0.920353 -0.134857
v 0.78199 -0.901664 -0.128332
v 0.806353 -0.923205 -0.1278
v 0.724928 -0.88604 -0.1158
v 0.703125 -0.906893 -0.0972153
v 0.730709 -0.916616 -0.0994944
v 0.687789 -0.932246 -0.0758305
v 0.639955 -0.940274 -0.0554435
v 0.609866 -0.941923 -0.0487856
v 0.58782 -0.958078 -0.0421539
v 0.587634 -0.930478 -0.05162
v 0.532664 -0.930105 -0.0513221
v 0.55829 -0.945095 -0.0452456
v 0.445566 -1.00028 -0.0376103
v 0.470486 -1.01738 -0.0356262
v 0.449882 -0.935034 -0.0612857
v 0.436094 -0.957804 -0.0544023
v 0.420928 -0.984342 -0.0498673
v 0.418917 -0.94126 -0.0744075
v 0.433951 -0.918788 -0.0873616
v 0.422996 -0.906997 -0.112879
v 0.394949 -0.889823 -0.152786
v 0.294527 -0.81576 -0.197774
v 0.24843 -0.818698 -0.202919
v 0.271885 -0.835459 -0.190222
v 0.154518 -0.856187 -0.181115
v 0.154333 -0.88643 -0.171475
v 0.125038 -0.899758 -0.165089
v 0.0404478 -0.904249 -0.165497
v -0.0604605 -0.911237 -0.183258
v -0.107687 -0.906843 -0.209131
v -0.128519 -0.920677 -0.224257
v -0.115629 -0.938889 -0.209953
v -0.125867 -0.99911 -0.221634
v -0.175847 -0.987087 -0.274243
v -0.177435 -1.01933 -0.285783
v -0.186381 -1.0516 -0.321025
v -0.170193 -1.07534 -0.315309
v -0.22854 -1.00163 -0.550691
v -0.218125 -1.02571 -0.545118
v -0.216751 -1.01175 -0.575545
v -0.209428 -0.966107 -0.613759
v -0.180342 -1.08222 -0.366092
v -0.194392 -1.06998 -0.391191
v 0.123277 -0.889811 -0.798565
v -0.175853 -0.908987 -0.659172
v -0.095832 -0.774245 -0.678294
v -0.0753524 -0.729061 -0.672054
v -0.0759743 -0.752866 -0.681253
v -0.0828576 -0.821168 -0.706213
v -0.0334071 -0.873126 -0.74728
v -0.147128 -0.859464 -0.674109
v -0.00845042 -0.822924 -0.745955
v 0.0231872 -0.812127 -0.75683
v 0.0686784 -0.833758 -0.773284
v 0.0379345 -0.838357 -0.766903
v 0.0794952 -0.860589 -0.785981
v 0.209073 -0.858796 -0.796659
v 0.239167 -0.851334 -0.796851
v 0.226865 -0.881355 -0.802815
v 0.349614 -0.875217 -0.816855
v 0.412118 -0.84511 -0.817363
v 0.518841 -0.875055 -0.841949
v 0.488415 -0.878266 -0.83938
v 0.540818 -0.910759 -0.90382
v 0.518984 -0.898858 -0.888578
v 0.636 -0.909391 -0.882612
v 0.63995 -0.931494 -0.89984
v 0.255999 -0.824934 -0.789251
v 0.268877 -0.855276 -0.801826
v 0.328649 -0.851527 -0.810118
v 0.71202 -0.890581 -0.824996
v 0.692983 -0.917654 -0.866892
v 0.716588 -0.910161 -0.846267
v 0.940282 -0.809863 -0.681646
v 0.958477 -0.816477 -0.66267
v 0.915609 -0.804492 -0.702029
v 0.901185 -0.823815 -0.725034
v 0.93999 -0.747854 -0.615345
v 0.959868 -0.766483 -0.600219
v 0.945959 -0.728821 -0.557528
v 0.945534 -0.721934 -0.491041
v 0.952244 -0.730787 -0.459153
v 0.965079 -0.747574 -0.484087
v 0.994022 -0.808205 -0.390305
v 1.00539 -0.824943 -0.415024
v 0.948675 -0.775336 -0.31722
v 0.907412 -0.786008 -0.254296
v 0.901819 -0.812014 -0.234157
v 0.925017 -0.813834 -0.254967
v 0.978618 -0.790074 -0.367207
v 0.963199 -0.762853 -0.368398
v 0.917032 -0.860184 -0.221261
v 0.89624 -0.86364 -0.201152
v 0.85227 -0.843372 -0.18235
v 0.820305 -0.874055 -0.147635
v 0.675452 -0.907749 -0.0872546
v 0.61729 -0.917698 -0.0615575
v 0.540957 -0.885369 -0.0884346
v 0.508023 -0.916506 -0.0619248
v 0.535712 -0.904871 -0.0675415
v 0.459141 -0.914195 -0.0780083
v 0.45076 -0.869705 -0.14985
v 0.416512 -0.896972 -0.137425
v 0.394113 -0.854668 -0.161607
v 0.368174 -0.879301 -0.16045
v 0.329999 -0.845706 -0.176565
v 0.302647 -0.868389 -0.169754
v 0.336294 -0.873994 -0.167012
v 0.316701 -0.794705 -0.20835
v 0.322277 -0.822828 -0.190283
v 0.269741 -0.777748 -0.224879
v 0.240472 -0.789343 -0.219075
v 0.210748 -0.796159 -0.210525
v 0.181122 -0.80059 -0.200703
v 0.148913 -0.807164 -0.200455
v 0.130979 -0.835942 -0.191544
v 0.102222 -0.850888 -0.183741
v 0.0415266 -0.879154 -0.172643
v 0.00668439 -0.893377 -0.17319
v -0.01938 -0.8726 -0.181881
v -0.0893824 -0.926797 -0.192117
v -0.142512 -0.94498 -0.23412
v -0.162965 -0.962362 -0.254741
v -0.143753 -0.976531 -0.234082
v -0.195045 -0.973783 -0.298847
v -0.193449 -1.0224 -0.314099
v -0.198938 -1.03875 -0.339466
v -0.228314 -1.01533 -0.489631
v -0.239362 -0.991674 -0.492282
v -0.243753 -0.974176 -0.509382
v -0.233147 -1.00469 -0.522018
v -0.224421 -0.977867 -0.572304
v -0.217963 -0.95116 -0.591456
v -0.21958 -1.02282 -0.410438
v 0.096935 -0.834215 -0.781445
v 0.190796 -0.83525 -0.789025
v -0.203323 -0.889542 -0.617589
v -0.19438 -0.861471 -0.623704
v -0.116589 -0.777068 -0.664279
v -0.0512085 -0.728503 -0.68299
v -0.0283544 -0.769664 -0.713673
v -0.0490885 -0.756337 -0.696457
v -0.170045 -0.85566 -0.649643
v -0.00781699 -0.77472 -0.727119
v -0.0286031 -0.803662 -0.727931
v 0.0488409 -0.762654 -0.746163
v 0.0680913 -0.782673 -0.759599
v 0.0534713 -0.808795 -0.763939
v 0.356665 -0.845159 -0.813712
v 0.44867 -0.840207 -0.815567
v 0.477524 -0.836228 -0.813586
v 0.575421 -0.887162 -0.864156
v 0.631848 -0.891604 -0.858747
v 0.664279 -0.904243 -0.864169
v 0.734018 -0.880976 -0.811689
v 0.847943 -0.838715 -0.764612
v 0.925511 -0.78652 -0.678966
v 0.884 -0.803086 -0.722555
v 0.872758 -0.822921 -0.742093
v 0.921945 -0.720483 -0.606185
v 0.945867 -0.723201 -0.524839
v 0.947807 -0.729168 -0.40712
v 0.96324 -0.752675 -0.400158
v 0.959428 -0.742255 -0.428337
v 0.978809 -0.778948 -0.394522
v 0.899245 -0.718151 -0.300267
v 0.889677 -0.762037 -0.254166
v 0.897671 -0.837162 -0.218924
v 0.917217 -0.697657 -0.381681
v 0.9295 -0.717984 -0.358883
v 0.802729 -0.852178 -0.152566
v 0.704064 -0.863001 -0.126872
v 0.621151 -0.895541 -0.0793503
v 0.644511 -0.912402 -0.0721372
v 0.597111 -0.884163 -0.0874541
v 0.571579 -0.87636 -0.0983375
v 0.484088 -0.90313 -0.081395
v 0.426329 -0.850625 -0.161283
v 0.420654 -0.877485 -0.154
v 0.362342 -0.85149 -0.167053
v 0.278765 -0.754003 -0.24026
v 0.303133 -0.769511 -0.226872
v 0.217472 -0.765786 -0.22874
v 0.0988641 -0.879995 -0.174454
v 0.0163357 -0.86384 -0.177592
v -0.0568164 -0.842978 -0.204489
v -0.0789763 -0.861757 -0.206444
v -0.0515006 -0.87806 -0.189496
v -0.168475 -0.903535 -0.265124
v -0.181039 -0.954938 -0.277505
v -0.21449 -0.962232 -0.324522
v -0.20861 -1.02787 -0.363976
v -0.209128 -1.00947 -0.340986
v -0.233338 -1.00012 -0.431248
v -0.237483 -0.99358 -0.46354
v -0.247886 -0.969546 -0.476418
v -0.246978 -0.944936 -0.49651
v -0.228277 -0.952627 -0.560078
v -0.235094 -0.976638 -0.541206
v -0.223071 -0.923419 -0.576681
v -0.222935 -0.999902 -0.366028
v -0.231814 -0.997641 -0.399535
v 0.119384 -0.792226 -0.769842
v 0.11412 -0.816231 -0.77734
v 0.17234 -0.81073 -0.780432
v 0.158923 -0.838035 -0.789273
v -0.138952 -0.780388 -0.644737
v -0.0257514 -0.705533 -0.683288
v -0.148392 -0.805964 -0.649039
v 0.00923821 -0.743912 -0.720731
v 0.0328934 -0.743065 -0.730588
v 0.0179003 -0.769369 -0.737781
v 0.0949684 -0.774512 -0.761725
v 0.516815 -0.805443 -0.806085
v 0.5045 -0.829191 -0.811992
v 0.57244 -0.870454 -0.832064
v 0.599652 -0.882014 -0.85027
v 0.62953 -0.877881 -0.834919
v 0.203153 -0.804752 -0.781776
v 0.291634 -0.784732 -0.775141
v 0.361052 -0.788721 -0.791794
v 0.335397 -0.80129 -0.79502
v 0.678957 -0.856852 -0.800717
v 0.735931 -0.839849 -0.791981
v 0.787511 -0.823346 -0.775955
v 0.898105 -0.781887 -0.698665
v 0.908086 -0.7658 -0.677865
v 0.85644 -0.795795 -0.730814
v 0.890438 -0.720752 -0.64913
v 0.872032 -0.652447 -0.520682
v 0.891751 -0.667281 -0.51349
v 0.887254 -0.668446 -0.543053
v 0.881018 -0.655729 -0.491678
v 0.907108 -0.683014 -0.407463
v 0.928464 -0.705556 -0.408443
v 0.895164 -0.694331 -0.324713
v 0.875372 -0.695968 -0.302656
v 0.869279 -0.736777 -0.258024
v 0.847197 -0.818019 -0.198621
v 0.856382 -0.790161 -0.218172
v 0.869232 -0.674896 -0.323573
v 0.814023 -0.810224 -0.187385
v 0.786316 -0.807543 -0.178179
v 0.793367 -0.82758 -0.16508
v 0.654097 -0.873433 -0.115433
v 0.520051 -0.876721 -0.107691
v 0.546534 -0.871073 -0.111361
v 0.468608 -0.87898 -0.126687
v 0.488354 -0.88619 -0.103925
v 0.353063 -0.731667 -0.249029
v 0.364152 -0.777991 -0.209308
v 0.358125 -0.753618 -0.230163
v 0.268095 -0.709628 -0.271756
v 0.287416 -0.729226 -0.257706
v 0.238518 -0.717365 -0.265162
v 0.207125 -0.720167 -0.261526
v 0.225367 -0.740737 -0.246198
v 0.16365 -0.758891 -0.228714
v 0.138799 -0.779087 -0.216353
v 0.163778 -0.781424 -0.212029
v 0.121976 -0.803783 -0.204544
v 0.0693002 -0.806612 -0.198196
v 0.0730861 -0.835288 -0.185167
v 0.019974 -0.832312 -0.188319
v -0.0390873 -0.791633 -0.217825
v -0.0314027 -0.81805 -0.205687
v -0.108413 -0.818386 -0.230684
v -0.126585 -0.834851 -0.242767
v -0.105448 -0.849454 -0.221825
v -0.148603 -0.856071 -0.257824
v -0.147585 -0.883631 -0.248485
v -0.185007 -0.925232 -0.282526
v -0.187696 -0.895107 -0.287397
v -0.206102 -0.913203 -0.309742
v -0.226475 -0.920983 -0.339031
v -0.21759 -0.939195 -0.325018
v -0.236158 -0.97616 -0.374187
v -0.222047 -0.981965 -0.34536
v -0.242787 -0.977124 -0.410842
v -0.250095 -0.950417 -0.41344
v -0.252337 -0.936321 -0.432232
v 0.211665 -0.778723 -0.772292
v -0.209206 -0.862408 -0.595412
v -0.217124 -0.894763 -0.588832
v -0.206979 -0.817802 -0.574343
v -0.181715 -0.809738 -0.615121
v -0.100911 -0.748418 -0.662597
v -0.126677 -0.753124 -0.640432
v -0.0778368 -0.685314 -0.66566
v -0.0666643 -0.657268 -0.669344
v -0.044568 -0.676944 -0.671986
v 0.0063287 -0.697033 -0.690719
v -0.173808 -0.77959 -0.605442
v -0.150387 -0.763342 -0.621445
v 0.0533267 -0.733593 -0.732717
v 0.0262211 -0.719314 -0.71337
v 0.130134 -0.765144 -0.762749
v 0.433555 -0.761887 -0.782536
v 0.486399 -0.804035 -0.802419
v 0.551167 -0.813495 -0.807454
v 0.654058 -0.867602 -0.813602
v 0.274448 -0.765497 -0.768929
v 0.37723 -0.774468 -0.784047
v 0.72562 -0.814395 -0.780148
v 0.796879 -0.780597 -0.746929
v 0.814955 -0.761008 -0.729202
v 0.80528 -0.805695 -0.757757
v 0.842376 -0.770665 -0.720799
v 0.864307 -0.710878 -0.662943
v 0.854592 -0.675003 -0.625449
v 0.875465 -0.697284 -0.635168
v 0.842442 -0.643918 -0.575746
v 0.848235 -0.63599 -0.526549
v 0.862809 -0.651981 -0.553446
v 0.865898 -0.643391 -0.467246
v 0.897289 -0.671524 -0.435545
v 0.889567 -0.663405 -0.462678
v 0.884468 -0.662248 -0.404442
v 0.852368 -0.696972 -0.282529
v 0.873683 -0.657251 -0.374076
v 0.861574 -0.654321 -0.349477
v 0.76719 -0.773407 -0.199645
v 0.763702 -0.794387 -0.182925
v 0.722227 -0.819066 -0.159805
v 0.568551 -0.862691 -0.127907
v 0.51215 -0.854613 -0.149092
v 0.480551 -0.858182 -0.149899
v 0.412756 -0.826351 -0.170746
v 0.443037 -0.82699 -0.168681
v 0.37446 -0.802372 -0.189678
v 0.3883 -0.691627 -0.264493
v 0.347305 -0.709353 -0.269679
v 0.373317 -0.710559 -0.255936
v 0.406448 -0.749821 -0.211347
v 0.39399 -0.776973 -0.198581
v 0.343068 -0.685056 -0.295347
v 0.324073 -0.700263 -0.280878
v 0.251312 -0.691344 -0.285335
v 0.179499 -0.720697 -0.261951
v 0.160685 -0.738087 -0.245856
v 0.107723 -0.772591 -0.219182
v 0.0159828 -0.773331 -0.220017
v -0.00535284 -0.821634 -0.197484
v 0.0189791 -0.801825 -0.203792
v -0.0836125 -0.832167 -0.217669
v -0.14565 -0.828176 -0.262747
v -0.19143 -0.839484 -0.306936
v -0.189033 -0.864745 -0.295856
v -0.244265 -0.8995 -0.380442
v -0.249809 -0.922655 -0.400872
v -0.240435 -0.926507 -0.368263
v -0.248938 -0.915922 -0.487321
v -0.238501 -0.90099 -0.532511
v -0.233089 -0.926973 -0.546366
v 0.193174 -0.756505 -0.75844
v -0.216225 -0.821995 -0.551294
v -0.213874 -0.845301 -0.575045
v -0.134917 -0.702843 -0.639382
v -0.0916325 -0.713724 -0.66174
v -0.117593 -0.725981 -0.642734
v -0.0919941 -0.63995 -0.666895
v -0.101483 -0.664007 -0.662889
v 0.00216971 -0.645335 -0.675017
v 0.0186754 -0.67096 -0.681184
v -0.0129969 -0.673091 -0.67605
v 0.0374891 -0.690789 -0.699408
v 0.0573266 -0.709171 -0.719545
v 0.113724 -0.717877 -0.739238
v 0.138328 -0.706956 -0.734337
v 0.140338 -0.735051 -0.748826
v 0.458407 -0.749769 -0.773037
v 0.467146 -0.779232 -0.78876
v 0.501094 -0.781077 -0.794363
v 0.623489 -0.860146 -0.809967
v 0.238426 -0.725396 -0.743832
v 0.255992 -0.744528 -0.757441
v 0.223735 -0.749546 -0.757984
v 0.286579 -0.743799 -0.757095
v 0.314912 -0.740959 -0.753893
v 0.311389 -0.7653 -0.76606
v 0.339708 -0.749887 -0.758092
v 0.395868 -0.733735 -0.754267
v 0.401757 -0.75632 -0.775004
v 0.671695 -0.82778 -0.790703
v 0.692277 -0.809331 -0.782462
v 0.785533 -0.752097 -0.738748
v 0.766623 -0.769514 -0.753878
v 0.832244 -0.744898 -0.710914
v 0.848626 -0.726435 -0.688135
v 0.858589 -0.752042 -0.700193
v 0.847448 -0.688475 -0.653015
v 0.849996 -0.660076 -0.603546
v 0.790224 -0.600755 -0.523982
v 0.81033 -0.60933 -0.505681
v 0.822558 -0.619291 -0.527067
v 0.818648 -0.611629 -0.450479
v 0.84713 -0.629532 -0.446592
v 0.863376 -0.64493 -0.40041
v 0.812433 -0.694034 -0.256323
v 0.830862 -0.683769 -0.2761
v 0.844435 -0.655967 -0.322945
v 0.766861 -0.745373 -0.216622
v 0.742806 -0.759877 -0.20584
v 0.648485 -0.837139 -0.160797
v 0.680503 -0.844737 -0.14828
v 0.620502 -0.846304 -0.152997
v 0.593678 -0.857202 -0.142423
v 0.535069 -0.846559 -0.161138
v 0.535802 -0.860872 -0.134712
v 0.565196 -0.853905 -0.153509
v 0.411267 -0.677045 -0.266862
v 0.402763 -0.705487 -0.244963
v 0.340601 -0.668987 -0.320939
v 0.41506 -0.725148 -0.224894
v 0.43435 -0.742281 -0.207668
v 0.26055 -0.668423 -0.305499
v 0.289938 -0.666772 -0.314028
v 0.203098 -0.676799 -0.302612
v 0.188492 -0.660146 -0.324194
v 0.162775 -0.698837 -0.283452
v 0.130441 -0.731146 -0.248876
v 0.0815226 -0.727404 -0.243482
v 0.0489479 -0.763449 -0.223977
v -0.0182925 -0.768395 -0.222817
v -0.0464913 -0.763501 -0.208426
v -0.0652211 -0.782254 -0.217712
v -0.157025 -0.808848 -0.275102
v -0.224285 -0.863458 -0.349918
v -0.212268 -0.839334 -0.339888
v -0.249152 -0.88757 -0.400856
v -0.253207 -0.903434 -0.424446
v -0.227531 -0.815259 -0.497425
v -0.228019 -0.802114 -0.469658
v -0.221214 -0.788244 -0.500398
v -0.218229 -0.803373 -0.527974
v -0.192312 -0.741781 -0.583078
v -0.189761 -0.770731 -0.580667
v -0.146003 -0.731505 -0.622576
v -0.127365 -0.671006 -0.652368
v -0.124971 -0.637124 -0.658306
v -0.0195592 -0.588047 -0.670925
v 0.0233029 -0.619282 -0.66765
v -0.0106803 -0.618409 -0.67304
v 0.168322 -0.716743 -0.739633
v 0.172355 -0.740248 -0.74921
v 0.472942 -0.704685 -0.739652
v 0.494442 -0.691879 -0.731312
v 0.481481 -0.730018 -0.75869
v 0.566375 -0.790682 -0.802471
v 0.59606 -0.789727 -0.795851
v 0.61492 -0.833981 -0.80277
v 0.2554 -0.700628 -0.72432
v 0.333977 -0.722886 -0.741745
v 0.354318 -0.705631 -0.727247
v 0.45111 -0.722461 -0.752948
v 0.418636 -0.715083 -0.740933
v 0.685916 -0.777499 -0.778665
v 0.641912 -0.815716 -0.792983
v 0.806252 -0.734943 -0.720012
v 0.748594 -0.707939 -0.73318
v 0.779343 -0.723777 -0.727772
v 0.713983 -0.767831 -0.770762
v 0.824528 -0.720231 -0.700488
v 0.805821 -0.655203 -0.647225
v 0.765394 -0.587049 -0.511375
v 0.787274 -0.610944 -0.572163
v 0.770872 -0.595075 -0.545803
v 0.788769 -0.59681 -0.494769
v 0.792283 -0.597709 -0.462756
v 0.814006 -0.609559 -0.478216
v 0.818341 -0.621665 -0.368412
v 0.835417 -0.626128 -0.395031
v 0.802579 -0.666549 -0.274194
v 0.789819 -0.705281 -0.241263
v 0.817448 -0.720529 -0.243031
v 0.763364 -0.718588 -0.229281
v 0.789376 -0.760377 -0.212871
v 0.8109 -0.626915 -0.340953
v 0.734765 -0.782549 -0.191527
v 0.671563 -0.825055 -0.169179
v 0.502257 -0.836575 -0.163322
v 0.489227 -0.781609 -0.175264
v 0.417842 -0.657413 -0.289387
v 0.459159 -0.668843 -0.253902
v 0.436336 -0.662003 -0.270099
v 0.446138 -0.718264 -0.219534
v 0.338232 -0.652386 -0.353326
v 0.36059 -0.65352 -0.341007
v 0.503484 -0.734145 -0.195165
v 0.244199 -0.65199 -0.326128
v 0.293551 -0.652348 -0.337761
v 0.268867 -0.648869 -0.333374
v 0.215653 -0.657092 -0.32358
v 0.233859 -0.672649 -0.302202
v 0.176732 -0.678925 -0.304313
v 0.135751 -0.689351 -0.279623
v 0.104365 -0.721689 -0.251886
v 0.0546137 -0.734229 -0.234643
v -0.0254738 -0.745272 -0.202867
v -0.0704646 -0.751391 -0.156517
v -0.146214 -0.782358 -0.230941
v -0.0977177 -0.760317 -0.163189
v -0.133127 -0.776516 -0.201337
v -0.10511 -0.771709 -0.192218
v -0.177062 -0.815011 -0.299139
v -0.237118 -0.870338 -0.374672
v -0.235527 -0.840306 -0.494954
v -0.245369 -0.860482 -0.486614
v -0.235955 -0.859412 -0.515563
v 0.194897 -0.701299 -0.731344
v -0.223912 -0.772348 -0.474522
v -0.227137 -0.759044 -0.506159
v -0.226969 -0.745619 -0.536956
v -0.163075 -0.70378 -0.624445
v -0.0691227 -0.596743 -0.672579
v -0.0989787 -0.617448 -0.667122
v -0.0272699 -0.551949 -0.669414
v -0.0487703 -0.575954 -0.672167
v 0.0455033 -0.594999 -0.656965
v 0.11406 -0.665569 -0.704229
v 0.115 -0.691902 -0.724673
v 0.469604 -0.680576 -0.715485
v 0.523717 -0.757187 -0.785016
v 0.546658 -0.73746 -0.771321
v 0.578314 -0.768325 -0.791968
v 0.575396 -0.744152 -0.777523
v 0.613266 -0.809446 -0.797692
v 0.320749 -0.702265 -0.722713
v 0.386364 -0.711022 -0.732601
v 0.778828 -0.618117 -0.601497
v 0.713644 -0.569915 -0.510734
v 0.742297 -0.57948 -0.526546
v 0.767613 -0.587011 -0.448303
v 0.764642 -0.584955 -0.478845
v 0.785266 -0.598609 -0.403535
v 0.823012 -0.659186 -0.296232
v 0.782001 -0.679862 -0.254897
v 0.791415 -0.626729 -0.322178
v 0.791525 -0.64519 -0.294318
v 0.690122 -0.747059 -0.199943
v 0.677381 -0.772082 -0.190925
v 0.651637 -0.808929 -0.176415
v 0.620746 -0.818889 -0.166072
v 0.526349 -0.816223 -0.166634
v 0.52997 -0.736523 -0.189493
v 0.380731 -0.651076 -0.330225
v 0.454022 -0.626747 -0.319355
v 0.40569 -0.638391 -0.336315
v 0.492355 -0.635374 -0.278014
v 0.487271 -0.655721 -0.256774
v 0.480655 -0.679717 -0.237761
v 0.474054 -0.704107 -0.220648
v 0.303494 -0.630735 -0.384464
v 0.31234 -0.645364 -0.360249
v 0.363396 -0.638038 -0.373996
v 0.199087 -0.640673 -0.350963
v 0.226228 -0.640476 -0.34634
v 0.161964 -0.654761 -0.321587
v 0.117073 -0.706719 -0.264514
v 0.039262 -0.711685 -0.22186
v -0.0567412 -0.73368 -0.128332
v -0.0482353 -0.752031 -0.180993
v -0.220127 -0.807092 -0.382906
v -0.242628 -0.841735 -0.432462
v 0.239633 -0.680524 -0.711665
v 0.209761 -0.679405 -0.716671
v -0.226414 -0.797689 -0.415488
v -0.22675 -0.787972 -0.445486
v -0.236143 -0.758995 -0.452529
v -0.22738 -0.705249 -0.570204
v -0.213674 -0.685724 -0.595276
v -0.203034 -0.715002 -0.588967
v -0.152918 -0.652172 -0.645299
v -0.173591 -0.671767 -0.629984
v -0.0991898 -0.591876 -0.667475
v -0.154673 -0.619892 -0.647225
v -0.0556595 -0.540528 -0.669341
v 0.0466602 -0.544913 -0.648387
v 0.0334053 -0.570858 -0.657418
v 0.0956104 -0.554966 -0.629084
v 0.0986183 -0.583714 -0.636248
v 0.139361 -0.677152 -0.717637
v 0.137131 -0.652134 -0.696715
v 0.142241 -0.632413 -0.676163
v 0.116385 -0.627288 -0.664581
v 0.492498 -0.658974 -0.697695
v 0.507346 -0.673412 -0.716406
v 0.538774 -0.717533 -0.751719
v 0.527817 -0.695121 -0.735724
v 0.60438 -0.760834 -0.784086
v 0.375113 -0.688877 -0.707914
v 0.351965 -0.676108 -0.690115
v 0.399656 -0.66036 -0.669496
v 0.376388 -0.667692 -0.678707
v 0.635053 -0.724815 -0.768889
v 0.654954 -0.743088 -0.776578
v 0.766696 -0.67201 -0.695141
v 0.788352 -0.662477 -0.670924
v 0.715538 -0.695806 -0.737439
v 0.734178 -0.614114 -0.63336
v 0.686241 -0.564744 -0.498672
v 0.684988 -0.574025 -0.558172
v 0.685429 -0.568148 -0.52971
v 0.765779 -0.588327 -0.418711
v 0.740785 -0.577979 -0.431506
v 0.764547 -0.592318 -0.38697
v 0.733502 -0.68315 -0.238044
v 0.733564 -0.709958 -0.226178
v 0.770834 -0.626724 -0.309528
v 0.712706 -0.699615 -0.225128
v 0.602735 -0.771741 -0.176157
v 0.625366 -0.791046 -0.175272
v 0.554043 -0.715193 -0.198048
v 0.557077 -0.74054 -0.184895
v 0.431907 -0.626296 -0.338767
v 0.496331 -0.620349 -0.301415
v 0.518976 -0.621399 -0.287654
v 0.536348 -0.652554 -0.2469
v 0.508823 -0.665378 -0.241851
v 0.307455 -0.614218 -0.435668
v 0.334545 -0.618498 -0.446652
v 0.276205 -0.608569 -0.426676
v 0.265154 -0.612286 -0.402539
v 0.145026 -0.644025 -0.301693
v 0.134669 -0.660557 -0.279024
v 0.115963 -0.675819 -0.261332
v -0.0100815 -0.712309 -0.164687
v -0.0258006 -0.73243 -0.171912
v -0.081452 -0.731855 -0.111494
v -0.176559 -0.772429 -0.237475
v -0.209243 -0.74954 -0.313386
v -0.186375 -0.765462 -0.302598
v -0.224734 -0.756499 -0.372443
v -0.219106 -0.777994 -0.393295
v 0.189828 -0.657442 -0.703639
v -0.261389 -0.733662 -0.405585
v -0.25 -0.746246 -0.430735
v -0.246263 -0.739207 -0.514611
v -0.220283 -0.655128 -0.600491
v -0.235276 -0.676686 -0.577394
v -0.0852726 -0.537702 -0.663718
v -0.206967 -0.603505 -0.613069
v -0.18809 -0.581649 -0.624048
v -0.182169 -0.609619 -0.632693
v -0.0358857 -0.515108 -0.667226
v -0.00252428 -0.503204 -0.659256
v 0.0228141 -0.521633 -0.654322
v 0.0665179 -0.569832 -0.645268
v 0.199624 -0.637948 -0.682282
v 0.152838 -0.588709 -0.610808
v 0.514133 -0.638541 -0.680338
v 0.48331 -0.643843 -0.674657
v 0.574942 -0.675665 -0.721099
v 0.540569 -0.674494 -0.720086
v 0.247989 -0.661158 -0.692213
v 0.337432 -0.645876 -0.640307
v 0.430063 -0.653202 -0.664133
v 0.384911 -0.63807 -0.62503
v 0.403084 -0.645508 -0.644813
v 0.762392 -0.65192 -0.673904
v 0.680734 -0.698459 -0.746634
v 0.742639 -0.683494 -0.718307
v 0.668916 -0.721203 -0.762165
v 0.722077 -0.627722 -0.661065
v 0.706653 -0.601272 -0.624519
v 0.631595 -0.562679 -0.503894
v 0.655377 -0.561346 -0.488737
v 0.680977 -0.580842 -0.584933
v 0.654429 -0.575746 -0.576288
v 0.677554 -0.565916 -0.417386
v 0.688718 -0.570584 -0.391585
v 0.711274 -0.571078 -0.416537
v 0.719693 -0.584148 -0.356497
v 0.736008 -0.596474 -0.336349
v 0.738941 -0.644756 -0.268829
v 0.726756 -0.62347 -0.288201
v 0.660249 -0.653659 -0.247349
v 0.67188 -0.677325 -0.231092
v 0.612363 -0.689958 -0.21222
v 0.553722 -0.691269 -0.213114
v 0.58382 -0.700651 -0.204709
v 0.483251 -0.599537 -0.351101
v 0.484239 -0.611979 -0.325031
v 0.561225 -0.640005 -0.255753
v 0.287514 -0.606747 -0.455571
v 0.322585 -0.613593 -0.49931
v 0.36553 -0.614782 -0.456378
v 0.344716 -0.616595 -0.477661
v 0.403741 -0.603901 -0.496506
v 0.395622 -0.605987 -0.464145
v 0.212205 -0.601244 -0.420026
v 0.184775 -0.619641 -0.373436
v 0.0773029 -0.676351 -0.230189
v 0.082289 -0.644528 -0.226369
v 0.0642476 -0.658165 -0.213938
v -0.00651551 -0.677082 -0.134915
v -0.0451638 -0.687188 -0.0878273
v -0.0944148 -0.713324 -0.0924576
v -0.138639 -0.730932 -0.125353
v -0.110756 -0.732705 -0.115075
v -0.154133 -0.753051 -0.149144
v -0.185926 -0.744219 -0.153694
v -0.180801 -0.76641 -0.267927
v -0.230064 -0.737627 -0.327424
v -0.243004 -0.735241 -0.35459
v -0.266482 -0.711899 -0.35151
v -0.264782 -0.723112 -0.375809
v -0.273583 -0.72415 -0.431444
v -0.259891 -0.736557 -0.457515
v -0.274818 -0.704298 -0.493853
v -0.262714 -0.699303 -0.526489
v -0.261245 -0.720043 -0.514865
v -0.130926 -0.518848 -0.644424
v -0.0981023 -0.511644 -0.656234
v -0.11536 -0.541349 -0.65463
v -0.196344 -0.554943 -0.609355
v -0.179225 -0.530689 -0.613088
v -0.0850094 -0.479439 -0.657693
v -0.023455 -0.483552 -0.66381
v 0.0537634 -0.483734 -0.632124
v 0.0489682 -0.515137 -0.640656
v 0.0700002 -0.539689 -0.635084
v 0.11865 -0.543437 -0.602923
v 0.141906 -0.565482 -0.594073
v 0.478685 -0.628109 -0.648178
v 0.50656 -0.624552 -0.657901
v 0.456638 -0.644132 -0.659764
v 0.610985 -0.708471 -0.755625
v 0.195066 -0.610016 -0.639912
v 0.202571 -0.623366 -0.662804
v 0.356614 -0.638373 -0.61994
v 0.378476 -0.628155 -0.597787
v 0.690295 -0.678095 -0.730357
v 0.694065 -0.658477 -0.710234
v 0.711576 -0.645471 -0.690053
v 0.64621 -0.70199 -0.753144
v 0.692011 -0.628314 -0.671424
v 0.678418 -0.598791 -0.629964
v 0.642983 -0.563761 -0.412246
v 0.661006 -0.561927 -0.440718
v 0.603143 -0.565664 -0.518112
v 0.603631 -0.563379 -0.488864
v 0.605628 -0.569054 -0.545303
v 0.59023 -0.573713 -0.562715
v 0.673053 -0.583043 -0.340779
v 0.69385 -0.577797 -0.361543
v 0.709186 -0.635556 -0.267825
v 0.679951 -0.598655 -0.312337
v 0.640846 -0.675231 -0.228017
v 0.63878 -0.705114 -0.20691
v 0.587769 -0.633448 -0.261237
v 0.618069 -0.63005 -0.264713
v 0.29506 -0.606155 -0.487861
v 0.259979 -0.601539 -0.443994
v 0.32824 -0.615878 -0.530655
v 0.474085 -0.584671 -0.459009
v 0.435362 -0.594869 -0.503989
v 0.187468 -0.599537 -0.400457
v 0.150357 -0.596362 -0.322407
v 0.140228 -0.567179 -0.320642
v 0.133064 -0.587908 -0.293184
v 0.120605 -0.609018 -0.267979
v 0.102398 -0.626273 -0.244254
v 0.0335557 -0.627568 -0.188027
v 0.0206479 -0.661358 -0.17686
v 0.0420414 -0.657488 -0.197522
v 0.00529043 -0.656574 -0.150981
v -0.0321461 -0.657008 -0.0953267
v -0.13763 -0.684941 -0.0925155
v -0.1243 -0.712659 -0.101183
v -0.262983 -0.719326 -0.198954
v -0.219305 -0.751909 -0.208107
v -0.204494 -0.758567 -0.254917
v -0.241821 -0.6047 -0.57003
v -0.256574 -0.612436 -0.541118
v -0.262838 -0.640797 -0.531345
v -0.156079 -0.525778 -0.630323
v -0.107745 -0.456212 -0.649604
v -0.202261 -0.533506 -0.595583
v 0.0531155 -0.455871 -0.619557
v 0.0315283 -0.464255 -0.636109
v 0.127129 -0.521087 -0.575297
v 0.19315 -0.59001 -0.577643
v 0.185114 -0.597122 -0.610847
v 0.144069 -0.532456 -0.551438
v 0.137625 -0.54438 -0.579264
v 0.538989 -0.620607 -0.66347
v 0.52708 -0.609796 -0.638053
v 0.471996 -0.615826 -0.621027
v 0.622425 -0.688582 -0.739302
v 0.605722 -0.674265 -0.721527
v 0.577656 -0.635421 -0.683667
v 0.248396 -0.61584 -0.626799
v 0.217288 -0.605689 -0.621507
v 0.275958 -0.627872 -0.629279
v 0.346834 -0.629266 -0.590624
v 0.429231 -0.614898 -0.587942
v 0.680644 -0.64362 -0.694861
v 0.632759 -0.59043 -0.61946
v 0.56347 -0.567972 -0.432624
v 0.596612 -0.570789 -0.38052
v 0.612507 -0.564568 -0.406386
v 0.576997 -0.565123 -0.453291
v 0.549645 -0.57229 -0.522103
v 0.576674 -0.567333 -0.505596
v 0.544032 -0.589903 -0.596154
v 0.57409 -0.591037 -0.613767
v 0.611709 -0.576822 -0.355316
v 0.626333 -0.587422 -0.32781
v 0.641477 -0.576828 -0.353317
v 0.656294 -0.588984 -0.326072
v 0.504135 -0.586378 -0.371473
v 0.532301 -0.583029 -0.360751
v 0.557767 -0.582152 -0.350728
v 0.29869 -0.608052 -0.521111
v 0.24756 -0.593498 -0.491302
v 0.503905 -0.5774 -0.449979
v 0.520688 -0.575503 -0.505319
v 0.496279 -0.578832 -0.480396
v 0.513686 -0.57686 -0.420656
v 0.158732 -0.561676 -0.373108
v 0.165836 -0.607549 -0.348863
v 0.171513 -0.587931 -0.375648
v 0.0294488 -0.593446 -0.197542
v 0.070353 -0.585822 -0.23263
v -0.0122508 -0.657427 -0.121229
v -0.057765 -0.657152 -0.078124
v -0.108127 -0.687072 -0.080941
v -0.134934 -0.632716 -0.0796511
v -0.164732 -0.680342 -0.108408
v -0.183752 -0.701802 -0.12122
v -0.235186 -0.739785 -0.187969
v -0.231065 -0.744572 -0.267814
v -0.268585 -0.698441 -0.323283
v -0.280897 -0.698892 -0.373861
v -0.290757 -0.677965 -0.448216
v -0.232705 -0.52541 -0.560088
v -0.211407 -0.575344 -0.602175
v -0.276637 -0.651831 -0.50303
v -0.265511 -0.589646 -0.522695
v -0.136453 -0.468009 -0.635914
v -0.203083 -0.488659 -0.57225
v -0.00864415 -0.441364 -0.690616
v -0.0073687 -0.455255 -0.667237
v 0.0139756 -0.441751 -0.645074
v 0.0754866 -0.447267 -0.606419
v 0.016272 -0.410241 -0.635821
v 0.0776095 -0.474557 -0.613442
v 0.116353 -0.492949 -0.572574
v 0.1874 -0.579896 -0.52409
v 0.209799 -0.596743 -0.596482
v 0.167247 -0.568406 -0.537122
v 0.144121 -0.513966 -0.525429
v 0.154125 -0.543909 -0.529775
v 0.588003 -0.603528 -0.643281
v 0.568943 -0.618163 -0.664502
v 0.511065 -0.593461 -0.585667
v 0.48931 -0.603757 -0.601796
v 0.257533 -0.60221 -0.57111
v 0.267684 -0.612763 -0.599336
v 0.304869 -0.614837 -0.552566
v 0.580781 -0.578982 -0.354904
v 0.481585 -0.596911 -0.575903
v 0.219212 -0.587581 -0.486948
v 0.175513 -0.562801 -0.440114
v 0.15958 -0.540589 -0.422822
v 0.155591 -0.543946 -0.396967
v 0.143401 -0.550685 -0.347773
v 0.126464 -0.539247 -0.32351
v 0.108157 -0.532068 -0.29828
v 0.124017 -0.559125 -0.295023
v 0.0744281 -0.540389 -0.258761
v 0.061043 -0.557815 -0.239204
v 0.0856093 -0.568894 -0.254345
v 0.00899817 -0.572938 -0.190251
v 0.0131658 -0.604998 -0.178121
v -0.0234724 -0.634559 -0.110276
v -0.00598045 -0.632395 -0.13648
v -0.0888792 -0.661326 -0.0732969
v -0.201857 -0.723103 -0.13652
v -0.252675 -0.698976 -0.15942
v -0.271683 -0.71532 -0.231563
v -0.272568 -0.708335 -0.264427
v -0.282335 -0.675871 -0.267724
v -0.29078 -0.658561 -0.347071
v -0.288162 -0.653309 -0.469649
v -0.282786 -0.680646 -0.479468
v -0.242613 -0.555483 -0.556885
v -0.269083 -0.565947 -0.50228
v -0.257797 -0.558818 -0.530201
v -0.180535 -0.481085 -0.593056
v -0.122943 -0.424846 -0.644893
v -0.202082 -0.436794 -0.54705
v -0.210229 -0.467558 -0.548997
v -0.0864786 -0.447738 -0.669271
v -0.0254275 -0.434252 -0.741561
v 0.00854988 -0.387098 -0.697202
v 0.00659765 -0.427094 -0.664751
v 0.115969 -0.462268 -0.572799
v 0.132894 -0.455032 -0.5236
v 0.137212 -0.484807 -0.520899
v 0.191219 -0.578702 -0.495644
v 0.145457 -0.500257 -0.495658
v 0.244667 -0.592972 -0.516697
v 0.162636 -0.539628 -0.451576
v 0.141157 -0.531319 -0.37476
v 0.0866129 -0.528311 -0.278263
v 0.0319476 -0.544496 -0.225637
v -0.0248606 -0.56632 -0.152878
v -0.025413 -0.585608 -0.136731
v -0.00680184 -0.582418 -0.165815
v -0.00519091 -0.607739 -0.148563
v -0.0870397 -0.57657 -0.0905083
v -0.142179 -0.600023 -0.0777653
v -0.178118 -0.657982 -0.107323
v -0.239276 -0.684484 -0.140731
v -0.248169 -0.661381 -0.14609
v -0.264788 -0.646706 -0.163915
v -0.278832 -0.663909 -0.19157
v -0.283381 -0.690233 -0.239647
v -0.280582 -0.622602 -0.290118
v -0.285739 -0.610169 -0.31683
v -0.285733 -0.640728 -0.316465
v -0.291705 -0.628719 -0.452894
v -0.277545 -0.596544 -0.495133
v -0.164756 -0.423588 -0.600926
v -0.149413 -0.397943 -0.610778
v -0.155243 -0.448643 -0.617809
v -0.206834 -0.408222 -0.536848
v -0.191717 -0.408566 -0.559776
v -0.233856 -0.472174 -0.495593
v -0.24119 -0.51322 -0.529283
v -0.22876 -0.486178 -0.524126
v -0.117257 -0.407788 -0.689511
v -0.128097 -0.403609 -0.662954
v -0.109474 -0.407233 -0.720896
v -0.0990307 -0.428493 -0.694738
v -0.0937843 -0.427076 -0.722617
v -0.0553992 -0.45083 -0.706753
v -0.0472577 -0.4272 -0.787275
v -0.00685968 -0.426683 -0.718626
v 0.00947252 -0.356706 -0.753099
v 0.000101805 -0.380275 -0.640952
v 0.119607 -0.436482 -0.586356
v 0.132393 -0.441601 -0.558088
v 0.163196 -0.542879 -0.481352
v 0.137388 -0.46903 -0.490291
v 0.12184 -0.465085 -0.424801
v 0.124726 -0.487977 -0.401393
v 0.0895629 -0.506877 -0.299671
v 0.0666684 -0.50942 -0.27249
v -0.0164559 -0.53269 -0.184851
v -0.0234608 -0.612702 -0.120347
v -0.0427835 -0.592127 -0.11176
v -0.0645299 -0.600208 -0.0918705
v -0.113347 -0.585128 -0.0802295
v -0.141395 -0.5691 -0.081074
v -0.199014 -0.675567 -0.116165
v -0.205755 -0.647024 -0.113785
v -0.273412 -0.631429 -0.186662
v -0.275298 -0.588859 -0.290619
v -0.277979 -0.611112 -0.264016
v -0.29314 -0.606733 -0.349294
v -0.3 -0.642281 -0.398108
v -0.286476 -0.582349 -0.444323
v -0.278283 -0.57395 -0.475106
v -0.17222 -0.402443 -0.585227
v -0.267975 -0.545896 -0.480637
v -0.257543 -0.535464 -0.507116
v -0.0971248 -0.416326 -0.747043
v -0.0675666 -0.419172 -0.804279
v -0.0525157 -0.435576 -0.760333
v 0.0113148 -0.345025 -0.78341
v 0.00757231 -0.358685 -0.702867
v 0.0178049 -0.386207 -0.610771
v 0.0388253 -0.405443 -0.609391
v 0.000683152 -0.368692 -0.613424
v 0.128252 -0.441028 -0.474648
v 0.119286 -0.439429 -0.447443
v 0.130256 -0.465276 -0.457649
v 0.0998562 -0.450084 -0.364665
v 0.0597184 -0.457554 -0.281928
v 0.0515249 -0.48254 -0.272505
v -0.0307983 -0.514675 -0.167021
v -0.0872769 -0.516014 -0.116012
v -0.0875227 -0.545303 -0.102557
v -0.170812 -0.55865 -0.0897679
v -0.169357 -0.588154 -0.0836394
v -0.206999 -0.618134 -0.10942
v -0.245294 -0.635617 -0.142021
v -0.283416 -0.662604 -0.219983
v -0.25887 -0.551426 -0.206395
v -0.258251 -0.532395 -0.231578
v -0.262752 -0.576981 -0.194164
v -0.27502 -0.55859 -0.341133
v -0.27889 -0.554555 -0.371708
v -0.260082 -0.511956 -0.445814
v -0.266462 -0.532774 -0.455987
v -0.156146 -0.356828 -0.569407
v -0.136065 -0.367922 -0.623582
v -0.24799 -0.427351 -0.475337
v -0.236505 -0.409752 -0.498745
v -0.260117 -0.440716 -0.449018
v -0.244166 -0.457676 -0.473426
v -0.255819 -0.46842 -0.45186
v -0.130706 -0.373788 -0.656733
v -0.116158 -0.35526 -0.755333
v -0.103126 -0.399268 -0.772644
v -0.0452043 -0.38422 -0.944493
v -0.0252829 -0.376072 -0.923151
v -0.0182665 -0.401917 -0.833096
v -0.0200972 -0.413691 -0.799983
v 0.0116069 -0.329086 -0.872239
v -0.00165374 -0.340432 -0.688457
v 0.00600477 -0.336739 -0.724125
v -0.0092573 -0.350546 -0.59542
v -0.020103 -0.339449 -0.570976
v 0.0103083 -0.346312 -0.572107
v 0.146666 -0.426278 -0.583316
v 0.156378 -0.420285 -0.512354
v 0.0883539 -0.406203 -0.335821
v 0.0958013 -0.416369 -0.36524
v 0.082101 -0.456617 -0.311287
v 0.0972069 -0.466699 -0.342599
v 0.0484765 -0.431235 -0.268485
v 0.0158469 -0.452915 -0.233831
v -0.0131183 -0.480133 -0.201236
v -0.0924742 -0.486401 -0.127606
v -0.0670431 -0.504243 -0.133301
v -0.122625 -0.471306 -0.131077
v -0.165158 -0.530171 -0.100816
v -0.190996 -0.602438 -0.0963939
v -0.217784 -0.592836 -0.119682
v -0.255076 -0.591647 -0.167461
v -0.248869 -0.561621 -0.172513
v -0.251709 -0.506357 -0.234574
v -0.263726 -0.554812 -0.243103
v -0.261412 -0.536088 -0.329891
v -0.265083 -0.531175 -0.361614
v -0.2698 -0.531724 -0.392672
v -0.220968 -0.389229 -0.517133
v -0.176738 -0.379063 -0.56756
v -0.199771 -0.381501 -0.542975
v -0.261603 -0.487335 -0.434962
v -0.0656318 -0.404803 -0.866282
v -0.0702997 -0.391844 -0.930118
v -0.0246119 -0.363902 -0.952027
v -0.00951762 -0.368668 -0.893486
v -0.00790377 -0.351984 -0.926798
v -0.000600957 -0.376032 -0.838687
v 0.0120899 -0.311487 -0.903221
v 0.0146148 -0.315264 -0.845067
v 0.123691 -0.386779 -0.616148
v -0.0340578 -0.30889 -0.657816
v 0.14961 -0.389498 -0.623092
v 0.180689 -0.389891 -0.626788
v 0.173878 -0.4128 -0.533881
v 0.112903 -0.386467 -0.439337
v 0.112402 -0.41599 -0.430894
v 0.124208 -0.409547 -0.46459
v 0.099538 -0.388506 -0.384663
v 0.0911304 -0.437731 -0.340668
v 0.0836455 -0.429109 -0.315989
v 0.0364739 -0.460189 -0.258151
v 0.0178801 -0.399152 -0.234956
v -0.0281202 -0.452785 -0.188166
v -0.0767349 -0.42218 -0.173696
v -0.145086 -0.486499 -0.121515
v -0.162381 -0.50594 -0.114094
v -0.192732 -0.545659 -0.111373
v -0.19602 -0.575694 -0.10374
v -0.233957 -0.507378 -0.184027
v -0.241905 -0.473782 -0.233076
v -0.25304 -0.471899 -0.282223
v -0.252476 -0.492124 -0.258186
v -0.252369 -0.507843 -0.318758
v -0.178499 -0.359761 -0.544474
v -0.13138 -0.347058 -0.652712
v -0.271989 -0.432271 -0.423225
v -0.264287 -0.413859 -0.450005
v -0.21897 -0.364466 -0.490229
v -0.128415 -0.334408 -0.740967
v -0.125205 -0.325384 -0.770989
v -0.110883 -0.3602 -0.803307
v -0.108532 -0.362485 -0.833365
v -0.0987271 -0.393784 -0.829677
v -0.0103419 -0.332192 -0.980746
v 0.0105397 -0.298944 -0.934882
v 0.00416822 -0.249759 -0.897645
v 0.0129922 -0.285932 -0.845007
v 0.0111644 -0.270944 -0.875636
v 0.0655462 -0.318692 -0.591233
v 0.0877755 -0.318958 -0.611582
v 0.140295 -0.31145 -0.649242
v 0.12431 -0.337485 -0.635073
v 0.180794 -0.346014 -0.65531
v 0.165506 -0.367063 -0.639608
v -0.0304194 -0.332794 -0.543634
v -0.0471276 -0.329095 -0.570266
v -0.0302112 -0.327524 -0.497284
v -0.0107873 -0.326503 -0.480893
v -0.00726461 -0.330723 -0.515118
v -0.0293609 -0.297986 -0.685079
v -0.0193163 -0.289397 -0.721672
v -0.0346941 -0.276975 -0.711248
v 0.23139 -0.318804 -0.683792
v 0.255469 -0.30391 -0.696775
v 0.29656 -0.325112 -0.680963
v 0.192665 -0.406539 -0.558785
v 0.20656 -0.398033 -0.591569
v 0.214239 -0.382742 -0.551315
v 0.158108 -0.370762 -0.496582
v 0.16432 -0.396769 -0.509176
v 0.120532 -0.37777 -0.463956
v 0.0696241 -0.429271 -0.292154
v 0.0662027 -0.376978 -0.296741
v 0.0474585 -0.373765 -0.269948
v 0.00677986 -0.426049 -0.222221
v -0.0492765 -0.428838 -0.180915
v -0.102154 -0.409416 -0.183443
v -0.103036 -0.431287 -0.161216
v -0.185675 -0.517818 -0.121024
v -0.154806 -0.465091 -0.142322
v -0.1734 -0.488706 -0.133209
v -0.210282 -0.532372 -0.134232
v -0.185576 -0.476515 -0.153442
v -0.202716 -0.465267 -0.180267
v -0.236473 -0.434336 -0.258625
v -0.246353 -0.459966 -0.258113
v -0.254034 -0.503358 -0.287871
v -0.116531 -0.329468 -0.597133
v -0.143507 -0.335391 -0.514499
v -0.173131 -0.347478 -0.518034
v -0.131701 -0.307505 -0.7048
v -0.237607 -0.368411 -0.465528
v -0.238171 -0.365076 -0.400671
v -0.267651 -0.479989 -0.401402
v -0.263558 -0.478702 -0.372815
v -0.13756 -0.291308 -0.816114
v -0.120488 -0.315941 -0.800382
v -0.102438 -0.349129 -0.866017
v -0.0903397 -0.393128 -0.882625
v -0.0811773 -0.34919 -1.00442
v -0.0633007 -0.361108 -1.02666
v -0.0682203 -0.374334 -0.996624
v -0.0208492 -0.339 -1.01224
v -0.0413923 -0.362274 -1.00756
v 0.00768805 -0.265744 -0.996751
v 0.00787889 -0.239067 -0.990987
v 0.00984847 -0.260975 -0.968891
v 0.00719927 -0.249698 -0.925231
v 0.0124456 -0.269065 -0.939116
v -0.0138675 -0.261044 -0.788419
v 0.0853085 -0.295175 -0.598573
v 0.18082 -0.260214 -0.673521
v 0.182183 -0.28839 -0.674506
v 0.204104 -0.329795 -0.67077
v -0.0742216 -0.32141 -0.564533
v -0.038746 -0.329109 -0.519405
v 0.042024 -0.32438 -0.473638
v 0.0439791 -0.321517 -0.506406
v 0.018204 -0.326564 -0.492272
v -0.0509713 -0.293006 -0.658465
v 0.280694 -0.284925 -0.711788
v 0.302911 -0.300002 -0.703829
v 0.257282 -0.355 -0.653879
v 0.260888 -0.352397 -0.570561
v 0.167616 -0.343929 -0.502296
v -0.00493641 -0.372911 -0.238536
v -0.0399579 -0.401512 -0.2004
v -0.098594 -0.38817 -0.20864
v -0.0699961 -0.403036 -0.192174
v -0.193463 -0.442865 -0.194141
v -0.229581 -0.446998 -0.232914
v -0.260432 -0.455214 -0.330412
v -0.256334 -0.429752 -0.313084
v -0.257164 -0.481397 -0.341416
v -0.0932579 -0.325841 -0.536176
v -0.105318 -0.327744 -0.567132
v -0.133176 -0.329688 -0.486395
v -0.10227 -0.27821 -0.686432
v -0.121815 -0.281278 -0.709112
v -0.214996 -0.351194 -0.421659
v -0.265068 -0.42784 -0.34229
v -0.261421 -0.40063 -0.356418
v -0.140106 -0.300011 -0.783912
v -0.130229 -0.283274 -0.843703
v -0.114704 -0.306787 -0.829265
v -0.108462 -0.298244 -0.858401
v -0.0917887 -0.330807 -0.925745
v -0.0974227 -0.341149 -0.895346
v -0.090036 -0.34766 -0.952599
v -0.0922833 -0.376217 -0.945169
v -0.0721421 -0.329488 -1.03239
v -0.0211268 -0.333624 -1.04232
v -0.000123788 -0.296485 -1.02516
v 0.00804085 -0.245846 -1.02414
v 0.0055131 -0.27419 -1.02522
v 0.0005472 -0.219145 -0.980092
v 0.00730047 -0.241641 -0.957334
v -0.00602673 -0.226784 -0.916187
v -0.0335401 -0.222605 -0.827604
v 0.0715099 -0.292974 -0.576866
v 0.116035 -0.263109 -0.616724
v 0.169731 -0.237751 -0.659862
v 0.152928 -0.261562 -0.652969
v 0.205078 -0.272072 -0.688971
v -0.0763242 -0.322978 -0.475466
v -0.0438218 -0.323999 -0.470517
v 0.0264352 -0.324493 -0.405816
v 0.0352737 -0.32419 -0.438318
v 0.042588 -0.31416 -0.535731
v 0.306 -0.242546 -0.734911
v 0.379573 -0.263153 -0.731094
v 0.362721 -0.283251 -0.716218
v 0.321153 -0.32965 -0.663026
v 0.333841 -0.335414 -0.632788
v 0.345192 -0.317914 -0.608993
v 0.317888 -0.333381 -0.602334
v 0.147195 -0.324889 -0.497458
v 0.176855 -0.318654 -0.518318
v 0.12282 -0.328363 -0.485509
v 0.114389 -0.352038 -0.471575
v -0.0890614 -0.370306 -0.233018
v -0.122423 -0.403409 -0.195746
v -0.150434 -0.411215 -0.198641
v -0.180064 -0.419256 -0.207769
v -0.130668 -0.424603 -0.174165
v -0.105926 -0.324965 -0.479407
v -0.100312 -0.245722 -0.748231
v -0.133581 -0.288329 -0.736495
v -0.179645 -0.343029 -0.372546
v -0.157985 -0.334613 -0.390817
v -0.187685 -0.342222 -0.403864
v -0.252097 -0.404749 -0.32758
v -0.24414 -0.383647 -0.349016
v -0.142124 -0.262363 -0.859458
v -0.114857 -0.264099 -0.900338
v -0.0976222 -0.283549 -0.917945
v -0.0930555 -0.276471 -0.949001
v -0.0953259 -0.310559 -0.905564
v -0.0122073 -0.312806 -1.06692
v -0.000386976 -0.273351 -1.11581
v -0.00584449 -0.29449 -1.08875
v 0.00961424 -0.205202 -1.07674
v 0.00437644 -0.215634 -1.01545
v 0.00836477 -0.226853 -1.04741
v -0.00745548 -0.188228 -1.01978
v -0.0220437 -0.20821 -0.908716
v 0.104753 -0.254754 -0.572263
v 0.084597 -0.272772 -0.561243
v 0.201105 -0.200604 -0.671
v 0.135158 -0.255425 -0.63359
v 0.25486 -0.243211 -0.720258
v -0.0776806 -0.265872 -0.698283
v -0.0654554 -0.322582 -0.387004
v -0.0321229 -0.321616 -0.392487
v -0.0531693 -0.321135 -0.413967
v -0.0107179 -0.323817 -0.367581
v -0.00090469 -0.322605 -0.395175
v 0.057798 -0.32696 -0.445739
v 0.0644096 -0.300399 -0.52041
v 0.068878 -0.314556 -0.493545
v -0.0346998 -0.234246 -0.796894
v 0.302342 -0.214934 -0.742489
v 0.356891 -0.223747 -0.752825
v 0.343144 -0.266222 -0.727953
v 0.360171 -0.24838 -0.73938
v 0.384922 -0.240681 -0.746839
v 0.427312 -0.278672 -0.7124
v 0.376449 -0.297596 -0.696098
v 0.348558 -0.301252 -0.69879
v 0.361116 -0.324022 -0.629848
v 0.308053 -0.344574 -0.633869
v 0.286611 -0.296127 -0.56299
v 0.375689 -0.305052 -0.621718
v 0.389783 -0.284286 -0.616637
v 0.362777 -0.293128 -0.601438
v 0.0809152 -0.33881 -0.438104
v 0.0533412 -0.339914 -0.334704
v 0.0709112 -0.340982 -0.382144
v 0.0855399 -0.347087 -0.411218
v 0.0020251 -0.337615 -0.303766
v 0.0334632 -0.34038 -0.308996
v -0.0583724 -0.3656 -0.239352
v -0.0515237 -0.350202 -0.26764
v -0.134061 -0.389307 -0.217782
v -0.101359 -0.34683 -0.281103
v -0.0795316 -0.355723 -0.257775
v -0.193223 -0.376009 -0.282113
v -0.218004 -0.389802 -0.288562
v -0.206956 -0.396769 -0.262955
v -0.241367 -0.408459 -0.299246
v -0.130657 -0.328895 -0.39019
v -0.140901 -0.329283 -0.419699
v -0.127397 -0.21118 -0.855236
v -0.142055 -0.235741 -0.855013
v -0.19486 -0.358488 -0.329315
v -0.201894 -0.354306 -0.358726
v -0.125413 -0.243483 -0.920004
v -0.086548 -0.271378 -0.982493
v -0.0831324 -0.328927 -0.97928
v -0.0854982 -0.299349 -0.968683
v -0.0655277 -0.286799 -1.05464
v 0.0130443 -0.228285 -1.13051
v 0.0167637 -0.202437 -1.1362
v 0.0137934 -0.189966 -1.10547
v 0.0128043 -0.217592 -1.10372
v -0.00978078 -0.153397 -1.07487
v -0.00919364 -0.171043 -1.04666
v -0.0756734 -0.187962 -0.866451
v -0.0534731 -0.203519 -0.841177
v 0.134875 -0.231651 -0.614301
v 0.228436 -0.184031 -0.688602
v 0.245266 -0.195866 -0.707162
v 0.289007 -0.194099 -0.735348
v 0.2611 -0.21147 -0.721703
v -0.116688 -0.328965 -0.363056
v -0.0998724 -0.324768 -0.392281
v 0.00467146 -0.328704 -0.341438
v 0.0253998 -0.333115 -0.333248
v 0.0444708 -0.330052 -0.3871
v 0.0723226 -0.326665 -0.467078
v 0.132442 -0.252585 -0.537006
v 0.113539 -0.275795 -0.519467
v 0.394349 -0.187626 -0.77996
v 0.37134 -0.199719 -0.76805
v 0.435002 -0.248001 -0.749169
v 0.412496 -0.260619 -0.735086
v 0.405637 -0.294079 -0.690651
v 0.384061 -0.314313 -0.648837
v 0.333701 -0.301336 -0.587232
v 0.261716 -0.30618 -0.549206
v 0.405573 -0.26879 -0.636726
v 0.4036 -0.295916 -0.638661
v 0.158458 -0.296485 -0.510923
v 0.049697 -0.334896 -0.359498
v -0.0310152 -0.332962 -0.310815
v -0.164391 -0.366522 -0.273725
v -0.124288 -0.350737 -0.281769
v -0.119987 -0.177186 -0.916412
v -0.14167 -0.197092 -0.915698
v -0.143079 -0.217769 -0.885111
v -0.149531 -0.353149 -0.292473
v -0.175575 -0.357163 -0.307752
v -0.135952 -0.225534 -0.939122
v -0.108448 -0.192494 -1.01941
v -0.0960807 -0.215614 -1.0084
v -0.07928 -0.238344 -1.02845
v -0.0677604 -0.243622 -1.05656
v -0.0711067 -0.265536 -1.03974
v -0.0570883 -0.289654 -1.08257
v -0.017688 -0.269848 -1.14469
v 0.00560853 -0.249933 -1.14115
v 0.0165265 -0.173006 -1.13583
v -0.00909244 -0.135006 -1.10334
v 0.00634315 -0.161652 -1.10418
v -0.0256936 -0.164981 -1.02019
v -0.0249879 -0.180925 -0.988422
v -0.0383237 -0.189744 -0.919753
v -0.0550319 -0.185732 -0.894892
v 0.155213 -0.210616 -0.619041
v 0.17206 -0.198212 -0.596267
v 0.203625 -0.170722 -0.638249
v 0.272398 -0.178039 -0.722202
v 0.265833 -0.139301 -0.6917
v 0.280792 -0.149886 -0.717129
v -0.100222 -0.179242 -0.888821
v -0.123331 -0.333251 -0.335002
v -0.0924048 -0.328224 -0.33951
v 0.160043 -0.250453 -0.532978
v 0.125435 -0.298154 -0.49939
v 0.335275 -0.166473 -0.758524
v 0.417912 -0.208378 -0.775936
v 0.464772 -0.223533 -0.780207
v 0.458299 -0.273678 -0.701474
v 0.445384 -0.266664 -0.730536
v 0.314878 -0.274936 -0.600278
v 0.287168 -0.277972 -0.587796
v 0.256633 -0.284705 -0.571241
v 0.370585 -0.26984 -0.623866
v 0.207559 -0.280486 -0.551122
v 0.231331 -0.293477 -0.557002
v 0.19121 -0.261533 -0.535651
v -0.0659904 -0.329048 -0.323911
v -0.123823 -0.340464 -0.307518
v -0.144612 -0.163159 -0.984578
v -0.138969 -0.176844 -0.947804
v -0.124829 -0.15489 -0.968914
v -0.129673 -0.21437 -0.966456
v -0.15135 -0.203779 -0.942662
v -0.084162 -0.172373 -1.07171
v -0.0960026 -0.181871 -1.04698
v -0.0467458 -0.194481 -1.12042
v -0.0582682 -0.206359 -1.09225
v -0.0469049 -0.228238 -1.11404
v -0.0402789 -0.275688 -1.12719
v 0.0127465 -0.220091 -1.16083
v 0.0177037 -0.188945 -1.16983
v -0.026729 -0.110868 -1.10595
v -0.0103129 -0.101798 -1.16058
v -0.00994564 -0.116409 -1.12956
v -0.0480502 -0.126943 -1.05065
v -0.041618 -0.165125 -0.991141
v 0.215 -0.172017 -0.665031
v 0.240989 -0.156428 -0.680638
v 0.306012 -0.133485 -0.730545
v 0.198408 -0.192341 -0.581914
v 0.435469 -0.127894 -0.820799
v 0.483153 -0.178504 -0.825311
v 0.45285 -0.177484 -0.810187
v 0.488744 -0.219224 -0.791691
v 0.321944 -0.256712 -0.62509
v 0.351179 -0.254991 -0.637854
v 0.247192 -0.246323 -0.587065
v 0.432217 -0.279063 -0.65224
v 0.213206 -0.24733 -0.550735
v 0.208791 -0.214327 -0.560653
v -0.128175 -0.139622 -0.999476
v -0.146483 -0.193003 -0.977015
v -0.146714 -0.152157 -1.01959
v -0.13662 -0.18002 -1.00695
v -0.132777 -0.143549 -1.05206
v -0.123429 -0.16737 -1.03478
v -0.0861287 -0.152035 -1.08656
v -0.0480589 -0.165047 -1.12791
v -0.0343499 -0.215591 -1.14381
v -0.0477523 -0.109017 -1.08123
v -0.0729664 -0.122998 -1.0311
v -0.048672 -0.142751 -1.02304
v -0.0756069 -0.1357 -1.00443
v 0.253923 -0.166548 -0.59397
v 0.24917 -0.140542 -0.634195
v 0.255341 -0.135547 -0.663092
v 0.33427 -0.0882481 -0.692555
v 0.283362 -0.118862 -0.673781
v 0.39441 -0.0677338 -0.780756
v 0.372819 -0.093535 -0.774094
v 0.436525 -0.0752592 -0.824466
v 0.419844 -0.101882 -0.815111
v 0.457288 -0.153961 -0.825745
v 0.471869 -0.199765 -0.803835
v 0.499228 -0.241832 -0.748712
v 0.334118 -0.233149 -0.648876
v 0.306954 -0.238497 -0.631623
v 0.292277 -0.256909 -0.611491
v 0.44016 -0.237878 -0.690296
v -0.128277 -0.124415 -1.02828
v -0.0912826 -0.129028 -1.10045
v -0.0394835 -0.115863 -1.15807
v 0.00478137 -0.127278 -1.15339
v -0.0694697 -0.0960395 -1.08395
v -0.0823486 -0.0863305 -1.1055
v 0.280128 -0.174224 -0.601946
v 0.29899 -0.15799 -0.617993
v 0.299804 -0.124314 -0.626636
v 0.355499 -0.0739721 -0.702546
v 0.412509 -0.0727372 -0.802737
v 0.473275 -0.0920483 -0.851779
v 0.489288 -0.122648 -0.857478
v 0.429088 -0.214188 -0.708311
v 0.379637 -0.218772 -0.681576
v 0.268296 -0.237271 -0.6089
v 0.470724 -0.245325 -0.69782
v 0.275206 -0.205318 -0.60685
v -0.1137 -0.133384 -1.07695
v -0.0641308 -0.096375 -1.13979
v 0.295562 -0.188381 -0.626298
v 0.333678 -0.0900701 -0.666077
v 0.41734 -0.0426267 -0.786083
v 0.45351 -0.0435724 -0.824835
v 0.444715 -0.196523 -0.729889
v 0.456604 -0.22185 -0.714071
v 0.371897 -0.193726 -0.693671
v 0.354315 -0.212728 -0.673739
v 0.333283 -0.170256 -0.666048
v 0.331704 -0.201541 -0.665236
v 0.33703 -0.140331 -0.658587
v 0.481052 -0.0533335 -0.828604
v 0.497829 -0.113456 -0.816079
v 0.516475 -0.132791 -0.84208
v 0.485865 -0.184778 -0.761915
v 0.509972 -0.192994 -0.779211
v 0.470494 -0.203664 -0.737548
v 0.407375 -0.155118 -0.726859
v 0.384851 -0.145713 -0.711751
v 0.390978 -0.176737 -0.710648
v 0.351536 -0.147625 -0.679946
v 0.38918 -0.0700041 -0.699156
v 0.464283 -0.0799937 -0.791942
v 0.466421 -0.0564022 -0.800422
v 0.509859 -0.146314 -0.81095
v 0.43157 -0.166996 -0.739511
v 0.397831 -0.12226 -0.722626
v 0.427138 -0.0669876 -0.747686
v 0.417721 -0.0429303 -0.733778
v 0.407745 -0.0749903 -0.724413
v 0.447985 -0.0577585 -0.774215
v 0.478853 -0.105459 -0.799184
v 0.457151 -0.103799 -0.779275
v 0.438121 -0.116091 -0.759502
v 0.440985 -0.0871923 -0.765169
v 0.341614 -0.0902292 -0.723974
v 0.354049 -0.0901829 -0.748994
v 0.411739 -0.229549 -0.686768
v 0.418742 -0.253071 -0.664385
v 0.377239 -0.119085 -0.785153
v 0.19235 -0.188861 -0.653058
v -0.0855676 -0.213777 -0.8033
v -0.103667 -0.193917 -0.859014
v -0.0577477 -0.214099 -0.810573
v -0.1427 -0.274106 -0.797984
v -0.118576 -0.245739 -0.769719
v -0.0762259 -0.30465 -0.614306
v 0.171587 -0.316971 -0.663134
v -0.139007 -0.30528 -0.756533
v 0.24731 -0.372385 -0.624646
v 0.00159998 -0.336212 -0.546507
v 0.421539 -0.607823 -0.55715
v 0.557006 -0.575419 -0.551731
v 0.443453 -0.591153 -0.468487
v 0.380811 -0.612474 -0.517795
v 0.349177 -0.631314 -0.400151
v 0.885194 -0.675269 -0.573038
v -0.107994 -0.866364 -0.707814
v 0.978436 -0.805122 -0.344794
v -0.171578 -1.01415 -0.648824
v 0.982716 -0.850544 -0.309461
v 1.04273 -0.91836 -0.531288
v -0.0914127 -1.04066 -0.727524
v 1.05204 -0.967137 -0.482251
v 1.0532 -0.976114 -0.513791
v 1.03376 -1.12174 -0.335893
v 1.05274 -1.06747 -0.391694
v 1.05635 -1.05707 -0.419778
v -0.0726974 -1.06778 -0.729661
v 0.854008 -1.13454 -0.144202
v 1.0205 -1.12833 -0.310069
v 0.50012 -1.39329 -0.112957
v 0.433922 -0.59965 -0.416298
v 0.710973 -1.42091 -0.151791
v 0.543114 -1.40382 -0.848014
v 0.912395 -1.34486 -0.682159
v 0.939443 -1.31545 -0.670208
v 0.120417 -1.27344 -0.677131
v 0.170355 -1.25857 -0.214924
v 0.972093 -1.23065 -0.692426
v 1.02323 -1.0502 -0.643595
v 0.333392 -1.19192 -0.210583
v 1.01276 -1.09845 -0.293638
v 0.150154 -1.03027 -0.793775
v 1.05857 -1.05147 -0.445711
v 1.06114 -1.0639 -0.472312
v 1.05504 -1.00773 -0.455549
v 1.05756 -1.01782 -0.485521
v 1.0465 -1.07989 -0.364934
v 0.131592 -1.00631 -0.798816
v 1.05242 -0.994746 -0.428789
v 1.02897 -0.941234 -0.351301
v 1.0229 -0.910117 -0.354781
v 0.958667 -0.861581 -0.264696
v 0.992425 -0.837567 -0.339685
v 0.429191 -0.915338 -0.88791
v 0.871471 -0.849251 -0.755935
v 1.00407 -0.812983 -0.488394
v 0.990814 -0.788946 -0.488731
v 0.964339 -0.821643 -0.301042
v -0.0682203 -0.777719 -0.695451
v -0.108202 -0.805189 -0.683783
v -0.0825597 -0.848514 -0.716637
v -0.0443887 -0.784941 -0.71132
v -0.0572849 -0.704558 -0.672443
v 0.872197 -0.779113 -0.711483
v -0.225604 -0.829758 -0.523601
v 0.397613 -0.655012 -0.309131
v 0.425409 -0.640612 -0.314886
v 0.459048 -0.612665 -0.34329
v 0.418572 -0.59832 -0.475276
v 0.459152 -0.609269 -0.594126
v 0.50418 -0.586806 -0.558533
v 0.0447456 -0.576706 -0.219098
v 0.109279 -0.4953 -0.347312
v -0.044111 -0.416447 -0.821303
v 0.0115433 -0.314504 -0.788558
v 0.0098803 -0.346335 -0.841139
v 0.0907487 -0.381813 -0.357882
v -0.249231 -0.522174 -0.20641
v -0.242645 -0.535455 -0.178636
v 0.00175615 -0.359789 -0.869737
v 0.00262959 -0.300552 -0.762908
v -0.0713612 -0.444227 -0.159669
v -0.106869 -0.376428 -0.858272
v 0.041703 -0.343159 -0.581872
v 0.228933 -0.290013 -0.69639
v 0.235556 -0.342526 -0.668046
v -0.0012864 -0.247642 -0.869372
v 0.251434 -0.333997 -0.550685
v 0.277361 -0.326391 -0.564606
v -0.011279 -0.400205 -0.218499
v -0.102684 -0.295129 -0.653843
v 0.19182 -0.22661 -0.674989
v -0.0774464 -0.281102 -0.666894
v -0.0665081 -0.321592 -0.445784
v -0.154011 -0.33271 -0.466065
v -0.0924597 -0.22919 -0.776844
v -0.101359 -0.261875 -0.717035
v -0.147475 -0.335628 -0.358332
v -0.0784528 -0.250239 -0.728137
v -0.0534441 -0.243958 -0.748798
v 0.396186 -0.281848 -0.714465
v 0.379786 -0.308115 -0.672366
v 0.00940018 -0.235397 -1.07662
v 0.154281 -0.229184 -0.555443
v 0.127398 -0.238853 -0.56409
v 0.107937 -0.259454 -0.545455
v 0.217426 -0.213162 -0.690427
v 0.086581 -0.279497 -0.532127
v 0.316456 -0.189477 -0.749658
v -0.125691 -0.19567 -0.884356
v 0.142062 -0.273547 -0.516357
v 0.439992 -0.227888 -0.767997
v -0.0973967 -0.153961 -0.954968
v 0.317543 -0.106989 -0.714796
v 0.406068 -0.130202 -0.80218
v 0.384534 -0.255882 -0.648856
v -0.102444 -0.125465 -1.01473
v -0.0782301 -0.147844 -0.975881
v 0.308167 -0.104783 -0.685568
v 0.350701 -0.115597 -0.762665
v 0.396157 -0.0974625 -0.796837
v 0.462462 -0.0713982 -0.842855
v 0.428009 -0.155893 -0.807795
v 0.36221 -0.236799 -0.659474
v 0.354324 -0.120432 -0.672351
v 0.350317 -0.182204 -0.682112
v 0.518535 -0.176387 -0.808164
v 0.177844 -0.581961 -0.556319
v 0.089184 -0.50061 -0.607451
v 0.431518 -1.14961 -0.0725941
v 0.181685 -1.42323 -0.1707
v 0.112984 -1.43277 -0.148847
v -0.0193597 -1.43896 -0.282497
v -0.0158573 -1.44465 -0.307685
v -0.00425673 -1.42879 -0.639037
v 0.231013 -1.44058 -0.846229
v 0.753062 -1.44788 -0.801535
v 0.79381 -1.43973 -0.763926
v 0.831492 -1.43533 -0.674646
v 0.920809 -1.44111 -0.613208
v 0.961039 -1.4598 -0.389962
v 0.877377 -1.44972 -0.304657
v 0.813433 -1.43214 -0.187741
v 0.637679 -1.43948 -0.139736
v 0.472018 -1.42891 -0.093898
v -0.072252 -1.44266 -0.546207
v 0.209213 -1.44373 -0.823835
v 0.655199 -1.3848 -0.846357
v 1.01274 -1.17712 -0.643472
v 0.184283 -1.18023 -0.195934
v 0.398542 -1.15014 -0.949496
v 0.0810917 -1.16213 -0.725343
v 0.50083 -1.19911 -0.0580377
v 0.697929 -1.09432 -0.0498413
v 0.90441 -1.00002 -0.168502
v 0.701949 -0.958084 -0.064389
v 0.379179 -0.922539 -0.868683
v 0.720908 -0.933078 -0.865804
v 0.738007 -0.592943 -0.58166
v -0.24259 -0.719806 -0.54144
v -0.218235 -0.730487 -0.562951
v 0.0925187 -0.693386 -0.24896
v 0.0964058 -0.596529 -0.249139
v 0.115309 -0.312097 -0.631657
v 0.182936 -0.368631 -0.51448
v -0.102805 -0.329277 -0.847141
v -0.218597 -1.04892 -0.459823
v -0.00869623 -1.41604 -0.273725
v 0.0639034 -1.42915 -0.147467
v 0.00172724 -1.4375 -0.194584
v 0.0386836 -1.42039 -0.161772
v 0.0142475 -1.44558 -0.353621
v -0.0639659 -1.44244 -0.576442
v 0.0389554 -1.44415 -0.66814
v 0.175709 -1.44342 -0.751401
v 0.415369 -1.44003 -0.858374
v 0.445369 -1.44443 -0.85265
v 0.824213 -1.428 -0.708432
v 0.942896 -1.452 -0.591379
v 0.89593 -1.45112 -0.324746
v 0.855179 -1.44394 -0.254964
v 0.502449 -1.41943 -0.10472
v 0.383545 -1.42053 -0.0727156
v 0.374158 -1.44143 -0.0684323
v 0.659622 -1.43325 -0.821812
v 1.06722 -1.31313 -0.286648
v 1.0145 -1.25482 -0.291622
v -0.0348213 -1.18205 -0.647984
v 0.952507 -1.04993 -0.748357
v 0.602384 -1.1895 -0.0417866
v -0.0832741 -0.797108 -0.695592
v 0.0117168 -0.696926 -0.183362
v 0.713813 -0.742371 -0.761754
v 0.292388 -0.668415 -0.676971
v -0.146153 -0.551203 -0.64188
v 0.578697 -0.568383 -0.405048
v 0.126195 -0.52277 -0.348428
v -0.113561 -0.227501 -0.798893
v 0.0415034 -1.44246 -0.151418
v 0.528753 -1.44077 -0.838819
v 0.840857 -1.44538 -0.645832
v 0.889735 -1.44963 -0.615554
v 0.916196 -1.45819 -0.595927
v 0.980848 -1.45157 -0.558022
v 0.784243 -1.43028 -0.169994
v 0.925257 -0.698464 -0.483917
v 0.0194592 -1.4404 -0.169474
v -0.0088842 -1.43449 -0.223332
v -0.0213669 -1.43999 -0.460872
v -0.0577969 -1.44873 -0.49602
v -0.0690214 -1.44262 -0.517061
v -0.0503466 -1.44146 -0.601637
v 0.361694 -1.43809 -0.868194
v 0.812953 -1.4474 -0.700246
v 0.856246 -1.45424 -0.28145
v 0.580777 -1.44012 -0.127031
v 0.500659 -1.44304 -0.101898
v 0.305827 -1.43616 -0.097331
v 0.249913 -1.4417 -0.164997
v 0.821899 -1.45136 -0.203254
v 0.956102 -1.38008 -0.644214
v 0.364609 -1.36341 -0.840063
v 0.234303 -1.01453 -0.169884
v -0.144013 -0.940592 -0.694374
v -0.00176941 -0.742428 -0.22343
v 0.502897 -0.205089 -0.80926
v 0.451908 -0.260854 -0.670621
v 0.508287 -0.168726 -0.843509
v 0.0113321 -1.44322 -0.657171
v 0.955703 -1.458 -0.567041
v 0.796075 -1.45137 -0.182971
v 0.60854 -1.43778 -0.134134
v 0.19451 -1.44565 -0.799365
v 0.407649 -1.43517 -0.0749078
v 0.636368 -1.44609 -0.823342
v 0.861311 -1.4513 -0.623854
v 0.33611 -1.4422 -0.0774038
v 0.370034 -0.0968407 -0.68393
v 0.124648 -1.44786 -0.150489
v 0.0865087 -1.44139 -0.141839
v -0.00636797 -1.44651 -0.439803
v 0.388036 -1.44576 -0.863487
v 0.554838 -1.4482 -0.118085
v 0.263611 -1.44435 -0.142527
v 0.427261 -0.667524 -0.684822
v -0.11693 -0.583963 -0.660226
v -0.00695511 -0.199947 -0.995968
v -0.0782417 -0.175884 -0.89868
v -0.0588091 -0.149369 -0.996239
v 0.485278 -0.237491 -0.771004
v 0.196941 -1.44045 -0.170182
v -0.0139108 -1.44651 -0.646765
v 0.336533 -1.44514 -0.873108
v 0.552399 -1.44714 -0.836109
v 0.794125 -1.4501 -0.748503
v 0.96737 -1.4621 -0.54129
v 0.768853 -1.4506 -0.169132
v -0.018414 -1.45019 -0.24026
v 0.181357 -1.45038 -0.775639
v 0.820866 -1.45138 -0.667805
v 0.4713 -1.44651 -0.0933022
v 0.683073 -1.44528 -0.817107
f 5515 102 5155 
f 5273 5264 2 
f 6 5268 5526 
f 5262 24 5514 
f 5219 5403 5409 
f 5516 5189 18 
f 5402 5186 80 
f 53 52 5228 
f 5194 55 56 
f 5253 5414 5254 
f 5221 5189 5514 
f 5219 5188 5403 
f 65 5206 51 
f 5206 5173 51 
f 5132 166 5176 
f 5085 5086 5087 
f 31 53 5246 
f 5147 5090 5536 
f 238 191 4998 
f 5234 5233 5247 
f 4993 5047 5048 
f 5188 5220 5411 
f 60 76 5152 
f 13 5257 5413 
f 5129 67 93 
f 5405 5210 5208 
f 5192 5223 5224 
f 189 288 142 
f 209 4974 266 
f 124 167 208 
f 69 67 94 
f 94 5128 5127 
f 98 99 136 
f 5243 5515 5155 
f 5397 5044 5095 
f 5105 75 5153 
f 4999 287 4947 
f 78 77 5211 
f 306 351 307 
f 5202 54 5245 
f 5077 131 5078 
f 313 356 437 
f 131 5077 5124 
f 5378 4844 4948 
f 250 249 4987 
f 5151 5001 4999 
f 5049 5156 5155 
f 5404 5193 5160 
f 238 289 5377 
f 73 5155 5156 
f 4993 5389 4994 
f 5383 272 217 
f 258 5030 5029 
f 119 5136 5134 
f 5183 162 5138 
f 119 5135 5136 
f 125 5081 5082 
f 4863 357 268 
f 5014 4955 5072 
f 95 5076 5122 
f 5290 5043 4981 
f 153 178 5074 
f 4907 179 180 
f 5148 5386 132 
f 5066 4950 183 
f 285 184 4948 
f 4946 338 190 
f 338 4946 239 
f 4992 246 148 
f 5374 292 4945 
f 5046 4993 4994 
f 259 295 4991 
f 4991 205 260 
f 197 199 5037 
f 4874 346 5452 
f 5141 204 5092 
f 304 4867 351 
f 5016 135 5076 
f 5020 4969 4970 
f 5017 173 95 
f 5076 135 134 
f 5003 284 5064 
f 318 441 4778 
f 5454 269 4967 
f 4856 4822 362 
f 179 5071 180 
f 410 325 4904 
f 5006 5005 182 
f 284 4951 4949 
f 5004 4899 4950 
f 5142 118 117 
f 4891 287 336 
f 102 5195 143 
f 205 4991 5041 
f 5372 259 260 
f 4879 4938 250 
f 4871 4872 348 
f 263 161 163 
f 4867 307 351 
f 4931 304 4929 
f 5178 5134 5085 
f 4970 212 5020 
f 213 5017 5018 
f 4920 212 4970 
f 176 222 5292 
f 312 311 220 
f 179 228 229 
f 151 5039 5038 
f 5373 245 4886 
f 5384 5292 5009 
f 5393 5392 118 
f 5385 4960 5034 
f 4834 4876 4835 
f 5032 256 4983 
f 266 4926 4923 
f 5364 431 4829 
f 211 210 4970 
f 310 354 4921 
f 4717 467 501 
f 4963 5014 4964 
f 5164 5117 139 
f 361 4915 314 
f 134 135 133 
f 248 249 250 
f 321 318 4778 
f 4877 4796 4878 
f 174 270 5015 
f 411 4813 449 
f 4813 446 449 
f 4806 488 418 
f 333 4800 332 
f 5059 286 141 
f 4804 4843 4761 
f 4801 4760 456 
f 188 4840 335 
f 5001 108 5002 
f 337 4892 4836 
f 292 293 4887 
f 4885 4886 292 
f 294 343 342 
f 386 4754 427 
f 382 291 4835 
f 4932 388 301 
f 4831 391 5364 
f 5086 5085 5134 
f 4789 4826 4828 
f 4925 4866 309 
f 398 355 4824 
f 5122 96 95 
f 4781 4780 400 
f 218 4962 5013 
f 274 4912 320 
f 437 356 4715 
f 364 4856 4912 
f 4743 2292 476 
f 4666 573 4615 
f 4698 4697 4739 
f 449 369 4812 
f 4851 5367 282 
f 4899 5007 4900 
f 4894 333 334 
f 188 335 4837 
f 5062 235 5063 
f 4892 337 5453 
f 4947 4891 5453 
f 4680 4726 4682 
f 5297 259 4797 
f 5092 116 118 
f 348 5372 4871 
f 5010 317 4913 
f 5486 5384 5288 
f 499 565 4718 
f 435 4749 4787 
f 468 4710 4712 
f 470 4672 528 
f 4747 4668 4745 
f 478 407 448 
f 4769 4697 4696 
f 4901 4848 4903 
f 645 4549 4548 
f 4731 416 4763 
f 4846 4900 5370 
f 490 4730 4762 
f 4649 4729 4686 
f 4803 421 5361 
f 5002 108 236 
f 347 344 4832 
f 429 4753 4793 
f 627 4674 501 
f 306 309 4866 
f 4779 4785 527 
f 4781 440 4780 
f 399 4781 400 
f 4820 4822 4708 
f 404 402 403 
f 4744 365 442 
f 536 4550 4661 
f 446 4769 449 
f 580 4548 4607 
f 4481 707 4480 
f 4811 412 4767 
f 4690 4691 4655 
f 4730 4686 4729 
f 4803 4760 4841 
f 419 4761 4762 
f 4628 563 4678 
f 625 4500 4499 
f 495 494 4682 
f 464 4676 465 
f 429 4676 4753 
f 5295 4965 4862 
f 316 320 4860 
f 567 4621 4670 
f 4776 469 4777 
f 440 470 528 
f 4849 4901 4904 
f 4695 4696 513 
f 4769 369 449 
f 4769 480 369 
f 4476 710 581 
f 4475 581 779 
f 491 4652 4651 
f 488 416 486 
f 418 328 4806 
f 5450 4405 713 
f 4725 496 494 
f 562 4680 4632 
f 319 4779 318 
f 5362 4750 398 
f 4719 4751 435 
f 441 4706 4746 
f 4706 527 529 
f 569 4553 533 
f 4708 4709 4672 
f 401 322 4776 
f 477 511 4698 
f 773 4410 4483 
f 512 579 4659 
f 4767 4850 4811 
f 4471 4335 717 
f 615 4574 4639 
f 539 4470 587 
f 4684 4644 520 
f 4553 570 636 
f 4702 4700 4701 
f 4276 4200 4338 
f 492 519 4728 
f 4597 549 548 
f 4511 4437 4510 
f 553 4635 4566 
f 4447 737 739 
f 571 767 4555 
f 773 4412 771 
f 705 4411 4482 
f 4654 487 4690 
f 492 5485 4685 
f 718 716 784 
f 5319 2285 2339 
f 595 594 4536 
f 620 4576 5358 
f 5302 4334 835 
f 722 4468 5301 
f 5484 588 599 
f 671 4383 4384 
f 2287 2328 2330 
f 561 553 4567 
f 4310 853 4382 
f 4380 4310 4382 
f 4513 611 4577 
f 720 5300 5357 
f 722 4466 4469 
f 544 547 5299 
f 557 2317 2315 
f 4535 4596 4598 
f 674 673 4523 
f 4565 4561 4564 
f 520 4644 542 
f 495 458 4684 
f 428 4676 429 
f 4556 4492 5483 
f 4353 4293 815 
f 4215 816 930 
f 4412 4413 771 
f 4702 508 510 
f 535 508 4664 
f 643 4481 579 
f 4694 4738 4737 
f 4339 885 4277 
f 648 779 4406 
f 5360 485 4603 
f 4335 4336 717 
f 803 804 4435 
f 730 729 4453 
f 4463 2331 4397 
f 3951 1056 1011 
f 731 666 4386 
f 667 731 4526 
f 2315 4516 557 
f 4597 548 4583 
f 736 4445 4521 
f 4523 4522 674 
f 4443 4379 741 
f 852 676 800 
f 804 4371 752 
f 760 759 812 
f 4512 4513 683 
f 4516 2315 681 
f 5300 4535 592 
f 4642 4636 4637 
f 4645 540 4644 
f 4502 4503 761 
f 427 4795 4797 
f 627 4718 565 
f 4072 4065 983 
f 698 5448 4490 
f 4349 5448 698 
f 4288 880 4287 
f 573 4489 637 
f 475 4742 476 
f 941 4049 4125 
f 4279 4340 777 
f 4611 4550 536 
f 4340 709 4408 
f 942 4046 992 
f 647 4544 5480 
f 4472 780 5450 
f 886 998 4200 
f 4335 4272 4336 
f 556 4638 4639 
f 5357 4468 4469 
f 552 4581 4580 
f 959 958 4184 
f 4189 4186 844 
f 665 4457 4528 
f 4393 842 791 
f 4251 4177 964 
f 4020 4100 4180 
f 800 4313 852 
f 602 4524 4525 
f 4310 676 852 
f 740 856 4243 
f 859 860 745 
f 687 869 807 
f 595 4536 591 
f 4228 923 4304 
f 4566 4505 4567 
f 613 721 5301 
f 4364 2299 759 
f 4360 759 814 
f 2302 979 981 
f 4748 4747 469 
f 1094 4062 4136 
f 4136 4062 984 
f 810 4289 872 
f 769 826 4346 
f 825 4285 4207 
f 707 4481 643 
f 4688 4689 4690 
f 4544 538 4546 
f 650 715 4538 
f 650 585 4403 
f 784 4402 718 
f 4463 2328 2331 
f 2337 2336 4461 
f 4528 4456 653 
f 727 842 790 
f 3780 1013 1114 
f 795 796 4316 
f 4182 792 848 
f 4250 4251 904 
f 4247 4244 4313 
f 4584 675 4521 
f 4241 971 916 
f 802 909 4309 
f 754 753 4434 
f 4372 803 4438 
f 867 866 4157 
f 859 913 915 
f 4586 609 4634 
f 4236 861 862 
f 870 4226 4368 
f 4345 879 4289 
f 4434 806 768 
f 4425 4424 4498 
f 4703 474 444 
f 982 4138 4139 
f 4287 822 820 
f 3917 1093 3922 
f 4665 531 4618 
f 4434 4344 806 
f 4483 639 4484 
f 938 4207 4285 
f 3899 1043 3967 
f 4473 584 582 
f 4035 947 4118 
f 4271 4196 4270 
f 783 4332 782 
f 541 651 4533 
f 836 4332 837 
f 723 654 4530 
f 893 4263 4329 
f 2309 895 4261 
f 1004 4113 4114 
f 4104 1009 4186 
f 2310 661 4390 
f 4387 792 4255 
f 899 4251 4250 
f 4317 4318 961 
f 599 4593 4641 
f 909 802 5447 
f 4439 4376 747 
f 4087 4169 5352 
f 4515 4440 4442 
f 743 4241 4236 
f 4504 4431 4506 
f 4370 4233 865 
f 4000 1084 4001 
f 1027 3995 1026 
f 4442 4440 744 
f 4367 4368 807 
f 2317 557 2318 
f 4146 4145 981 
f 694 4424 4425 
f 4070 3987 5351 
f 4295 875 4140 
f 817 818 4216 
f 4214 817 4135 
f 772 770 882 
f 4205 993 4044 
f 2308 4106 4260 
f 4033 3960 1047 
f 4327 4325 5354 
f 2313 2314 2295 
f 904 905 903 
f 3873 1116 4018 
f 4316 4178 4252 
f 729 851 798 
f 910 965 966 
f 678 4449 4451 
f 4175 905 4176 
f 918 4236 4241 
f 4150 4234 4227 
f 4224 977 4149 
f 4507 4569 4515 
f 4142 4143 4144 
f 4292 4417 5448 
f 4491 4417 637 
f 4065 1093 1094 
f 641 642 4552 
f 642 641 4551 
f 4277 4201 780 
f 1000 3962 4036 
f 716 4470 4537 
f 4326 4462 5356 
f 4192 950 4115 
f 3785 3706 5444 
f 670 669 4526 
f 3950 1013 3874 
f 1125 3762 3862 
f 4310 852 4311 
f 1129 1065 1132 
f 4171 4091 968 
f 758 756 757 
f 4149 4148 4223 
f 1140 1141 3844 
f 3985 1154 1097 
f 4074 4075 4146 
f 4143 4071 4144 
f 4137 4218 982 
f 817 4216 983 
f 4058 4056 988 
f 3847 1077 1137 
f 3904 3813 3969 
f 991 990 1041 
f 4193 4194 4265 
f 4034 887 4035 
f 1010 4024 959 
f 3861 3860 1015 
f 4174 4092 966 
f 4173 4247 4249 
f 914 4168 4242 
f 3688 1333 1334 
f 4163 975 4237 
f 753 805 4231 
f 4153 1079 921 
f 1096 985 3985 
f 3909 3975 3976 
f 931 880 4288 
f 1165 3721 3903 
f 4055 3970 1039 
f 3965 3966 3967 
f 3892 1172 1104 
f 1048 4030 4114 
f 2308 2309 4108 
f 1125 3862 3861 
f 4101 4258 4102 
f 849 4253 4255 
f 3940 3860 1128 
f 1127 3761 3859 
f 1064 1017 4014 
f 1131 3857 3939 
f 4086 4004 1073 
f 1021 1020 4086 
f 919 4232 4233 
f 3930 4078 3994 
f 4077 4150 4151 
f 3832 1086 1087 
f 4350 815 4351 
f 3923 3920 1032 
f 4072 1088 4065 
f 3922 1232 3917 
f 927 928 978 
f 1163 3813 3904 
f 4282 776 4280 
f 1051 4027 4028 
f 3792 1255 3793 
f 3875 3783 1053 
f 3777 3544 3703 
f 4015 1060 1059 
f 1124 1123 3944 
f 1123 1125 3943 
f 1126 1273 3692 
f 3941 3942 3943 
f 3692 1273 3693 
f 1288 1220 3747 
f 1213 1282 1283 
f 1082 1030 1083 
f 1086 3831 3924 
f 4349 4350 4351 
f 5347 3921 5350 
f 4072 930 4073 
f 1228 3830 3922 
f 3907 1159 1099 
f 1418 1417 3483 
f 3645 1304 1358 
f 1243 1242 3812 
f 4124 3965 993 
f 3890 1174 1173 
f 3467 3321 1427 
f 3956 3878 1113 
f 3621 1320 3622 
f 4256 4181 4101 
f 4018 1116 1062 
f 3770 5346 1269 
f 1331 3693 1273 
f 1126 1127 1128 
f 3607 1329 3608 
f 4008 969 4088 
f 4088 914 4170 
f 4002 1075 1025 
f 3839 1289 1222 
f 3742 3836 3838 
f 3753 1207 1281 
f 4230 920 4306 
f 1218 3744 3840 
f 1209 1146 3673 
f 1210 1211 1212 
f 3835 1223 3741 
f 3584 3430 1405 
f 4059 1037 4058 
f 3488 3422 1415 
f 2306 3649 3573 
f 1156 1155 3913 
f 1477 3235 3323 
f 3477 3566 3568 
f 3900 1167 3808 
f 3890 1173 3961 
f 3710 1177 3792 
f 1483 3398 1484 
f 3952 1054 1052 
f 3547 1322 1438 
f 3547 3617 1322 
f 3538 3612 1385 
f 3537 1325 3697 
f 1119 1121 3946 
f 1443 1328 1327 
f 1196 1272 3767 
f 1126 1128 1198 
f 3694 3607 1330 
f 3368 3370 3522 
f 1279 3689 3688 
f 1286 3748 1216 
f 1345 1410 3731 
f 3846 1285 3749 
f 1218 1219 1220 
f 1218 1220 1288 
f 1291 3585 3662 
f 3658 1293 1294 
f 3979 1095 3912 
f 3730 1154 3731 
f 3655 1347 3586 
f 3422 3418 1528 
f 1476 2307 3324 
f 3641 1241 3565 
f 3809 3811 3900 
f 1310 1245 1307 
f 1426 1425 3558 
f 3631 1428 1370 
f 3555 1253 1254 
f 3400 3401 3314 
f 1373 3400 1484 
f 3622 3549 1378 
f 1260 3621 3622 
f 4103 846 897 
f 1438 3618 3458 
f 3697 3531 3612 
f 3770 1193 3771 
f 1195 3609 1329 
f 1569 1505 3370 
f 1333 1446 1448 
f 3684 3682 3683 
f 4080 1139 3997 
f 1336 3677 1451 
f 1338 1339 1396 
f 3501 1397 1338 
f 1515 1457 3508 
f 3433 3182 3344 
f 3655 3586 1291 
f 1465 3336 3341 
f 3820 3732 1234 
f 1350 3494 3578 
f 3491 1351 1352 
f 3487 3489 3488 
f 3339 3254 1589 
f 3479 1358 3570 
f 1422 3478 3568 
f 3472 3411 1424 
f 3886 1366 3712 
f 3632 3468 3633 
f 1366 3632 3633 
f 3628 1372 1255 
f 5441 3074 1691 
f 1376 1319 3623 
f 3402 1431 3403 
f 3541 1381 1326 
f 3768 1324 3769 
f 1385 3531 3532 
f 1327 1500 3529 
f 1388 3526 3608 
f 3605 1390 3691 
f 3368 3369 3370 
f 3599 3598 3684 
f 3357 3195 3278 
f 3352 1645 1454 
f 1399 1400 3590 
f 3498 1465 1346 
f 3734 3733 3824 
f 3425 5315 3339 
f 1590 1526 1525 
f 3576 1236 1414 
f 3483 3495 1418 
f 3567 3566 3643 
f 2297 3472 1311 
f 1479 3160 3161 
f 1608 1683 1748 
f 3406 3408 1609 
f 3312 3149 3148 
f 1182 1318 1374 
f 3708 3709 1318 
f 3212 3219 1699 
f 1381 3454 3540 
f 1186 3702 3703 
f 3527 3526 1388 
f 3599 1333 1448 
f 3934 1134 1207 
f 1509 1572 3438 
f 3506 1517 3432 
f 1644 3188 3353 
f 1578 1518 1644 
f 1299 3655 3728 
f 1660 1663 3252 
f 1467 3420 3486 
f 3425 3339 3427 
f 1590 1525 3176 
f 5330 1526 1590 
f 1589 3255 1522 
f 1739 1668 1669 
f 1469 1470 3482 
f 1677 1745 1676 
f 3328 3239 1532 
f 3565 3477 3476 
f 2297 2307 1476 
f 3633 3712 1366 
f 1539 1683 1608 
f 2980 2979 1868 
f 1378 1377 1321 
f 3871 1190 1270 
f 3212 3218 3219 
f 1769 3206 1767 
f 1635 3365 3367 
f 5477 3199 1717 
f 1718 3363 3281 
f 1887 1886 3025 
f 3745 3664 1288 
f 1849 5439 1846 
f 5336 1412 3493 
f 1406 3494 3580 
f 3487 1467 3654 
f 1520 3430 3431 
f 3341 3257 3256 
f 3335 1529 3422 
f 3003 2918 1862 
f 3335 1527 1667 
f 1532 1604 3414 
f 1304 3644 3646 
f 1311 1424 3638 
f 1535 1360 1423 
f 3633 1369 1367 
f 3230 1754 1689 
f 1690 1612 5441 
f 3399 3398 1545 
f 3624 3623 1374 
f 1619 1552 3310 
f 1183 3706 3785 
f 3310 3148 1619 
f 1621 1623 1488 
f 3544 1265 3545 
f 3540 3531 1381 
f 5329 5317 1626 
f 2886 1872 3060 
f 1560 3382 1495 
f 1700 1704 3147 
f 3386 1496 3305 
f 3377 1442 3447 
f 3294 1630 3376 
f 3287 1387 5311 
f 1505 1504 3366 
f 1632 3134 1633 
f 3283 1635 1506 
f 1642 3193 3194 
f 1512 1576 1577 
f 3931 1216 1141 
f 3666 1460 3588 
f 3185 3186 1730 
f 1402 1456 3508 
f 2929 1895 2854 
f 3351 1454 3511 
f 3338 3249 1592 
f 1418 3497 3426 
f 3100 3168 3169 
f 1528 3418 3331 
f 3337 1411 3338 
f 5336 1411 1412 
f 3171 1738 3172 
f 1739 3094 3003 
f 1793 3095 3170 
f 1798 2994 2993 
f 3717 1308 1309 
f 3561 3559 3560 
f 1479 1607 3470 
f 1542 3231 1610 
f 1612 3074 5441 
f 3155 3154 1753 
f 1373 3625 3462 
f 3397 3399 1433 
f 3309 1486 3396 
f 1489 3389 3390 
f 3390 1487 1553 
f 3058 2886 3057 
f 3058 1819 2887 
f 1820 3059 1702 
f 1440 3452 3539 
f 1872 2888 2965 
f 3293 3206 3207 
f 1564 3292 5332 
f 1713 3134 3135 
f 3522 3370 1505 
f 1505 3443 3522 
f 1884 2871 2870 
f 3752 1208 3753 
f 1842 2789 2944 
f 1215 3845 3846 
f 3019 2929 5439 
f 3268 3267 3350 
f 3435 3266 3346 
f 3116 1781 2930 
f 1849 3018 3019 
f 1936 2774 1856 
f 3098 1790 5440 
f 3493 3423 5336 
f 1529 1415 3422 
f 3004 3172 3096 
f 1738 3170 3095 
f 3486 1355 3653 
f 3416 3329 1531 
f 1421 1605 3238 
f 1743 2998 1795 
f 3413 1422 1534 
f 3085 1746 3162 
f 1680 1799 1747 
f 1676 1745 1675 
f 3318 3317 1541 
f 1909 2831 2989 
f 1688 1685 1750 
f 1812 2975 1756 
f 3461 1482 1484 
f 3398 3397 3461 
f 1757 1755 3152 
f 2821 2742 2899 
f 3311 1617 1615 
f 1704 3213 1705 
f 1698 1624 1761 
f 2894 2818 1870 
f 1821 1765 2966 
f 1765 3056 2966 
f 2818 2735 2892 
f 1875 1917 1876 
f 1556 1763 1764 
f 1707 1498 1563 
f 3037 3042 1711 
f 2951 3132 3036 
f 5327 3285 1714 
f 1448 3442 3362 
f 3032 2866 2949 
f 1640 1773 1638 
f 2863 2793 1930 
f 2947 2791 2863 
f 3266 1649 1652 
f 3021 1779 3022 
f 2859 1933 1888 
f 3275 3277 3274 
f 1726 3188 1644 
f 3104 1665 1664 
f 3014 1857 3013 
f 1523 1406 1407 
f 1739 3168 3094 
f 3253 3252 1663 
f 3263 3258 3264 
f 3172 3004 1742 
f 1530 3331 3333 
f 1595 3171 3334 
f 3168 1860 3094 
f 2766 2641 2694 
f 1794 1795 3164 
f 3476 1423 1362 
f 3159 1683 3161 
f 3163 1678 1601 
f 3556 3466 3557 
f 5328 1867 1751 
f 3405 1544 3463 
f 3233 1686 1685 
f 3314 3228 1483 
f 2898 1956 1815 
f 1552 3309 3310 
f 1629 1496 3300 
f 2970 1816 1870 
f 1874 1823 2964 
f 3058 3057 1764 
f 1821 2966 1822 
f 1967 2881 1917 
f 3140 3141 3142 
f 3207 3202 1706 
f 1881 2956 1882 
f 3369 1445 1568 
f 1767 3136 1769 
f 5310 1501 5311 
f 3033 1638 1773 
f 2870 2949 1884 
f 3356 3276 3275 
f 3264 1656 3263 
f 1778 3023 3024 
f 1647 3269 3185 
f 1649 3112 1652 
f 3121 3021 3122 
f 2927 1784 3110 
f 3178 1658 3261 
f 1733 3012 3179 
f 1592 3249 3250 
f 1662 5315 3253 
f 1859 3007 3009 
f 2917 2768 2918 
f 1741 3092 3167 
f 3240 3239 3244 
f 1681 2992 2991 
f 1801 2988 1803 
f 1804 2985 3080 
f 1752 2982 1805 
f 3229 3402 3315 
f 2623 2502 2056 
f 1759 3070 2973 
f 1625 1624 1698 
f 1824 2963 2882 
f 1767 1826 3050 
f 3046 3206 1710 
f 1878 3045 3044 
f 1926 2874 2801 
f 2874 2954 2955 
f 1573 3276 1574 
f 2945 2946 2947 
f 3123 1643 3027 
f 1779 3021 3121 
f 2859 2786 1933 
f 3107 3106 3262 
f 3009 1903 1860 
f 3005 3096 1792 
f 2909 2908 2994 
f 3320 3233 3408 
f 2985 1752 1753 
f 2903 2902 2986 
f 1809 1810 1808 
f 2723 2719 2067 
f 3040 2954 1926 
f 1883 1837 1838 
f 1978 2796 2948 
f 2800 2660 2795 
f 3118 3020 1730 
f 1889 2708 2030 
f 1896 1897 1898 
f 1858 2844 2923 
f 3105 2922 3012 
f 1863 2763 2915 
f 2907 2991 2992 
f 2817 2814 2885 
f 3144 1766 3053 
f 2065 2611 2725 
f 2608 2068 1970 
f 2801 2874 2803 
f 1838 1837 3034 
f 2849 2926 1851 
f 2086 2085 2036 
f 1940 2044 2759 
f 2751 1909 2834 
f 2578 2638 2637 
f 1959 2677 2737 
f 2965 2888 1964 
f 2721 2668 2021 
f 2956 1879 1882 
f 2796 2797 2792 
f 2709 2654 2028 
f 1890 2708 1889 
f 1857 2844 1858 
f 2532 2469 2586 
f 2759 2841 1940 
f 2172 2523 2204 
f 2099 2512 2633 
f 1946 1942 1999 
f 2829 2750 1949 
f 5433 2447 5549 
f 2684 2623 2056 
f 2677 2059 2674 
f 2674 2105 2675 
f 2617 2432 2565 
f 3214 3215 1702 
f 3054 3209 3059 
f 2806 1828 2807 
f 2724 1967 2727 
f 2950 2951 2952 
f 2033 2705 2782 
f 2038 2593 2086 
f 1992 1902 1904 
f 2845 1857 3014 
f 2091 2042 2041 
f 2573 2634 2635 
f 2178 2346 2179 
f 2050 2691 1999 
f 5504 2217 2216 
f 2683 2104 2006 
f 1813 1814 2973 
f 1960 2740 2008 
f 2495 2494 2143 
f 2067 2608 2723 
f 2150 2608 2609 
f 2665 1973 2666 
f 2116 2551 2553 
f 2291 2601 2075 
f 2323 2321 2291 
f 1778 1777 3118 
f 2083 2646 2704 
f 2704 2645 2034 
f 2262 2261 5435 
f 1936 1854 2775 
f 3000 3093 1741 
f 3000 1740 1863 
f 2918 3001 1862 
f 2093 1994 2129 
f 2574 2131 2516 
f 2353 2131 2518 
f 2100 2510 2511 
f 2057 2679 2681 
f 2622 2004 2621 
f 2885 2890 2817 
f 5475 2815 2888 
f 2493 2188 2563 
f 1969 2806 2808 
f 1972 1925 1973 
f 2323 2659 1929 
f 2156 2476 5321 
f 2167 2472 2536 
f 2123 2532 2587 
f 2765 2041 2693 
f 2170 2583 2585 
f 2127 2128 2043 
f 2581 2580 2044 
f 1943 1942 1946 
f 5522 5471 5472 
f 2825 2981 2900 
f 5505 2215 2214 
f 2440 2224 2222 
f 2814 2732 2010 
f 2491 2019 2111 
f 2725 2724 2727 
f 2604 1974 2070 
f 2544 2159 2474 
f 5547 5463 2539 
f 2263 2374 2375 
f 2126 2530 2531 
f 2367 2527 5434 
f 1955 2742 2821 
f 2614 2613 2110 
f 2497 2423 2424 
f 2066 2611 2111 
f 2259 2258 2380 
f 2471 2371 2201 
f 5517 2372 5462 
f 1945 2048 2754 
f 2005 2744 2682 
f 2741 1956 2742 
f 2221 2439 2220 
f 5545 2225 5519 
f 5508 2185 5431 
f 2429 2228 5469 
f 5467 5491 5428 
f 5490 2410 5524 
f 5425 2243 2246 
f 2245 2396 2246 
f 2702 2084 2035 
f 2160 2035 2544 
f 2200 2471 2533 
f 2523 2364 2204 
f 4466 2284 4469 
f 2285 2340 841 
f 4461 2336 5356 
f 1544 3405 1610 
f 4458 660 4460 
f 1423 3412 3325 
f 3576 1413 3489 
f 812 759 4360 
f 4509 4428 704 
f 4843 490 4762 
f 5101 4989 151 
f 4989 150 4990 
f 186 234 4948 
f 184 285 235 
f 3988 1228 1089 
f 3986 1088 4073 
f 4428 806 4414 
f 4428 813 704 
f 810 872 811 
f 812 4360 761 
f 2303 2304 2305 
f 2302 2305 873 
f 704 4363 760 
f 4300 4147 980 
f 3819 1157 3724 
f 1232 1231 3824 
f 3913 1155 3981 
f 3907 1099 3974 
f 3564 3475 3474 
f 1421 1475 3412 
f 3322 1537 3323 
f 3411 3471 3562 
f 3474 1309 1308 
f 1361 3564 3563 
f 3324 1477 1476 
f 4324 785 4268 
f 731 796 4454 
f 4319 664 2296 
f 4458 600 660 
f 1187 1186 3872 
f 3698 3772 1191 
f 4254 2312 962 
f 1063 3946 4017 
f 1192 1191 3868 
f 3947 1116 3872 
f 850 4386 4387 
f 2294 4021 4018 
f 610 611 612 
f 4577 4516 4514 
f 4569 687 4570 
f 2293 619 4571 
f 619 618 4570 
f 4433 4366 758 
f 612 4569 4570 
f 4432 757 619 
f 2292 4743 2319 
f 572 2319 4615 
f 637 4488 573 
f 4409 4280 776 
f 4291 4290 700 
f 444 402 443 
f 4416 701 4415 
f 1929 2790 1930 
f 2792 2791 2864 
f 1933 2710 2711 
f 2075 2117 2659 
f 1981 1932 2711 
f 2657 2658 2659 
f 3073 3152 1755 
f 2325 1808 2290 
f 2686 2569 2102 
f 2443 5531 2445 
f 2629 2686 2102 
f 5478 3226 3227 
f 1616 1615 3313 
f 1614 1616 3313 
f 3403 3315 3402 
f 2502 2683 2056 
f 2006 2004 2005 
f 2679 1955 2007 
f 2684 2289 2823 
f 4589 4588 4590 
f 4388 729 730 
f 660 4459 4460 
f 653 654 600 
f 4531 653 657 
f 723 660 600 
f 2286 2287 2288 
f 732 671 672 
f 893 4264 4263 
f 4398 4329 4330 
f 4587 552 4580 
f 659 658 4592 
f 4536 4468 5357 
f 592 4536 5300 
f 552 4518 4581 
f 2336 2337 2339 
f 5358 4568 620 
f 2336 789 5356 
f 4263 4330 4329 
f 589 4579 550 
f 2338 4535 5300 
f 4468 722 4469 
f 721 4465 4467 
f 5357 5300 4536 
f 2340 2285 2341 
f 5301 721 722 
f 2456 2180 5539 
f 2348 2282 2342 
f 2132 2349 2177 
f 2208 2181 5532 
f 2280 5457 5487 
f 5420 2346 2347 
f 2458 2049 2459 
f 2457 2206 2456 
f 5495 2350 5458 
f 2132 2574 2516 
f 2048 2635 1944 
f 2458 2459 2343 
f 2179 2343 2459 
f 5528 5457 2280 
f 1999 1942 2634 
f 2455 2100 2101 
f 5539 2180 5419 
f 5539 5419 2345 
f 2048 1944 2754 
f 5457 2460 5459 
f 5421 5456 2175 
f 2349 2460 2177 
f 5496 2354 5458 
f 5546 2357 2356 
f 5459 2350 5495 
f 2179 2459 2514 
f 2574 2575 2577 
f 2344 5420 5528 
f 2360 2358 5422 
f 2174 2359 2175 
f 2576 2097 2637 
f 2519 2359 2174 
f 5496 5546 2278 
f 5422 5421 2175 
f 2574 2176 2575 
f 5458 2355 5496 
f 5456 2353 2518 
f 2046 1996 2637 
f 2637 2638 2096 
f 2579 2519 2638 
f 5421 2357 5456 
f 2578 2579 2638 
f 2046 2097 2047 
f 1995 2520 2578 
f 2097 2576 2577 
f 2362 2363 5529 
f 5497 2273 5529 
f 2361 2277 5460 
f 2277 2360 2359 
f 2094 2581 1939 
f 2127 2043 2640 
f 2276 2462 2274 
f 5498 2366 5499 
f 2522 2092 2129 
f 2365 2270 5497 
f 2769 1905 1938 
f 2584 2042 2091 
f 2527 2367 2168 
f 2272 2364 2465 
f 2467 5500 2526 
f 2530 2470 2531 
f 2585 2528 2529 
f 5499 2202 5498 
f 2367 5499 2366 
f 2367 2366 2466 
f 2584 2126 2585 
f 5434 2527 5461 
f 2471 2265 2371 
f 2200 2472 2167 
f 2528 2526 2529 
f 2470 2372 2531 
f 5517 5423 2372 
f 2165 2377 2379 
f 5462 2371 2265 
f 2200 2375 2471 
f 2265 2374 2264 
f 2166 5463 5547 
f 2471 2375 2265 
f 2200 2167 2373 
f 2373 2379 2376 
f 2540 2122 2085 
f 1853 1784 2928 
f 1852 1853 1851 
f 2165 2535 2537 
f 2541 2164 2543 
f 2256 2259 2382 
f 2260 2161 2381 
f 2381 2161 2543 
f 2645 2545 5510 
f 2539 2538 2540 
f 5521 5547 2539 
f 2377 2165 2537 
f 5424 2161 2380 
f 2592 2590 2036 
f 5501 2198 2387 
f 2541 2161 5424 
f 2086 2162 2121 
f 2474 2383 2473 
f 2543 2164 2121 
f 2546 2079 2475 
f 2161 2260 2380 
f 5321 2476 2078 
f 2197 2476 2389 
f 2543 2121 2162 
f 2547 2078 2197 
f 5465 2252 2253 
f 2257 2383 2385 
f 2120 2545 2645 
f 2199 2387 2198 
f 2198 2385 2474 
f 2781 2778 2852 
f 5464 2388 2252 
f 2656 2599 2655 
f 2076 2649 2651 
f 2479 2392 2157 
f 2197 2078 2476 
f 2648 1982 2030 
f 2649 2648 2651 
f 2394 2118 2480 
f 2482 2400 2398 
f 5502 2405 2240 
f 2247 2393 5550 
f 2245 2247 5550 
f 2657 2117 2600 
f 5473 2118 2394 
f 2550 2602 2662 
f 2550 2152 2195 
f 2482 2398 2155 
f 2483 2601 2153 
f 2245 2395 2396 
f 2550 2195 2153 
f 5550 2394 2245 
f 2246 2396 5425 
f 2601 2483 2484 
f 2601 2484 2154 
f 2486 2407 2241 
f 2483 2194 2399 
f 2155 2481 2482 
f 2483 2399 2484 
f 2481 2155 2549 
f 5426 2400 2403 
f 2404 2403 2194 
f 2246 2247 2245 
f 5466 2241 2407 
f 2397 2398 2400 
f 2556 2555 2114 
f 2194 2483 2195 
f 1980 2794 2795 
f 5427 5489 5548 
f 2154 2075 2601 
f 2073 2663 2603 
f 2486 2151 2408 
f 5489 2409 5524 
f 5323 2071 1974 
f 5323 2605 2603 
f 2236 5491 5467 
f 2486 2485 2552 
f 2114 2489 2235 
f 2238 5490 5491 
f 2558 2022 2607 
f 2558 2607 2113 
f 2238 2410 5490 
f 5518 5492 5544 
f 2020 2721 2021 
f 2490 2019 2491 
f 5509 2555 2556 
f 5544 2234 2237 
f 2149 2147 2148 
f 2113 2492 2190 
f 5467 2235 2489 
f 2113 2490 2492 
f 2490 2491 2492 
f 2191 2112 2412 
f 2419 2417 2418 
f 2419 2422 2232 
f 2419 2416 2417 
f 2191 2489 2559 
f 2426 2230 5468 
f 5544 5492 2413 
f 2430 2226 2432 
f 2414 2418 2417 
f 2617 2227 2432 
f 2064 2725 2727 
f 2109 2014 2670 
f 2232 2422 2420 
f 2494 2495 2496 
f 2423 2229 2424 
f 2064 2613 2065 
f 2188 2493 2496 
f 2432 2227 2430 
f 2061 2142 2615 
f 2671 2061 2731 
f 2493 2494 2496 
f 5430 2428 5503 
f 2008 2620 2139 
f 5429 2496 2495 
f 2434 2140 2437 
f 2433 2186 2619 
f 5503 2425 5430 
f 5545 2222 2225 
f 5474 2812 1874 
f 2431 2430 2227 
f 2671 2565 2061 
f 2618 2431 2675 
f 2671 2672 2673 
f 5469 5503 2428 
f 2421 2420 5429 
f 2674 2059 2105 
f 2186 5431 2185 
f 2429 2185 5508 
f 2619 2139 2433 
f 2619 2059 2060 
f 2498 2228 2429 
f 5508 2498 2429 
f 2619 2566 2059 
f 5493 2437 2223 
f 2680 1957 1958 
f 2741 2742 2678 
f 5431 5493 5519 
f 2187 2498 5508 
f 2105 2059 2566 
f 1958 2741 2678 
f 2184 5432 2221 
f 2009 2616 2673 
f 5519 5508 5431 
f 2440 2438 5320 
f 2822 2744 2743 
f 2138 2184 2104 
f 2104 2137 2138 
f 2218 5432 5520 
f 2221 2501 2184 
f 2220 2439 2224 
f 2058 2435 2499 
f 1958 1957 2739 
f 1809 1808 2977 
f 1868 2290 2980 
f 2502 2503 2441 
f 2625 2567 2503 
f 1868 2979 2981 
f 2445 2136 2443 
f 2219 2221 5432 
f 2502 2441 2137 
f 1949 1950 2749 
f 2448 2183 2506 
f 5432 2184 2138 
f 5318 2136 2567 
f 2827 1949 2749 
f 2448 2447 5433 
f 2326 2289 2978 
f 2211 5522 5472 
f 2825 2747 2003 
f 2504 2506 2183 
f 2443 2136 5470 
f 5549 5505 5433 
f 2182 2507 2508 
f 2508 2449 5471 
f 2690 2051 2052 
f 2449 2451 2452 
f 2511 2510 2181 
f 5525 5506 2210 
f 5525 2449 2452 
f 2687 2002 2688 
f 2688 2053 2687 
f 2689 2690 2052 
f 2571 2632 2633 
f 2571 2513 2455 
f 2451 2453 2452 
f 2512 2513 2571 
f 5433 2183 2448 
f 2512 2458 2513 
f 2451 2508 2135 
f 2343 2179 2205 
f 2345 2342 2283 
f 2570 2135 2569 
f 2455 2454 2510 
f 2049 2512 2099 
f 2049 2050 2134 
f 2512 2049 2458 
f 2052 2633 2632 
f 2577 2517 2131 
f 2460 2347 2515 
f 2350 2349 2352 
f 1996 2578 2637 
f 5496 2278 2354 
f 5460 2519 2462 
f 2274 2275 2276 
f 2911 1997 2997 
f 2172 2463 2171 
f 2130 2171 2094 
f 2274 2462 2173 
f 2638 2519 2174 
f 1945 2755 2756 
f 2359 2519 5460 
f 2767 2764 1905 
f 2202 2271 5498 
f 2173 2463 2464 
f 2044 1940 1939 
f 2362 2464 2204 
f 2769 2766 1905 
f 2584 2091 2530 
f 5461 2526 5500 
f 5498 2271 2365 
f 5462 2265 2264 
f 2126 2528 2585 
f 2695 1902 1992 
f 2126 2468 2528 
f 2369 2268 5500 
f 2528 2468 2467 
f 2642 2589 2124 
f 3009 2920 2921 
f 2470 2469 2201 
f 2169 2465 2525 
f 2088 2643 2089 
f 2539 2542 5521 
f 2377 2378 2379 
f 2160 2544 2473 
f 5541 2385 5501 
f 2544 2474 2473 
f 2474 2159 2198 
f 2474 2385 2383 
f 5501 2385 2198 
f 5488 2476 2156 
f 5542 2248 2391 
f 2257 2382 2383 
f 2547 2197 2079 
f 2549 2600 2481 
f 2198 2159 2199 
f 2549 2395 2480 
f 2028 2654 2655 
f 2027 2657 2600 
f 2479 2477 2392 
f 5488 2389 2476 
f 5542 2156 2157 
f 2392 2477 5523 
f 2654 1981 2656 
f 2157 2156 2119 
f 2794 1979 2795 
f 2399 2403 2400 
f 2484 2399 2400 
f 2397 2400 5426 
f 2244 2243 2397 
f 5426 2244 2397 
f 2550 2153 2602 
f 2484 2482 2154 
f 5427 2407 2408 
f 5489 5427 2408 
f 5466 2404 2241 
f 5322 2605 2604 
f 5490 2411 5428 
f 2409 2408 2151 
f 5518 2237 2236 
f 5524 2409 5490 
f 5544 2237 5518 
f 2805 1828 2806 
f 2111 2019 2066 
f 2613 2144 2065 
f 2805 2806 2718 
f 1922 2805 2718 
f 2417 2415 2413 
f 2020 2667 2721 
f 2413 2412 2414 
f 2417 2413 2414 
f 2064 2065 2725 
f 2881 2724 1968 
f 2810 1877 1920 
f 2146 2233 2149 
f 2145 2146 2144 
f 2564 2226 2497 
f 2412 2112 2190 
f 5429 2231 2421 
f 2495 2143 2497 
f 2495 2424 5429 
f 2423 5468 2230 
f 2493 2106 2494 
f 2109 2013 2014 
f 2432 2226 2564 
f 2427 2425 5503 
f 2620 2499 2139 
f 2428 2430 2431 
f 2228 2427 5503 
f 2677 1959 2060 
f 1960 2738 2740 
f 2140 2433 2139 
f 2683 2137 2104 
f 1960 1959 2736 
f 5493 2434 2437 
f 2219 2439 2221 
f 5432 2138 5520 
f 2623 2624 2625 
f 2625 2055 2567 
f 2824 2324 1868 
f 2102 2569 2135 
f 2626 2003 2103 
f 2055 2625 2685 
f 2825 2003 1912 
f 2825 2824 2981 
f 2569 2630 2570 
f 2181 5506 2511 
f 2630 2569 2686 
f 2451 2449 2508 
f 5472 5471 2449 
f 2511 5506 2453 
f 2571 2633 2512 
f 2455 2513 2454 
f 2135 2507 2102 
f 5472 2450 2211 
f 2345 2283 5539 
f 2513 2458 2180 
f 2631 2100 2509 
f 2456 2206 5507 
f 2180 2454 2513 
f 2510 2454 5507 
f 2180 2458 2343 
f 2133 2177 2515 
f 2459 2134 2514 
f 2459 2049 2134 
f 2176 2132 2177 
f 2206 2207 5507 
f 2280 2281 5528 
f 5459 5487 5457 
f 2177 2133 2176 
f 2132 2176 2574 
f 2457 2456 5539 
f 5457 2347 2460 
f 2133 2178 2572 
f 2133 2572 2098 
f 5546 5496 2357 
f 2047 2048 1945 
f 2575 2176 2098 
f 1996 2046 2756 
f 2518 2461 5456 
f 2579 2462 2519 
f 2637 2097 2046 
f 5499 2367 5434 
f 2275 2362 5529 
f 2131 2574 2577 
f 2692 2755 1941 
f 2173 2462 2579 
f 2692 1941 2758 
f 2364 2523 2524 
f 2463 2172 2464 
f 5434 2203 5499 
f 2582 2043 2128 
f 2582 2128 2525 
f 2582 2525 2524 
f 2269 2203 5434 
f 2525 2128 2170 
f 5461 2269 5434 
f 2271 2270 2365 
f 2529 2526 2168 
f 2530 2469 2470 
f 2040 2089 2641 
f 3009 2921 1903 
f 2694 2090 2125 
f 1859 3100 3101 
f 5500 2368 2369 
f 2470 2371 2372 
f 2372 2371 5462 
f 2765 2763 2764 
f 2760 2914 2915 
f 2372 5423 2531 
f 2088 1989 2087 
f 2201 2371 2470 
f 2088 2087 2589 
f 2472 2123 2124 
f 2472 2124 2536 
f 2123 2472 2533 
f 2642 2088 2589 
f 2471 2201 2533 
f 2771 1937 2773 
f 2532 2586 2587 
f 1901 2842 2923 
f 2373 2263 2375 
f 1784 2927 2928 
f 1784 3108 3110 
f 2537 2538 2377 
f 2370 2267 5540 
f 2537 2122 2538 
f 5547 5521 2163 
f 2378 2376 2379 
f 2538 5463 2377 
f 2376 2263 2373 
f 2260 2383 2382 
f 2703 1935 2777 
f 1935 1985 2777 
f 2373 2375 2200 
f 5541 5501 2254 
f 2160 2381 2162 
f 2704 2034 1986 
f 2120 2546 2158 
f 2544 2035 2084 
f 2781 2081 2778 
f 1893 2932 2938 
f 2254 2384 5541 
f 2119 2479 2157 
f 2255 5501 5530 
f 5542 5488 2156 
f 5530 2387 5464 
f 5523 5473 2478 
f 5530 2386 2255 
f 2547 2546 2080 
f 2475 2079 2252 
f 5473 2394 5550 
f 2650 2547 2080 
f 2118 2548 5436 
f 2651 2652 2653 
f 2480 2655 2599 
f 2479 2119 2077 
f 2548 2077 2598 
f 2395 2155 2396 
f 2602 2153 2026 
f 2862 2788 2787 
f 2399 2194 2403 
f 2322 2793 2797 
f 2402 2244 5543 
f 2404 2194 2242 
f 2401 5543 5426 
f 2487 2488 2554 
f 2401 2240 2402 
f 5426 5543 2244 
f 2486 2241 2485 
f 2070 2606 2604 
f 1974 2604 5323 
f 2403 2401 5426 
f 1974 2071 1975 
f 5524 2239 2193 
f 2553 2485 2152 
f 2663 1976 2024 
f 2192 2411 2488 
f 2552 2485 2553 
f 2193 5489 5524 
f 2557 2559 2114 
f 2151 2552 2554 
f 2661 2115 2116 
f 1972 2665 2664 
f 1972 2664 1975 
f 1972 1975 1925 
f 2879 2808 2807 
f 1919 2879 2810 
f 2017 1918 1920 
f 2021 2668 2669 
f 2021 2669 2066 
f 2724 2881 1967 
f 2017 1920 2811 
f 2150 2607 2068 
f 2113 2190 2112 
f 2230 2229 2423 
f 2612 2109 2670 
f 2424 2229 2231 
f 2430 5468 2226 
f 5503 5469 2228 
f 2146 2149 2189 
f 5430 2425 2426 
f 2232 2416 2419 
f 2109 2110 2013 
f 2814 2010 2815 
f 2062 2012 2615 
f 2431 2227 2616 
f 2677 2060 2059 
f 2140 2435 2437 
f 2738 2819 2739 
f 2005 2682 2006 
f 5545 5493 2223 
f 2616 2227 2617 
f 2137 2441 2442 
f 1808 2325 2326 
f 5549 2215 5505 
f 2327 2684 1953 
f 2823 2325 1952 
f 2824 2746 2324 
f 5520 2216 2218 
f 2136 2445 2568 
f 2627 1912 2626 
f 2054 2628 2629 
f 2507 2505 2054 
f 2212 2447 5522 
f 1951 2628 2747 
f 2452 5506 5525 
f 2633 2051 2099 
f 2748 2628 1951 
f 2691 2099 2051 
f 1906 1907 2910 
f 1906 2832 5438 
f 2101 2571 2455 
f 2343 2205 5419 
f 2748 2827 2749 
f 2205 2179 2346 
f 2174 2461 2096 
f 2572 2573 2098 
f 2636 2635 2048 
f 1944 2635 1942 
f 2346 2348 2205 
f 2176 2133 2098 
f 5456 2357 2353 
f 2515 2347 2346 
f 2175 5456 2461 
f 2515 2346 2178 
f 2175 2359 5422 
f 2047 2636 2048 
f 2131 2517 2518 
f 2098 2573 2636 
f 2517 2461 2518 
f 2355 2350 2352 
f 2097 2575 2047 
f 1996 2756 2045 
f 2524 2522 2582 
f 2130 2092 2522 
f 2171 2521 2581 
f 2171 2581 2094 
f 2637 2096 2576 
f 2911 2755 1997 
f 2172 2171 2130 
f 2130 2522 2523 
f 2130 2523 2172 
f 2911 2997 1797 
f 2045 2639 2580 
f 2582 2522 2129 
f 5497 2272 2365 
f 2583 2042 2584 
f 2693 2640 2765 
f 2583 2584 2585 
f 2693 2042 2127 
f 2169 2525 2170 
f 2268 2269 5461 
f 2763 2765 2640 
f 2466 2366 2272 
f 2763 1863 2764 
f 5462 2266 5517 
f 2468 2368 2467 
f 2090 2587 2125 
f 2201 2469 2532 
f 2533 2532 2123 
f 2123 2587 2642 
f 2587 2586 2125 
f 2763 1994 2761 
f 2697 2774 2775 
f 2037 2700 2776 
f 1857 1937 2844 
f 2536 2535 2165 
f 2589 2534 2124 
f 2846 2700 1988 
f 2088 2642 2643 
f 2122 2537 2591 
f 5521 2542 5435 
f 2037 2590 2700 
f 2037 2038 2036 
f 2163 2166 5547 
f 2034 2645 5510 
f 2383 2260 2473 
f 2382 2257 2256 
f 2034 2777 1986 
f 2167 2536 2165 
f 5510 2545 2159 
f 5465 5464 2252 
f 1899 2776 2847 
f 2701 1899 1987 
f 2158 2545 2120 
f 2856 2783 2784 
f 2646 2120 2645 
f 5530 5501 2387 
f 2388 2387 2199 
f 2388 2199 2158 
f 2159 2544 5510 
f 5321 2119 2156 
f 2079 2253 2252 
f 2077 2119 2076 
f 5321 2078 2649 
f 2788 2713 2712 
f 2651 2648 2030 
f 5321 2649 2076 
f 2656 2027 2599 
f 2477 2118 5473 
f 1931 2710 2861 
f 2941 1885 2944 
f 2323 2291 2075 
f 2117 2154 2481 
f 2713 2790 2658 
f 2788 2711 2787 
f 2291 2153 2601 
f 2794 1978 1979 
f 2153 2291 2026 
f 5466 2401 2404 
f 2397 2243 5425 
f 2155 2395 2549 
f 2551 2552 2553 
f 2152 2485 2242 
f 2662 2602 2714 
f 1929 2658 2790 
f 2409 2411 5490 
f 5322 2551 2116 
f 5502 5466 5427 
f 2552 2551 2554 
f 2073 2072 2716 
f 2717 2071 2024 
f 2023 2665 2666 
f 2556 2487 5509 
f 2023 2069 2665 
f 2557 2022 2558 
f 2411 2151 2488 
f 2148 2147 2492 
f 5428 2411 2192 
f 2491 2148 2492 
f 2414 2190 2147 
f 2150 2560 2607 
f 2066 2610 2611 
f 2418 2414 2147 
f 2562 2106 2493 
f 2562 2493 2563 
f 2145 2562 2563 
f 2018 2610 2669 
f 2017 2018 1918 
f 2558 2112 2559 
f 2144 2146 2189 
f 2416 2415 2417 
f 2145 2144 2613 
f 2145 2613 2614 
f 2420 2421 2232 
f 2422 2419 2233 
f 2109 2612 2614 
f 2496 2420 2188 
f 2731 2672 2671 
f 2188 2420 2422 
f 1699 1698 1762 
f 5474 2884 2729 
f 3060 3057 2886 
f 2732 2814 2817 
f 2565 2142 2061 
f 2675 2431 2616 
f 2188 2233 2563 
f 2107 2062 2615 
f 2187 5508 5519 
f 2618 2141 5469 
f 2618 2428 2431 
f 2891 2892 1817 
f 2972 2897 2896 
f 2438 2440 2223 
f 2009 2674 2675 
f 2222 2223 2440 
f 2057 2436 2058 
f 2008 2060 1959 
f 2621 2006 2104 
f 5432 2218 2219 
f 2742 1955 2678 
f 2138 2137 2442 
f 2567 2055 5318 
f 2822 2743 1913 
f 2679 2057 2680 
f 2184 2501 2621 
f 2324 2325 2290 
f 2627 2626 2504 
f 2214 2443 5505 
f 2103 2505 2506 
f 2627 2685 2746 
f 2183 5318 2504 
f 2289 2327 2978 
f 2054 2629 2102 
f 2003 2626 1912 
f 2827 2748 1951 
f 2509 2511 2453 
f 2687 2630 2002 
f 2570 2509 2453 
f 2053 2632 2101 
f 2001 2691 2051 
f 2181 2208 2209 
f 2507 2182 2505 
f 2631 2630 2687 
f 2753 2691 1947 
f 1948 2834 2835 
f 2903 1910 2829 
f 2903 2829 1911 
f 2910 2836 1908 
f 2050 2049 2099 
f 2908 2993 2994 
f 2752 2830 2831 
f 2835 2832 1906 
f 2453 2451 2570 
f 1947 2751 1948 
f 2131 2353 2516 
f 2352 2349 2132 
f 2353 2355 2516 
f 2517 2096 2461 
f 2174 2175 2461 
f 2516 2355 2352 
f 2521 2463 2520 
f 5496 2355 2353 
f 2575 2097 2577 
f 1996 1995 2578 
f 2578 2520 2579 
f 2755 2692 2756 
f 1941 2911 1865 
f 2755 2754 1997 
f 2094 2092 2130 
f 2759 2758 2757 
f 1939 2581 2044 
f 2757 2841 2759 
f 2044 2639 2759 
f 2092 2094 2095 
f 2763 2640 1994 
f 2170 2585 2529 
f 2095 1939 1940 
f 2913 2999 2998 
f 2583 2170 2128 
f 5500 2467 2368 
f 2534 2039 2535 
f 2694 2125 2041 
f 2694 2041 2767 
f 1855 1854 1936 
f 2643 2641 2089 
f 1900 1855 1936 
f 2773 2696 1991 
f 2592 2085 2122 
f 2534 2535 2536 
f 2087 1989 1991 
f 5510 2544 2084 
f 2034 2084 2777 
f 2707 2706 2779 
f 2596 2546 2120 
f 2594 2707 1983 
f 2708 2785 2652 
f 2031 2597 2080 
f 2253 2250 2390 
f 2030 1982 2783 
f 2704 2081 2083 
f 2388 2158 2475 
f 2159 2545 2199 
f 1844 2940 1890 
f 2076 2119 5321 
f 2650 2078 2547 
f 2858 2709 2785 
f 2197 2253 2079 
f 2648 2649 2650 
f 2117 2481 2600 
f 2648 2597 1982 
f 2655 5436 2028 
f 2657 2712 2713 
f 2478 2196 5523 
f 3124 2945 1775 
f 2659 2117 2657 
f 2710 2787 2711 
f 2658 2657 2713 
f 1977 1976 5326 
f 2551 5322 2606 
f 2241 2404 2242 
f 2949 2866 2865 
f 1884 2949 2865 
f 2322 1930 2793 
f 2322 1929 1930 
f 2803 2802 1977 
f 2154 2117 2075 
f 2115 2661 2074 
f 2603 2071 5323 
f 2070 5509 2606 
f 2717 2802 2875 
f 2070 2664 2069 
f 1925 1975 2875 
f 2071 2603 2024 
f 1970 2666 1971 
f 2556 2192 2487 
f 2114 2555 2557 
f 1919 2810 1920 
f 5428 2235 5467 
f 2023 2555 2069 
f 1973 2665 1972 
f 2559 2489 2114 
f 5509 2487 2606 
f 3045 1879 2956 
f 2806 1969 2718 
f 3045 2956 3043 
f 1879 3045 1878 
f 2560 2019 2490 
f 2959 1878 3050 
f 2015 2727 2016 
f 2668 1918 2018 
f 2668 2018 2669 
f 2110 2613 2064 
f 2015 2013 2110 
f 2015 2110 2064 
f 2725 2611 2610 
f 2612 2106 2562 
f 2612 2562 2614 
f 2109 2614 2110 
f 2233 2188 2422 
f 1873 2815 1963 
f 2670 2014 2063 
f 1873 1963 1822 
f 2233 2418 2149 
f 1873 2885 2814 
f 1820 3057 3060 
f 2143 2494 2108 
f 1872 2886 5475 
f 1915 2817 2890 
f 2437 2435 2438 
f 2565 2564 2142 
f 2142 2108 2615 
f 2566 2619 2186 
f 2142 2564 2143 
f 2011 2729 2884 
f 2107 2615 2108 
f 2060 2008 2139 
f 5320 2220 2440 
f 1759 2973 3068 
f 2058 1957 2680 
f 1956 2898 2899 
f 3067 1759 3068 
f 2678 1955 2679 
f 2745 2744 2822 
f 2678 2679 2680 
f 2743 2007 1955 
f 2743 2744 2007 
f 2681 2004 2622 
f 2005 2681 2007 
f 2744 2005 2007 
f 2624 2685 2625 
f 5318 2183 5470 
f 2621 2104 2184 
f 2568 2441 2503 
f 2686 2629 2748 
f 2508 5471 2182 
f 2101 2100 2631 
f 2630 2686 2002 
f 1948 2835 5325 
f 1751 1867 1910 
f 2052 2053 2689 
f 2688 2689 2053 
f 2050 2099 2691 
f 2572 2514 2573 
f 1946 5325 2838 
f 1946 2838 1943 
f 2002 2749 2688 
f 2749 2002 2748 
f 1944 1942 1943 
f 2509 2570 2630 
f 2753 1947 1948 
f 1943 1998 1944 
f 2178 2133 2515 
f 5325 1908 2838 
f 2204 2363 2362 
f 2521 2171 2463 
f 2098 2636 2575 
f 2169 2168 2466 
f 2639 2692 2758 
f 2768 2769 1938 
f 5423 2368 2468 
f 2531 2468 2126 
f 1418 3495 3497 
f 2770 1992 2843 
f 1938 1905 2916 
f 1992 1993 2695 
f 1992 1904 2843 
f 2700 2699 1988 
f 2700 2846 2776 
f 2925 1855 3017 
f 2845 3014 2924 
f 2846 1988 1854 
f 2699 2592 2591 
f 2845 2773 1937 
f 1988 2644 2775 
f 1901 2770 2842 
f 5435 5424 2262 
f 2037 1899 2038 
f 2535 2591 2537 
f 2121 2164 2085 
f 2164 2541 2542 
f 2473 2260 2381 
f 2039 2644 2699 
f 2541 5424 5435 
f 2121 2085 2086 
f 3017 1785 2926 
f 5510 2084 2034 
f 2646 2645 2704 
f 2646 2596 2120 
f 2083 2081 2082 
f 1935 2703 2850 
f 2031 2596 2595 
f 2595 2596 2647 
f 2594 2647 2082 
f 2706 2705 2033 
f 2779 2706 2032 
f 2707 2594 2706 
f 2597 2648 2650 
f 2853 1934 2032 
f 2480 2599 2549 
f 2030 2708 2652 
f 3118 3117 1778 
f 5436 2480 2118 
f 2077 2548 2479 
f 2654 1932 1981 
f 2027 2656 2712 
f 2029 2785 2709 
f 1513 1512 3270 
f 2028 2598 2029 
f 2655 2480 5436 
f 2652 2029 2653 
f 2652 2651 2030 
f 1888 2858 1890 
f 2712 2657 2027 
f 2942 1843 1885 
f 2787 2941 2862 
f 2323 2322 2321 
f 2118 2477 2548 
f 2863 2789 1842 
f 2789 1930 2790 
f 2600 2549 2599 
f 1930 2789 2863 
f 1838 2952 1883 
f 2116 2553 2152 
f 2661 2152 2550 
f 2869 1837 1883 
f 2798 2868 5326 
f 1882 2876 2880 
f 2070 1974 2664 
f 1975 2717 2875 
f 2661 2550 2662 
f 1881 2804 1924 
f 2664 2665 2069 
f 2664 1974 1975 
f 2804 1925 1924 
f 2192 2488 2487 
f 2557 2558 2559 
f 1924 2955 1923 
f 1973 1971 2666 
f 1970 2722 2723 
f 2113 2112 2558 
f 2017 1968 2726 
f 2017 2726 2018 
f 2718 2667 2719 
f 2068 2666 1970 
f 1877 2960 2962 
f 2811 2962 2881 
f 1968 2724 2726 
f 2067 2609 2608 
f 2719 2667 2067 
f 2607 2560 2113 
f 1922 2719 1921 
f 2720 1918 2668 
f 2720 2668 2721 
f 2487 2554 2606 
f 5509 2070 2069 
f 2418 2147 2149 
f 1880 2958 2878 
f 2145 2563 2146 
f 2724 2725 2726 
f 2808 2720 1969 
f 1880 1828 1830 
f 2561 2144 2189 
f 1877 1827 2960 
f 2065 2144 2561 
f 2065 2561 2611 
f 2066 2019 2021 
f 2725 2610 2726 
f 2727 1967 2016 
f 2015 2064 2727 
f 3053 1766 3055 
f 1876 1917 2881 
f 2729 2063 2730 
f 2888 2010 1964 
f 2812 1965 1916 
f 3142 2960 3051 
f 1965 2728 2883 
f 3143 3142 3141 
f 2494 2106 2108 
f 2563 2233 2146 
f 2562 2145 2614 
f 2061 2615 2012 
f 2107 2106 2612 
f 2733 1915 2676 
f 2733 2676 2734 
f 2676 1915 2735 
f 2185 2429 2141 
f 2731 2012 2813 
f 2676 2735 2737 
f 2676 2677 2734 
f 1915 2733 2817 
f 2729 2812 5474 
f 1822 2887 1821 
f 3145 3056 1765 
f 2731 2061 2012 
f 2566 2185 2141 
f 2892 1915 2890 
f 2972 2895 2893 
f 1958 2678 2680 
f 2739 2741 1958 
f 2898 1814 2899 
f 2820 1956 2741 
f 2820 2741 2819 
f 2500 2438 2436 
f 2622 2057 2681 
f 2008 1959 1960 
f 2005 2004 2681 
f 3067 1693 1695 
f 2006 2682 2683 
f 2745 2822 1954 
f 2682 1953 2056 
f 2438 2435 2436 
f 2567 2136 2568 
f 2503 2567 2568 
f 2058 2436 2435 
f 2744 2745 2682 
f 2679 2007 2681 
f 2625 2503 2623 
f 2684 2056 1953 
f 2501 2220 5320 
f 2687 2101 2631 
f 2624 2623 2684 
f 2103 2504 2626 
f 2324 2746 1952 
f 2687 2053 2101 
f 2212 2213 2447 
f 2504 2055 2627 
f 2827 2901 2902 
f 2986 2902 2984 
f 3078 3076 1805 
f 1912 2746 2824 
f 2631 2509 2630 
f 1911 2827 2902 
f 2829 1949 1911 
f 2901 2984 2902 
f 2052 2632 2053 
f 2455 2510 2100 
f 1909 2905 2832 
f 2634 1942 2635 
f 2634 2573 2134 
f 2636 2573 2635 
f 2573 2514 2134 
f 2835 1906 1908 
f 2999 2840 3087 
f 2840 2757 2758 
f 2046 2047 1945 
f 2576 2096 2517 
f 2759 2639 2758 
f 2999 2757 2840 
f 2576 2517 2577 
f 2516 2352 2132 
f 2093 2129 2092 
f 1865 2911 1797 
f 2915 2763 2761 
f 2692 2639 2045 
f 1941 2840 2758 
f 2520 2173 2579 
f 1672 1671 3090 
f 2998 2999 1795 
f 2756 2692 2045 
f 2127 2640 2693 
f 2127 2042 2583 
f 2127 2583 2128 
f 2840 1941 1865 
f 2465 2169 2466 
f 1994 2043 2129 
f 1945 2754 2755 
f 2641 2090 2694 
f 2640 2043 1994 
f 1903 2921 1904 
f 2641 2643 2090 
f 2040 2641 2766 
f 2040 2766 2769 
f 2040 1993 2089 
f 1903 1904 1902 
f 2530 2126 2584 
f 2125 2586 2091 
f 2770 1901 2771 
f 1903 1902 3008 
f 2768 1902 2695 
f 1991 2698 2087 
f 2774 1936 2775 
f 2696 2697 2698 
f 3001 1938 2916 
f 1989 2088 2089 
f 1989 2089 5324 
f 2772 1990 5324 
f 3001 2916 3002 
f 2845 1937 1857 
f 5324 1990 1989 
f 2124 2534 2536 
f 1993 5324 2089 
f 3106 1852 3015 
f 3016 1785 1900 
f 2590 2592 2699 
f 2039 2534 2588 
f 2698 2588 2087 
f 2087 2588 2589 
f 2542 2539 2540 
f 2542 2540 2164 
f 2036 2085 2592 
f 2122 2591 2592 
f 2164 2540 2085 
f 2777 2084 2702 
f 1897 2928 1898 
f 3017 1900 1785 
f 2847 2848 1987 
f 2847 2925 3017 
f 2777 2702 2703 
f 2702 2035 2701 
f 1899 2037 2776 
f 2778 2704 1986 
f 1935 2850 1897 
f 1985 1896 2852 
f 1729 3119 3122 
f 1895 2032 2033 
f 1889 2857 1844 
f 1894 1893 2707 
f 1894 2707 2779 
f 2032 2706 2033 
f 2935 1780 3021 
f 2705 2781 2782 
f 2705 2081 2781 
f 2853 2931 1934 
f 1892 2855 1984 
f 2778 1986 1985 
f 1845 1891 3022 
f 1889 1844 1890 
f 2784 2595 1983 
f 2082 2081 2705 
f 1889 2030 2783 
f 2938 2937 1844 
f 2080 2546 2596 
f 2856 1893 2938 
f 1889 2783 2857 
f 2938 2857 2856 
f 2647 2646 2083 
f 2082 2647 2083 
f 2858 1888 1932 
f 5436 2598 2028 
f 2942 2860 1843 
f 1776 1575 1723 
f 1842 2943 1775 
f 2788 2712 1981 
f 1844 2937 3024 
f 2940 2859 1888 
f 1643 3272 3191 
f 2653 2598 2077 
f 5436 2548 2598 
f 2658 1929 2659 
f 1581 1513 3270 
f 2600 2599 2027 
f 1840 2946 3031 
f 2862 2789 2790 
f 2792 2864 2796 
f 2800 2795 1979 
f 1840 2791 2947 
f 2322 2323 1929 
f 2786 1886 2861 
f 2791 2792 2793 
f 2794 1980 2797 
f 2116 2152 2661 
f 5322 2116 2115 
f 2791 2793 2863 
f 2153 2195 2483 
f 2075 2659 2323 
f 2797 2321 2322 
f 5326 1976 2798 
f 1980 2026 2321 
f 2026 2291 2321 
f 1980 2714 2026 
f 2115 2074 2073 
f 2115 2605 5322 
f 2604 2606 5322 
f 1717 3129 3130 
f 1717 3130 1772 
f 2799 2715 2025 
f 1637 1718 3281 
f 2073 2603 2605 
f 2024 1976 1977 
f 2024 2603 2663 
f 2867 2869 1928 
f 2795 2660 2714 
f 1980 2321 2797 
f 2802 2717 1977 
f 2798 2715 2799 
f 3043 1923 2954 
f 2074 2661 2662 
f 2802 2803 2874 
f 2073 2074 2072 
f 1975 2071 2717 
f 2722 1971 2809 
f 1971 2804 2809 
f 2875 1924 1925 
f 2560 2150 2609 
f 2955 2875 2802 
f 2608 1970 2723 
f 2492 2147 2190 
f 2020 2609 2067 
f 2667 2020 2067 
f 2666 2022 2023 
f 2490 2113 2560 
f 1827 2878 3049 
f 2810 1827 1877 
f 2811 1920 1877 
f 2609 2019 2560 
f 1878 2959 1879 
f 2607 2022 2068 
f 1969 2720 2721 
f 2020 2019 2609 
f 2718 1969 2667 
f 1921 2719 2723 
f 2608 2150 2068 
f 2806 2807 2808 
f 2726 2610 2018 
f 2667 1969 2721 
f 2611 2561 2111 
f 2669 2610 2066 
f 3208 3143 3141 
f 3210 3209 1766 
f 1875 2882 2883 
f 1916 1965 2882 
f 2564 2497 2143 
f 2673 1962 2009 
f 2887 1822 1963 
f 2888 2815 2010 
f 2673 2616 2617 
f 2673 2617 2671 
f 3217 1704 1700 
f 1962 2673 2672 
f 1764 1763 3058 
f 1962 2734 2009 
f 1962 2733 2734 
f 2672 2816 2732 
f 2733 1962 2732 
f 3061 2970 2969 
f 2009 2675 2616 
f 1699 1705 3212 
f 2891 1870 2818 
f 1817 2969 2970 
f 2891 1817 2970 
f 1961 2736 2737 
f 2736 1914 1960 
f 2738 2739 2740 
f 2736 1961 1914 
f 2105 2141 2618 
f 2677 2674 2734 
f 2976 1954 2822 
f 2620 1957 2499 
f 2105 2618 2675 
f 2499 1957 2058 
f 1811 2977 2978 
f 3399 3226 1546 
f 2682 2056 2683 
f 2623 2503 2502 
f 1692 1809 3073 
f 2057 2622 2436 
f 1913 2821 2974 
f 1691 3074 1810 
f 1812 1869 2976 
f 1913 2974 3072 
f 2327 1954 1869 
f 2289 2684 2327 
f 3229 3401 3402 
f 1692 1755 3227 
f 1952 2325 2324 
f 2135 2570 2451 
f 2984 2901 1806 
f 2506 2446 2448 
f 2324 2290 1868 
f 2052 2051 2633 
f 1806 2983 2984 
f 2632 2571 2101 
f 2511 2509 2100 
f 1751 1910 2903 
f 2753 1946 1999 
f 2828 2829 1910 
f 2828 2750 2829 
f 2985 1753 3080 
f 2826 1806 2901 
f 2832 2835 2834 
f 1947 2691 2001 
f 2750 2690 2689 
f 2752 2001 2000 
f 2830 2752 2000 
f 2830 2000 2828 
f 2832 2834 1909 
f 1799 2993 1866 
f 2831 2904 2988 
f 5325 1946 2753 
f 2990 2906 2905 
f 1949 2750 1950 
f 2689 2688 1950 
f 1943 2839 1998 
f 5328 3157 1802 
f 1866 2907 2992 
f 2634 2134 2050 
f 2910 1908 1906 
f 2836 2838 1908 
f 2836 2839 2838 
f 2689 1950 2750 
f 2838 2839 1943 
f 2000 2750 2828 
f 2520 2463 2173 
f 2046 1945 2756 
f 2580 1995 2045 
f 2754 1944 1998 
f 1864 2837 2912 
f 1864 2912 1796 
f 1948 2751 2834 
f 1797 2997 3089 
f 2913 2760 2841 
f 2524 2523 2522 
f 2524 2465 2364 
f 2093 2092 2095 
f 3171 1595 1738 
f 2639 2044 2580 
f 3092 1671 3167 
f 2043 2582 2129 
f 2533 2472 2200 
f 2768 2695 2769 
f 1860 1903 3008 
f 2771 1990 2772 
f 1990 2771 2773 
f 1990 2773 1991 
f 1991 2696 2698 
f 1590 3176 3251 
f 1527 1528 1530 
f 1858 2922 3105 
f 3001 3002 3005 
f 2644 2697 2775 
f 2642 2124 2123 
f 2642 2587 2090 
f 2844 1937 1901 
f 2700 2590 2699 
f 2644 1988 2699 
f 3262 1657 1733 
f 3262 3179 3181 
f 2036 2038 2086 
f 5435 2261 5521 
f 2036 2590 2037 
f 2846 1854 1855 
f 2776 2925 2847 
f 1856 2924 3014 
f 2701 2593 2038 
f 1899 2701 2038 
f 2777 1985 1986 
f 2039 2699 2591 
f 1856 2774 2924 
f 2849 1851 1853 
f 1987 2703 2702 
f 2849 1853 2928 
f 3015 1851 1785 
f 3016 1856 1786 
f 2935 2934 1780 
f 1935 1896 1985 
f 2701 1987 2702 
f 2852 2778 1985 
f 1984 2852 1892 
f 1892 2852 2851 
f 1729 3122 1780 
f 2778 2081 2704 
f 1848 2932 2933 
f 1894 2779 1934 
f 1895 2780 2854 
f 1934 2931 2933 
f 2853 2032 1895 
f 5439 1849 3019 
f 1845 2929 2854 
f 1984 2780 2782 
f 3119 3120 3122 
f 2080 2596 2031 
f 1983 2595 2594 
f 2856 1983 1893 
f 1982 2597 2031 
f 2029 2709 2028 
f 2029 2598 2653 
f 1888 1890 2940 
f 1885 2943 2944 
f 3191 3026 1643 
f 3026 2860 3027 
f 1844 2857 2938 
f 3350 3267 3349 
f 2785 2029 2652 
f 2793 2792 2797 
f 2944 2862 2941 
f 2944 2943 1842 
f 1776 3026 3191 
f 1840 3031 1841 
f 2862 2713 2788 
f 1842 2945 2947 
f 1576 1514 3437 
f 2945 1722 2946 
f 1981 2711 2788 
f 2660 2072 2074 
f 2948 1841 1839 
f 1840 2864 2791 
f 2864 1841 2948 
f 2605 2115 2073 
f 2663 2073 2716 
f 2865 1928 2799 
f 3035 3034 1837 
f 1883 2873 2869 
f 2950 3133 3132 
f 1638 3030 3126 
f 5323 2604 2605 
f 1927 2871 1884 
f 2714 2602 2026 
f 1927 2025 2800 
f 2660 2074 2662 
f 2955 1924 2875 
f 1831 3040 3041 
f 3043 2956 1923 
f 3043 1831 3045 
f 1638 1639 1640 
f 2025 2716 2800 
f 2953 1835 3041 
f 5326 2868 2803 
f 2876 2877 1922 
f 2873 2868 2869 
f 1928 2865 2867 
f 2802 2874 2955 
f 1826 1767 3046 
f 1829 1826 3046 
f 2804 1973 1925 
f 3046 1767 3206 
f 3046 3047 1829 
f 1971 1973 2804 
f 2807 1880 2879 
f 2962 2811 1877 
f 3052 1825 1824 
f 2561 2189 2148 
f 2807 1828 1880 
f 2148 2491 2111 
f 1968 2017 2811 
f 2722 1921 2723 
f 1826 3048 3050 
f 2722 1970 1971 
f 2022 2666 2068 
f 3139 1707 1768 
f 1768 1708 3139 
f 2881 1968 2811 
f 1827 2810 2878 
f 1875 2883 1917 
f 2812 2729 1966 
f 2812 1966 1965 
f 2958 3049 2878 
f 5475 2887 1963 
f 2963 1823 1916 
f 2013 2728 2730 
f 2013 2015 2016 
f 2014 2013 2730 
f 2671 2617 2565 
f 2734 2674 2009 
f 2062 2107 2670 
f 1966 2729 2730 
f 2062 2670 2063 
f 3062 2971 1816 
f 2107 2612 2670 
f 5312 1626 5317 
f 3217 1700 5317 
f 2814 2815 1873 
f 1761 3062 1816 
f 2968 3056 2969 
f 1874 1916 1823 
f 1698 3061 1762 
f 3211 1629 3213 
f 3217 3211 3213 
f 2012 2062 2011 
f 1822 2967 1873 
f 2139 2499 2140 
f 2139 2619 2060 
f 3062 1620 2971 
f 2740 2620 2008 
f 2738 1960 1914 
f 2893 2895 1914 
f 1961 2818 2894 
f 2892 2891 2818 
f 1914 1961 2894 
f 2971 1620 1760 
f 1697 5316 1620 
f 2819 2896 2820 
f 3064 3065 3066 
f 2499 2435 2140 
f 2896 2897 2820 
f 1622 3222 1696 
f 2819 2738 2895 
f 1432 1546 3225 
f 3313 3225 1614 
f 3065 1693 3067 
f 1913 2743 2821 
f 1692 1691 1809 
f 1692 3227 3153 
f 2290 1808 1810 
f 1912 2627 2746 
f 2685 1952 2746 
f 2446 2447 2448 
f 2135 2508 2507 
f 1611 1690 3315 
f 2054 2505 2103 
f 3155 1752 1805 
f 2747 2825 2900 
f 2827 1951 2901 
f 3077 2979 3076 
f 1807 3077 3078 
f 2985 1804 2986 
f 1911 2902 2903 
f 1804 2903 2986 
f 2752 1947 2001 
f 2000 2001 2690 
f 2750 2000 2690 
f 1802 3157 1750 
f 2908 2909 2910 
f 1749 2987 3081 
f 2909 2836 2910 
f 3161 3084 3159 
f 2831 2830 2904 
f 1909 2989 2905 
f 1750 1685 1686 
f 3159 3083 3158 
f 1748 1684 3320 
f 5438 2906 2833 
f 1749 3081 1684 
f 1999 2691 2753 
f 1907 1866 2908 
f 1997 2754 1998 
f 1744 3088 2996 
f 2995 2994 1798 
f 1907 2908 2910 
f 5438 2833 2907 
f 2045 1995 1996 
f 2907 2833 2991 
f 2997 1997 1864 
f 2839 2837 1864 
f 2762 2093 2095 
f 3087 1865 1797 
f 3092 3090 1671 
f 2091 2586 2530 
f 2913 2757 2999 
f 2770 2771 2772 
f 3002 3004 3005 
f 1594 1529 3335 
f 1992 2770 2772 
f 1992 2772 1993 
f 1860 3008 3094 
f 2917 2918 3003 
f 1526 3424 1461 
f 1937 2771 1901 
f 2922 1787 3012 
f 1734 1787 3104 
f 1734 3104 1664 
f 2923 2919 2922 
f 2768 1938 2918 
f 3012 1658 3179 
f 5440 3011 3098 
f 3100 1859 3168 
f 3169 3168 5476 
f 3103 1666 3010 
f 1789 1790 2843 
f 2642 2090 2643 
f 1734 1664 1659 
f 1734 1659 3261 
f 2920 3010 3011 
f 2588 2534 2589 
f 3001 2918 1938 
f 5324 1993 2772 
f 2644 2039 2588 
f 1936 1856 1900 
f 2925 2776 2846 
f 2697 2644 2698 
f 2924 2696 2845 
f 2591 2535 2039 
f 1987 1899 2847 
f 3017 2848 2847 
f 2848 2703 1987 
f 1897 2849 2928 
f 3015 3016 1786 
f 1728 1727 3111 
f 3107 1784 1852 
f 3015 1786 3106 
f 1852 3106 3107 
f 2928 2927 1898 
f 2780 1895 2033 
f 3120 1579 3188 
f 1898 2927 1850 
f 1891 1847 3022 
f 1731 1647 3115 
f 1457 1515 3348 
f 1731 3115 3116 
f 1653 1732 3113 
f 2931 2853 1781 
f 2931 1781 3020 
f 2933 2932 1893 
f 2032 1934 2779 
f 1848 1777 2932 
f 1894 1934 2933 
f 2855 2780 1984 
f 2780 2033 2782 
f 1645 3264 1454 
f 1728 1656 3187 
f 1780 1727 1729 
f 1984 2781 2852 
f 3120 3121 3122 
f 1649 3266 3183 
f 1782 3113 1846 
f 1654 3182 1732 
f 2854 2855 1891 
f 2647 2594 2595 
f 2932 2937 2938 
f 2932 1777 2937 
f 1893 1894 2933 
f 2647 2596 2646 
f 2712 2656 1981 
f 1730 1647 3185 
f 2711 1932 1933 
f 1582 1583 3348 
f 1932 2654 2709 
f 2857 2783 2856 
f 3118 1777 1848 
f 2947 2946 1840 
f 1885 2941 2942 
f 3028 1885 1843 
f 3028 2943 1885 
f 2785 2708 2858 
f 2656 2655 2654 
f 2861 2710 2786 
f 3124 1722 2945 
f 3194 3125 1774 
f 1931 2861 2942 
f 2944 2789 2862 
f 3123 3027 1887 
f 1720 3196 1721 
f 3125 1721 3029 
f 3031 3030 1841 
f 3274 1510 1511 
f 1576 1512 1514 
f 2800 2716 2072 
f 1841 2864 1840 
f 1839 3030 3033 
f 2948 2796 2864 
f 3030 1638 3033 
f 3130 3035 3127 
f 1772 1637 1717 
f 2866 3035 2867 
f 3196 1639 1721 
f 1927 1979 1978 
f 1837 2869 2867 
f 3127 2866 3032 
f 2072 2660 2800 
f 2874 1926 2954 
f 3205 3203 3204 
f 3202 1712 1566 
f 1706 3202 1566 
f 1715 3131 1636 
f 2868 2798 1928 
f 3289 1706 1566 
f 5437 1832 1926 
f 1771 3131 3133 
f 1831 3044 3045 
f 1928 2798 2799 
f 2877 2805 1922 
f 1921 2880 1922 
f 2718 2719 1922 
f 1502 3528 1503 
f 1921 2722 2809 
f 1829 3047 1830 
f 1882 2880 1881 
f 3377 1563 1498 
f 1923 2955 2954 
f 3377 1498 3376 
f 3136 3044 3137 
f 3138 1708 2958 
f 1830 2957 1829 
f 2962 2961 1876 
f 3138 1830 3047 
f 3139 1708 1709 
f 2880 2876 1922 
f 2809 1881 2880 
f 1921 2809 2880 
f 1919 2720 2808 
f 3051 1768 3140 
f 1919 2808 2879 
f 2728 2013 2016 
f 5474 2965 2884 
f 3055 2963 3053 
f 3209 3054 1766 
f 2963 1916 2882 
f 2729 2011 2063 
f 2730 2063 2014 
f 1498 3294 3376 
f 3214 3298 3215 
f 2735 1961 2737 
f 2010 2816 1964 
f 3386 1441 1497 
f 2971 1871 1816 
f 2817 2733 2732 
f 1697 1620 3062 
f 2728 1966 2730 
f 2890 2885 2889 
f 1763 1556 1700 
f 1874 2812 1916 
f 1702 3059 3209 
f 2813 2012 2011 
f 1823 2963 3055 
f 1696 1693 3064 
f 2894 1870 1871 
f 1496 1497 1562 
f 1870 2891 2970 
f 2893 3063 2972 
f 2737 2736 1959 
f 3063 1760 3066 
f 3072 2975 1913 
f 1871 2893 2894 
f 1811 2978 1869 
f 1694 3224 1695 
f 1694 3221 3224 
f 2976 2822 1913 
f 1812 3152 1811 
f 3072 2974 1813 
f 2680 2057 2058 
f 3065 2897 3066 
f 2899 2974 2821 
f 2977 2326 2978 
f 3072 1813 3071 
f 2976 2975 1812 
f 2977 1808 2326 
f 5470 2136 5318 
f 2500 2436 2622 
f 2006 2621 2004 
f 2504 5318 2055 
f 2685 2627 2055 
f 1953 1954 2327 
f 1952 2685 2624 
f 3230 1610 3231 
f 1757 3225 5478 
f 1615 3069 3311 
f 2003 2628 2054 
f 1809 1691 1810 
f 1751 1804 5328 
f 1951 2747 2826 
f 3075 2980 3074 
f 2982 3078 1805 
f 2982 1752 2983 
f 2983 1752 2985 
f 1806 2826 1807 
f 2986 2984 2983 
f 2747 2628 2003 
f 1951 2826 2901 
f 2751 1947 2752 
f 5438 2907 1907 
f 2987 1803 1802 
f 3081 1802 1750 
f 2907 1866 1907 
f 2832 2906 5438 
f 1688 3079 1687 
f 2830 2828 2904 
f 3160 1681 3084 
f 5328 3080 3157 
f 2990 2905 1801 
f 3084 3082 3159 
f 2995 3163 3165 
f 1866 2992 1799 
f 2989 2988 1801 
f 2839 2836 2837 
f 2995 1798 3163 
f 1907 1906 5438 
f 1864 1997 1998 
f 1864 1998 2839 
f 3162 1536 1679 
f 3088 1745 1796 
f 2521 2520 1995 
f 2580 2521 1995 
f 1864 1796 2997 
f 2912 2837 2996 
f 5325 2753 1948 
f 2915 2914 3000 
f 1675 1744 1674 
f 1908 5325 2835 
f 2094 1939 2095 
f 2914 2760 2913 
f 1672 1794 3244 
f 1940 2762 2095 
f 2761 1994 2093 
f 2913 2841 2757 
f 1863 2915 3000 
f 3000 2914 3093 
f 2586 2469 2530 
f 3002 1863 1740 
f 2041 2042 2693 
f 1738 1595 3170 
f 2767 2041 2765 
f 2916 1905 2764 
f 3002 1740 3004 
f 1791 1862 1792 
f 1862 3001 3005 
f 1787 1658 3012 
f 1656 1655 3263 
f 3099 3102 3010 
f 1861 2923 2842 
f 1790 1861 2842 
f 3008 1902 2917 
f 3096 1738 1792 
f 3008 2917 3094 
f 1790 3098 1861 
f 1664 3176 1659 
f 3251 1665 3250 
f 1591 3173 1666 
f 1593 1591 1666 
f 1787 2919 3104 
f 3010 1666 3011 
f 3013 3105 1733 
f 3014 1657 1786 
f 1852 1851 3015 
f 3017 1855 1900 
f 2696 2773 2845 
f 2925 2846 1855 
f 2926 2850 2848 
f 2924 2697 2696 
f 3014 1786 1856 
f 3111 3109 1728 
f 1780 2934 1727 
f 1897 1896 1935 
f 1851 2926 1785 
f 1898 2851 1896 
f 3120 3188 3189 
f 3119 3187 3352 
f 2934 2935 2936 
f 2851 2852 1896 
f 3114 1731 3116 
f 3114 3018 1650 
f 3435 3346 3434 
f 1457 3434 3508 
f 3115 3020 1781 
f 3115 1730 3020 
f 1848 3020 3118 
f 1848 2931 3020 
f 2931 1848 2933 
f 1728 3187 1729 
f 2929 3019 2930 
f 3264 3258 1584 
f 3119 1579 3120 
f 1892 2851 1850 
f 1850 2934 2936 
f 1845 3022 1846 
f 1891 1845 2854 
f 1850 2936 1892 
f 1891 2855 1847 
f 2937 1778 3024 
f 3024 2940 1844 
f 2783 1982 2784 
f 2939 1886 2786 
f 2937 1777 1778 
f 3023 1778 3117 
f 1932 2709 2858 
f 1982 2031 2784 
f 1776 3028 1843 
f 1643 3026 3027 
f 2941 2787 1931 
f 1933 1932 1888 
f 2787 2710 1931 
f 3125 3029 1774 
f 3274 1511 3275 
f 1576 3354 3271 
f 2195 2242 2194 
f 2946 1774 3031 
f 1641 1573 1574 
f 1839 2871 2948 
f 1839 1841 3030 
f 2946 1722 1774 
f 2796 1978 2794 
f 3359 3357 1508 
f 2796 2794 2797 
f 1641 3278 3193 
f 3196 3279 1719 
f 1639 3126 1721 
f 2867 2865 2866 
f 3127 3035 2866 
f 1979 1927 2800 
f 1884 2799 2025 
f 3130 3034 3035 
f 3282 3283 3198 
f 3282 3280 3364 
f 3199 1636 3131 
f 3034 1771 1838 
f 5327 3132 1716 
f 3519 1446 3603 
f 3034 3129 1771 
f 1837 2867 3035 
f 1836 2872 2952 
f 2865 2799 1884 
f 1504 1569 1634 
f 1770 3036 1714 
f 3037 1770 3042 
f 2953 1926 1832 
f 1716 3132 3133 
f 3038 3037 1833 
f 1715 1504 1634 
f 1770 3037 3038 
f 3036 1770 3038 
f 1926 2953 3040 
f 2954 3040 3043 
f 1926 2801 5437 
f 1715 1634 1716 
f 2872 5437 2801 
f 3289 1502 1503 
f 1836 2951 3038 
f 1836 3038 1833 
f 3036 3132 5327 
f 1833 3037 1835 
f 1499 1630 3371 
f 2877 2876 2959 
f 3138 2958 1830 
f 1829 2957 3048 
f 3136 1878 3044 
f 3137 3039 1712 
f 3048 2877 2959 
f 3139 1498 1707 
f 2111 2561 2148 
f 3377 3378 1563 
f 1919 1918 2720 
f 3143 3052 2961 
f 3052 1875 1876 
f 3049 3051 1827 
f 3136 3050 1878 
f 2959 2876 1879 
f 1881 1923 2956 
f 3048 2959 3050 
f 3047 3046 1710 
f 2958 1708 3049 
f 1768 3051 3049 
f 1824 1875 3052 
f 2961 2960 3142 
f 2882 1965 2883 
f 3144 3053 1825 
f 1876 2961 3052 
f 2960 1827 3051 
f 1876 2881 2962 
f 3208 1825 3143 
f 3054 1818 1823 
f 2813 2011 2884 
f 1964 2813 2884 
f 1964 2884 2965 
f 2960 2961 2962 
f 1823 1818 2964 
f 3055 3054 1823 
f 1817 2892 2889 
f 2735 1915 2892 
f 5317 1556 5312 
f 2010 2732 2816 
f 2816 2731 2813 
f 3146 1627 1764 
f 3209 3214 1702 
f 3056 2968 2966 
f 3210 3144 3297 
f 1703 3147 1704 
f 3145 1699 1762 
f 1821 1703 1765 
f 3300 3212 1629 
f 3216 1496 1629 
f 1966 2728 1965 
f 1766 3054 3055 
f 1819 1821 2887 
f 1696 3064 1760 
f 3063 2893 1871 
f 2970 3061 1816 
f 1550 1552 1619 
f 2971 1760 3063 
f 2737 2677 2676 
f 3221 1550 1619 
f 3221 1619 3224 
f 3064 1693 3065 
f 3065 3068 1815 
f 1871 1870 1816 
f 1914 2895 2738 
f 1914 2894 2893 
f 2897 1815 2820 
f 1380 3389 3546 
f 5316 1622 1696 
f 1619 3223 3224 
f 3222 1550 3221 
f 1618 3311 3312 
f 3223 3148 3149 
f 3065 3067 3068 
f 1551 1550 3222 
f 2899 1814 2974 
f 1622 1551 3222 
f 1957 2620 2740 
f 1757 3152 1756 
f 3311 3149 3312 
f 3225 1757 1614 
f 1433 3399 1546 
f 3226 5478 1546 
f 1760 1620 1696 
f 1815 2897 3065 
f 1755 1692 3073 
f 3068 2898 1815 
f 1759 3067 3150 
f 1759 1758 3069 
f 1612 3075 3074 
f 1756 3151 1757 
f 1378 1437 3622 
f 3151 1756 2975 
f 2624 2684 2823 
f 5418 3230 1611 
f 3550 3552 3551 
f 1611 3315 5418 
f 2979 2980 3075 
f 3076 3078 3077 
f 1807 2826 2900 
f 3403 1431 3404 
f 1372 3627 1255 
f 2102 2507 2054 
f 1754 3230 3231 
f 2054 2103 2003 
f 2748 2629 2628 
f 2982 1806 1807 
f 2983 2985 2986 
f 2982 1807 3078 
f 1804 3080 5328 
f 5328 1802 1803 
f 1688 1750 3157 
f 1803 1867 5328 
f 2903 1804 1751 
f 1807 2900 3077 
f 3233 1685 3318 
f 2981 2979 3077 
f 1800 2987 1749 
f 2751 2752 2831 
f 1800 1801 2987 
f 3154 3079 1753 
f 3318 1541 1609 
f 3082 2991 2833 
f 2833 2990 3083 
f 1682 3322 3234 
f 3154 1542 1687 
f 1603 3243 1674 
f 1682 1681 3160 
f 2991 3084 1681 
f 2993 2908 1866 
f 3233 3320 1686 
f 1540 1539 3321 
f 1677 3089 1745 
f 2991 3082 3084 
f 1798 3085 3086 
f 1748 3158 1684 
f 1747 1681 1682 
f 1679 3086 3085 
f 1746 1680 3162 
f 2912 2996 3088 
f 3330 1600 1531 
f 2915 2761 2760 
f 1671 1670 3167 
f 2911 1941 2755 
f 1602 1601 1605 
f 3165 1601 1674 
f 2996 2909 2994 
f 3326 1604 3241 
f 3165 3163 1601 
f 1744 1675 3088 
f 1743 3090 3091 
f 3088 1675 1745 
f 2998 1743 3091 
f 1670 1597 3166 
f 2914 2913 2998 
f 1794 1672 1743 
f 2840 1865 3087 
f 3093 3091 3092 
f 3093 3092 1741 
f 1670 1671 3245 
f 1670 3245 1598 
f 2761 2093 2762 
f 1672 3244 1673 
f 3093 2914 3091 
f 2841 2762 1940 
f 1737 1527 3246 
f 1737 3246 3247 
f 1789 2843 1904 
f 1859 1860 3168 
f 1735 3169 1587 
f 2695 1993 2040 
f 3495 1295 3496 
f 2764 2767 2765 
f 2916 2764 1863 
f 1740 1741 1742 
f 1662 1663 1661 
f 1737 3170 1667 
f 3175 1661 1788 
f 1905 2766 2767 
f 1597 1598 1599 
f 3334 3248 1595 
f 2766 2694 2767 
f 1859 3009 1860 
f 1667 3170 1595 
f 3005 3004 3096 
f 3097 3098 3174 
f 1525 1585 1586 
f 5315 5309 1524 
f 3173 3097 3174 
f 1735 3175 3169 
f 3011 1666 3174 
f 2922 1858 2923 
f 3011 3174 3098 
f 3007 1859 3101 
f 1661 1736 1788 
f 2916 1863 3002 
f 1861 2919 2923 
f 2842 2770 2843 
f 3006 2919 1861 
f 1790 1789 5440 
f 1466 3498 3490 
f 3097 1665 3006 
f 3097 3006 3098 
f 1585 1526 1461 
f 3016 1900 1856 
f 3260 3180 3178 
f 3181 3107 3262 
f 1991 1989 1990 
f 2922 2919 1787 
f 3013 1857 1858 
f 2921 1789 1904 
f 1733 3179 3262 
f 2644 2588 2698 
f 2850 2926 2849 
f 2926 2848 3017 
f 1784 3107 3108 
f 1852 1784 1853 
f 1585 1525 1526 
f 3110 3108 3109 
f 1658 3178 3179 
f 1734 1658 1787 
f 3500 1585 1461 
f 3500 1397 3501 
f 3184 1583 1648 
f 3432 3505 3506 
f 3266 1516 3183 
f 3018 3114 3019 
f 2930 2853 1895 
f 3116 2930 3019 
f 3116 3019 3114 
f 2854 2780 2855 
f 1651 1517 3346 
f 3123 1887 1725 
f 2939 2940 3024 
f 3025 1886 3023 
f 3023 1886 2939 
f 3023 2939 3024 
f 2935 1847 2936 
f 3353 1579 3351 
f 3353 3188 1579 
f 1783 1727 2934 
f 1783 2927 3110 
f 1850 2851 1898 
f 1729 1727 1728 
f 3189 1782 3121 
f 1649 3183 1650 
f 1781 3116 3115 
f 3189 3188 1726 
f 3182 1652 1732 
f 1579 3119 3352 
f 3117 3025 3023 
f 3117 1724 3025 
f 2941 1931 2942 
f 1582 3267 3268 
f 2786 2710 1933 
f 1723 3124 1775 
f 3191 1575 1776 
f 1775 2945 1842 
f 1511 3356 3275 
f 1512 1513 1514 
f 2790 2713 2862 
f 3354 1510 3271 
f 1506 1635 1636 
f 2870 1839 3033 
f 3359 3195 3357 
f 3359 3360 3361 
f 3197 1640 1719 
f 2871 1927 1978 
f 2871 1978 2948 
f 3197 1637 1772 
f 3197 1772 3128 
f 1884 2025 1927 
f 3277 1575 3274 
f 3521 1332 1391 
f 1641 1574 3358 
f 1634 1569 3285 
f 1836 1832 2872 
f 1706 3289 1503 
f 3366 3443 1505 
f 1504 1505 1569 
f 2951 1836 2952 
f 1835 2953 1833 
f 3368 3521 3524 
f 1714 3036 5327 
f 2872 2873 1883 
f 3288 1502 3289 
f 1832 1833 2953 
f 3041 3040 2953 
f 3039 1834 1712 
f 2957 2805 2877 
f 3044 3039 3137 
f 2957 2877 3048 
f 2021 2019 2020 
f 1920 1918 1919 
f 2878 2810 2879 
f 3049 1708 1768 
f 1828 2957 1830 
f 1828 2805 2957 
f 1710 3293 1709 
f 1769 3202 3207 
f 2961 3142 3143 
f 3140 1768 1707 
f 2883 1967 1917 
f 3051 3140 3142 
f 2883 2728 2016 
f 2883 2016 1967 
f 3385 1384 1441 
f 1762 3061 2969 
f 3145 1705 1699 
f 1498 3139 3294 
f 5335 3304 1558 
f 5332 3292 3375 
f 3147 1819 1763 
f 5475 2888 1872 
f 1626 1558 3306 
f 2968 1817 2889 
f 5313 1491 1493 
f 3146 1764 3057 
f 5317 5329 3217 
f 1763 1819 3058 
f 3300 1496 1562 
f 3386 3385 1441 
f 1961 2735 2818 
f 3219 1625 1698 
f 3218 3212 3300 
f 1625 3218 3307 
f 3391 1550 1551 
f 3391 1549 1552 
f 1758 3149 3311 
f 1813 2973 3070 
f 1321 5444 1437 
f 3311 3069 1758 
f 3069 1616 3070 
f 2973 2898 3068 
f 1614 3071 1616 
f 2739 1957 2740 
f 5442 1618 3312 
f 2974 1814 1813 
f 3460 1485 5442 
f 3067 1695 3150 
f 1815 1956 2820 
f 3073 2977 1811 
f 3070 1616 3071 
f 1952 2624 2823 
f 1913 2975 2976 
f 2326 2325 2823 
f 5441 1613 1690 
f 3151 2975 3072 
f 3076 2979 3075 
f 1689 3076 3075 
f 3397 1433 1548 
f 3151 3072 3071 
f 3151 1614 1757 
f 3627 1372 3626 
f 2981 2824 1868 
f 3155 1805 1754 
f 3231 3154 3155 
f 3075 1612 1689 
f 1805 3076 1754 
f 3231 3155 1754 
f 3231 1542 3154 
f 1809 2977 3073 
f 1867 2904 1910 
f 2989 2831 2988 
f 1691 3153 5441 
f 3232 1685 1688 
f 1611 3230 1689 
f 2987 1801 1803 
f 1801 2905 2989 
f 1867 2988 2904 
f 3079 3157 3080 
f 3233 1609 3408 
f 3083 1800 3158 
f 3158 1800 1749 
f 1684 3158 1749 
f 3157 3079 1688 
f 1370 3556 3557 
f 3160 3084 3161 
f 1682 3160 3410 
f 1746 3085 1798 
f 2833 2906 2990 
f 3470 1607 5511 
f 3409 1425 1426 
f 3235 3162 1680 
f 3323 1476 1477 
f 3162 1679 3085 
f 3159 3158 1748 
f 3159 3082 3083 
f 1798 3086 3163 
f 1680 1746 1799 
f 1799 2992 1747 
f 2992 1681 1747 
f 1678 3236 3238 
f 1678 3238 1605 
f 1744 3165 1674 
f 1680 3234 3235 
f 1604 3239 3241 
f 1670 3166 3167 
f 1602 1605 3413 
f 3164 1795 3087 
f 1475 3237 3325 
f 1604 1532 3239 
f 2996 2837 2909 
f 1743 1795 1794 
f 2760 2761 2762 
f 2760 2762 2841 
f 1794 3240 3244 
f 1671 1672 1673 
f 3167 3166 1742 
f 1795 2999 3087 
f 1741 3167 1742 
f 1472 3416 1531 
f 1741 1740 3000 
f 1527 1737 1667 
f 2917 1902 2768 
f 2695 2040 2769 
f 1527 3335 1528 
f 3331 1417 3332 
f 3172 1738 3096 
f 1415 3487 3488 
f 3166 3171 3172 
f 3166 1597 3171 
f 1597 1599 3334 
f 3105 3012 1733 
f 3246 1530 3333 
f 1669 1587 5476 
f 3259 3260 3261 
f 5309 1523 1524 
f 1463 1407 1349 
f 3098 3006 1861 
f 3256 1660 3252 
f 3099 3010 2920 
f 3007 2920 3009 
f 3495 3496 3497 
f 3099 3007 3101 
f 1736 3099 3101 
f 1736 3101 1788 
f 3257 3103 1660 
f 3187 3119 1729 
f 3492 1299 3656 
f 3250 3097 3173 
f 1352 1347 3655 
f 3006 1665 3104 
f 3013 1858 3105 
f 5440 2920 3011 
f 1733 1657 3013 
f 1785 3016 3015 
f 1897 2850 2849 
f 3013 1657 3014 
f 2774 2697 2924 
f 3176 1664 3251 
f 3176 1525 3177 
f 1786 1657 3106 
f 3110 3111 1783 
f 3181 3178 3180 
f 3260 3259 3263 
f 3108 3107 3181 
f 1655 3180 3260 
f 3110 3109 3111 
f 3022 1847 3021 
f 1397 3592 3593 
f 3109 3180 1655 
f 1847 2935 3021 
f 2782 2781 1984 
f 1651 3266 1652 
f 3747 3745 1288 
f 3842 3746 1220 
f 1731 3114 3184 
f 1516 1583 3183 
f 1650 3183 3184 
f 1731 3184 1648 
f 3114 1650 3184 
f 3588 3676 3666 
f 2930 1781 2853 
f 1647 1730 3115 
f 3271 1510 3272 
f 3271 3272 3273 
f 3186 1724 3117 
f 2939 2859 2940 
f 1847 2855 2936 
f 1850 2927 1783 
f 3264 1645 1656 
f 1454 3351 3352 
f 3121 3120 3189 
f 3510 1578 3511 
f 3189 1653 1782 
f 3931 1080 3995 
f 1514 1453 3437 
f 1775 2943 3028 
f 1723 1775 3028 
f 2939 2786 2859 
f 1887 3027 2860 
f 3438 1572 1574 
f 2860 2942 2861 
f 2860 2861 1886 
f 1843 2860 3026 
f 1394 1395 3679 
f 1394 3679 3682 
f 3026 1776 1843 
f 3354 1576 3437 
f 3032 2949 3033 
f 1773 3032 3033 
f 1720 3195 3196 
f 3193 1642 1641 
f 1839 2870 2871 
f 3358 1574 1572 
f 3357 1571 1508 
f 3278 1641 3358 
f 1448 3362 3440 
f 3197 3128 1640 
f 1448 3440 3599 
f 5477 1637 3198 
f 1639 3196 1719 
f 3367 1636 1635 
f 3133 2950 1771 
f 1717 1637 5477 
f 3283 1506 3198 
f 3366 1504 3367 
f 3129 3034 3130 
f 3365 3366 3367 
f 3366 3517 3443 
f 3368 3522 3521 
f 5310 1500 1327 
f 2872 2801 2873 
f 3291 3201 1632 
f 3369 3368 1445 
f 5333 3446 5337 
f 5332 3375 5331 
f 3288 3289 3290 
f 3206 3293 1710 
f 3372 1559 3373 
f 1565 3372 3373 
f 1834 3039 3041 
f 1833 1832 1836 
f 3135 3042 1713 
f 5333 3375 5334 
f 1564 1565 3203 
f 3375 3374 5331 
f 3207 3371 3293 
f 2876 1882 1879 
f 3048 1826 1829 
f 3293 3371 1630 
f 1766 3144 3210 
f 1709 3138 1710 
f 3294 1709 1630 
f 1494 1495 1561 
f 1824 2882 1875 
f 3297 3296 3295 
f 3136 3137 1769 
f 3383 3303 3382 
f 3050 3136 1767 
f 3296 3140 1707 
f 3297 3295 3299 
f 3297 3144 3208 
f 3205 3042 3135 
f 1825 3053 1824 
f 1874 2964 5474 
f 3053 2963 1824 
f 1560 3373 3383 
f 2966 2968 2967 
f 2969 1817 2968 
f 2967 2885 1873 
f 1701 1628 3303 
f 3295 3298 3299 
f 5332 1565 1564 
f 2964 2965 5474 
f 1702 3146 1820 
f 1825 3052 3143 
f 1563 3295 3296 
f 3059 3060 1818 
f 1491 3445 1492 
f 1629 3211 3216 
f 3306 3216 5329 
f 1698 1699 3219 
f 1963 2815 5475 
f 3058 2887 2886 
f 1872 2965 2964 
f 2889 2892 2890 
f 2889 2967 2968 
f 3380 3379 3540 
f 3454 3456 3455 
f 3211 3217 5329 
f 1822 2966 2967 
f 3531 1326 1381 
f 3218 3381 3307 
f 1700 1556 5317 
f 1697 3062 1761 
f 2896 2819 2895 
f 2896 2895 2972 
f 3066 2897 2972 
f 1624 1697 1761 
f 1624 3220 1623 
f 3394 1435 3460 
f 3223 3150 3224 
f 3071 1813 3070 
f 3221 1694 3222 
f 1439 3391 1487 
f 3457 1439 1487 
f 3395 3394 3460 
f 2899 2742 1956 
f 2739 2819 2741 
f 1432 3225 3313 
f 5478 1755 1757 
f 2821 2743 1955 
f 1614 3151 3071 
f 2326 2823 2289 
f 1615 1617 3313 
f 2978 2327 1869 
f 3313 1617 1432 
f 3398 1483 1545 
f 3552 1319 1376 
f 3550 3549 1319 
f 3225 1546 5478 
f 1547 1618 1485 
f 3550 1319 3552 
f 3623 1320 3707 
f 3627 1317 3793 
f 1754 3076 1689 
f 1750 1686 3081 
f 2900 2826 2747 
f 3404 3626 3554 
f 1431 3553 3626 
f 1811 3152 3073 
f 1753 3079 3080 
f 3156 3232 1687 
f 1684 1686 3320 
f 1800 2990 1801 
f 3405 3316 1543 
f 1687 3079 3154 
f 3156 1543 3319 
f 3561 3560 1364 
f 1370 1316 3631 
f 5511 3409 3470 
f 3472 2297 3473 
f 3322 1682 3410 
f 1477 1536 3235 
f 3235 1536 3162 
f 2833 3083 3082 
f 3236 1678 3086 
f 2993 1746 1798 
f 3235 3234 3323 
f 1605 1601 1678 
f 1535 3324 3475 
f 3236 3086 1679 
f 3720 3641 1306 
f 3475 2307 3474 
f 3570 1420 1534 
f 3242 3327 1473 
f 3090 3092 3091 
f 3243 1603 3326 
f 3569 3570 3571 
f 3164 3087 1797 
f 3241 1676 3326 
f 3164 1797 3089 
f 1676 3241 1677 
f 3236 1475 3238 
f 3240 1794 3164 
f 1600 1673 3328 
f 3327 3242 1603 
f 3091 2914 2998 
f 1600 3330 3245 
f 1672 3090 1743 
f 1531 1600 3415 
f 1474 1473 3569 
f 1471 1474 3480 
f 3415 1600 3328 
f 1673 1600 3245 
f 3239 3328 3244 
f 1793 1737 3247 
f 3247 1596 1669 
f 1596 3246 3333 
f 1792 1738 3095 
f 1793 3247 1669 
f 3419 1413 2298 
f 3419 2298 3483 
f 1668 3095 1793 
f 3248 1468 1594 
f 1667 3248 1594 
f 1415 1467 3487 
f 3331 3332 3333 
f 3177 1586 3259 
f 1351 3491 1412 
f 3260 3178 3261 
f 3177 1525 1586 
f 3106 1657 3262 
f 3336 3257 3341 
f 1590 3251 3249 
f 3251 3250 3249 
f 3342 1586 1585 
f 1519 1521 3256 
f 5440 1789 2921 
f 1519 3340 1524 
f 1463 1405 3428 
f 3175 1735 3255 
f 3252 3340 3256 
f 1662 3253 1663 
f 1735 1588 3255 
f 1736 1661 1663 
f 1663 1660 3102 
f 3418 1413 3419 
f 1663 3102 1736 
f 1589 3426 3427 
f 1524 3340 5315 
f 3661 3660 1229 
f 1578 3351 3511 
f 3261 1659 3259 
f 3586 3585 1291 
f 3256 1521 3341 
f 1664 1665 3251 
f 1586 3258 3259 
f 1655 3260 3263 
f 3181 3180 3108 
f 3338 5330 1590 
f 2775 1854 1988 
f 1644 3265 1726 
f 2934 1850 1783 
f 1517 1651 3433 
f 3432 3433 3503 
f 1726 1654 1653 
f 1650 3018 1649 
f 1649 3018 3112 
f 1732 3112 3113 
f 3664 3744 1288 
f 3345 3434 3346 
f 5342 3667 3668 
f 3434 3507 3508 
f 3507 1402 3508 
f 1084 1030 3928 
f 3432 3503 1459 
f 3436 1398 1399 
f 1581 3270 1580 
f 1516 1457 3348 
f 1452 3356 1511 
f 3512 3355 3354 
f 3186 3117 3118 
f 3270 1512 3190 
f 3275 3276 3277 
f 3186 3118 1730 
f 3437 3509 3594 
f 1577 3271 3273 
f 3354 3355 1510 
f 1887 2860 1886 
f 1653 3113 1782 
f 2936 2855 1892 
f 1645 3187 1656 
f 1728 1655 1656 
f 3343 3265 1644 
f 3505 3432 1459 
f 2929 2930 1895 
f 1782 1846 1779 
f 3751 3680 1450 
f 3273 3190 1577 
f 1514 1513 3349 
f 1341 1285 3672 
f 2947 2863 1842 
f 3512 3354 3437 
f 3597 1570 3514 
f 3277 3276 1573 
f 3277 3192 1723 
f 3271 1577 1576 
f 3194 3124 3192 
f 1719 1640 1639 
f 3194 3192 1642 
f 1574 3276 3438 
f 3126 3030 3029 
f 3278 3195 1720 
f 1449 3516 3681 
f 3278 1720 3193 
f 3272 1510 3274 
f 3196 3195 3279 
f 3360 1507 3363 
f 3362 1507 3440 
f 3442 3280 3362 
f 2949 2870 3033 
f 3281 3282 3198 
f 1635 3283 3441 
f 3365 3441 3518 
f 3281 3280 3282 
f 3441 3365 1635 
f 3520 3443 3517 
f 3367 1504 1715 
f 3283 3282 3364 
f 1631 3135 3201 
f 3370 3284 1569 
f 3444 1390 3527 
f 1631 3201 3292 
f 1631 1564 3203 
f 2951 3036 3038 
f 2869 2868 1928 
f 3291 1501 5334 
f 5311 1501 3291 
f 3201 3291 3292 
f 3200 1713 1714 
f 3201 3135 3134 
f 1200 1199 3690 
f 3201 3134 1632 
f 3284 1567 3200 
f 1565 3288 3290 
f 3302 5313 5335 
f 1834 3041 1835 
f 3374 1491 5314 
f 5331 3374 5314 
f 5331 3372 5332 
f 2801 2803 2873 
f 1832 5437 2872 
f 3207 3206 1769 
f 2878 2879 1880 
f 3447 1494 3378 
f 3299 3214 3210 
f 3144 1825 3208 
f 3141 3296 3297 
f 3215 1494 1561 
f 1495 1494 3447 
f 3297 3208 3141 
f 1499 1503 1442 
f 2889 2885 2967 
f 3532 3379 1497 
f 3532 1497 1441 
f 1627 1628 1701 
f 1442 1503 3528 
f 1566 3204 3290 
f 3289 1566 3290 
f 3059 1820 3060 
f 3302 1559 5313 
f 3301 3146 1702 
f 3302 1557 3303 
f 3302 3383 1559 
f 3057 1820 3146 
f 3383 3373 1559 
f 3306 5329 1626 
f 3305 1496 3216 
f 1556 1701 5312 
f 3384 1493 1492 
f 1490 3451 3453 
f 1560 3288 3373 
f 3541 3542 3543 
f 1623 1621 5316 
f 1625 3219 3218 
f 1497 1496 3386 
f 1623 3220 1488 
f 3541 3543 1381 
f 1696 1620 5316 
f 3455 3456 3388 
f 2969 3056 1762 
f 1487 3308 1553 
f 1765 1703 1705 
f 1436 3459 3548 
f 1377 1378 1435 
f 3394 1377 1435 
f 5316 1697 1623 
f 1816 3061 1761 
f 3150 3223 1758 
f 1486 3392 3459 
f 1695 1693 1694 
f 1622 1621 3308 
f 3621 1260 1261 
f 1546 1432 1433 
f 3312 3395 5442 
f 1954 1953 2745 
f 1617 3311 1618 
f 3224 3150 1695 
f 1545 3226 3399 
f 3552 3461 3551 
f 3315 1690 3229 
f 3625 1373 1375 
f 5418 3315 3403 
f 3228 3226 1545 
f 1610 3230 5418 
f 1689 1612 1611 
f 3228 1545 1483 
f 1543 3316 3319 
f 1254 1253 3796 
f 1543 1610 3405 
f 1687 1542 3156 
f 3630 1369 1368 
f 1428 1368 1480 
f 3316 1481 3317 
f 3316 3317 3319 
f 2904 2828 1910 
f 1753 1752 3155 
f 3712 1367 1109 
f 1367 3712 3633 
f 3554 1372 3628 
f 1686 1684 3081 
f 3319 3232 3156 
f 1683 1539 1607 
f 1538 3470 3561 
f 1540 3409 5511 
f 3556 3407 3466 
f 1538 3471 3410 
f 3470 1538 1479 
f 3234 1680 1747 
f 3474 1308 1363 
f 3478 1421 3412 
f 1475 3236 3237 
f 2993 1799 1746 
f 3479 1534 1422 
f 3568 3479 1422 
f 3475 3324 2307 
f 3413 1421 1422 
f 3478 1422 1421 
f 3240 3164 1677 
f 3242 3326 1603 
f 3241 3240 1677 
f 3569 3480 1474 
f 1604 3326 3242 
f 1533 3327 1602 
f 1676 3243 3326 
f 3237 1679 1536 
f 1604 3242 3414 
f 1533 1602 3413 
f 1796 2912 3088 
f 1673 3245 1671 
f 3089 2997 1796 
f 3330 3417 1599 
f 3484 1356 3420 
f 1598 3245 3330 
f 1598 1597 1670 
f 3651 1354 1355 
f 1470 1468 3248 
f 1595 3248 1667 
f 1417 1418 3429 
f 1417 3429 3332 
f 3419 1417 3331 
f 1596 1587 1669 
f 3420 1356 3486 
f 3246 1527 1530 
f 3417 3329 3481 
f 3417 3481 3482 
f 1599 1598 3330 
f 1737 1793 3170 
f 3421 1415 1529 
f 1357 3484 3575 
f 1529 1468 3421 
f 3335 1667 1594 
f 1742 3004 1740 
f 1590 3249 3338 
f 1299 1352 3655 
f 3490 1411 3337 
f 1463 1349 3582 
f 3336 1466 1593 
f 5309 3425 1406 
f 3257 1593 3103 
f 3336 1593 3257 
f 1660 3256 3257 
f 3094 2917 3003 
f 3168 1739 5476 
f 1519 1520 1521 
f 3418 3419 3331 
f 1299 3491 1352 
f 3252 3253 3340 
f 3483 2298 3573 
f 5476 1739 1669 
f 3254 3175 3255 
f 1588 3333 3332 
f 3728 1223 3729 
f 3498 1351 3490 
f 3424 1526 5330 
f 2920 5440 2921 
f 3430 1462 3431 
f 1659 3176 3177 
f 3492 3423 3493 
f 3180 3109 3108 
f 3111 1727 1783 
f 5439 2929 1845 
f 3265 3343 3344 
f 3667 1287 3668 
f 3843 3748 3669 
f 5342 3745 3747 
f 3112 1849 3113 
f 1456 1398 1515 
f 3590 1340 1399 
f 1400 3591 3590 
f 1583 3184 3183 
f 3434 3345 3507 
f 1400 1398 1456 
f 1399 1398 1400 
f 3185 3269 1581 
f 1724 1580 1646 
f 3436 3347 1398 
f 3268 3350 3269 
f 1580 3185 1581 
f 3350 1513 1581 
f 1287 1217 1342 
f 3270 1646 1580 
f 3190 3123 1725 
f 1518 1460 3504 
f 3352 3187 1645 
f 1455 1338 1396 
f 3502 1343 1459 
f 3587 1345 3663 
f 1511 1510 3355 
f 1337 3595 3596 
f 3273 3123 3190 
f 1725 1724 1646 
f 3270 3190 1646 
f 3512 3437 3594 
f 1395 1394 3597 
f 3190 1725 1646 
f 1394 3516 3515 
f 3440 3598 3599 
f 3362 3280 3363 
f 3028 1776 1723 
f 1639 1638 3126 
f 3190 1512 1577 
f 3272 1643 3273 
f 1721 3126 3029 
f 3029 3030 3031 
f 1774 3029 3031 
f 3192 3124 1723 
f 3852 5446 3851 
f 3279 3359 3361 
f 3439 1508 3516 
f 3440 1449 3598 
f 3279 3195 3359 
f 1507 1449 3440 
f 3363 3280 3281 
f 3514 1450 3680 
f 3365 3517 3366 
f 3127 3032 3128 
f 3364 3280 3442 
f 1392 1447 3518 
f 1772 3127 3128 
f 1392 3518 3519 
f 3198 1637 3281 
f 3367 1715 1636 
f 3200 1714 3285 
f 1568 1567 3369 
f 1713 3042 1770 
f 3134 3200 1633 
f 2952 2872 1883 
f 1631 3203 3205 
f 3604 3690 3691 
f 3135 1631 3205 
f 3521 1391 3524 
f 1712 1834 3204 
f 3378 3295 1563 
f 1710 3138 3047 
f 3383 3302 3303 
f 1630 1709 3293 
f 3298 3378 1494 
f 3382 1561 1495 
f 1272 3694 3767 
f 3200 1567 1633 
f 1567 1568 1633 
f 3303 1628 3382 
f 5314 3372 5331 
f 3384 1555 3304 
f 1278 3756 3685 
f 3292 3291 5334 
f 2958 1880 1830 
f 1709 1708 3138 
f 3296 1707 1563 
f 3214 3209 3210 
f 3215 1561 3301 
f 3382 1560 3383 
f 3299 3210 3297 
f 3298 3214 3299 
f 3377 3376 1442 
f 3612 3531 1385 
f 1488 1553 1621 
f 1441 1385 3532 
f 1499 3371 1503 
f 3447 1442 3528 
f 1704 1705 1703 
f 3528 1502 1560 
f 3371 1706 1503 
f 5334 3375 3292 
f 1492 1493 1491 
f 1556 1627 1701 
f 3373 3288 1565 
f 3451 3450 3453 
f 1490 3385 3387 
f 3220 1625 3307 
f 3455 3307 3381 
f 3454 3455 3380 
f 3451 1490 3384 
f 1629 3212 3213 
f 3220 1624 1625 
f 3381 3218 3300 
f 1488 1489 1553 
f 3213 3212 1705 
f 3616 1267 3703 
f 3544 3545 3546 
f 1554 1488 3220 
f 1761 3061 1698 
f 3064 3066 1760 
f 1439 3457 3547 
f 3066 2972 3063 
f 3222 1694 1696 
f 3308 1551 1622 
f 1553 1489 3390 
f 1436 3393 1486 
f 3309 1552 1549 
f 3459 1436 1486 
f 3457 1380 3617 
f 1549 3392 3309 
f 1487 1551 3308 
f 1621 1553 3308 
f 1758 1759 3150 
f 3781 3779 1184 
f 3781 3780 1264 
f 3620 3459 3458 
f 5442 3395 3460 
f 1436 1377 3393 
f 3457 3617 3547 
f 1814 2898 2973 
f 1258 1317 3625 
f 1615 1616 3069 
f 1811 1869 1812 
f 3312 3148 3395 
f 1547 1548 1433 
f 1547 1432 1617 
f 1547 1617 1618 
f 3228 3227 3226 
f 1376 1482 3552 
f 3551 1548 3550 
f 3074 2980 1810 
f 3397 3398 3399 
f 3400 3462 3401 
f 1690 1611 1612 
f 1610 1543 1542 
f 1610 5418 1544 
f 1542 1543 3156 
f 3554 3626 1372 
f 1690 1613 3229 
f 1254 1315 3555 
f 3464 1430 3465 
f 3463 3464 3465 
f 1803 2988 1867 
f 1314 3630 3631 
f 1314 1175 3711 
f 1367 3630 3711 
f 1683 3159 1748 
f 1481 3466 1541 
f 1368 1369 3467 
f 1608 3321 1539 
f 1316 1370 3555 
f 3711 3630 1314 
f 3630 1428 3631 
f 3560 3559 1365 
f 1309 1311 3717 
f 1310 1308 3717 
f 3243 1675 1674 
f 3470 3409 3561 
f 3473 1476 1537 
f 1247 3636 3805 
f 1312 3638 3716 
f 1307 3639 1363 
f 3474 1363 3564 
f 1360 1361 1362 
f 2297 1309 2307 
f 3476 3477 3478 
f 3237 3236 1679 
f 3642 3565 1362 
f 1359 3645 3643 
f 1677 3164 3089 
f 3565 3476 1362 
f 1601 1602 1603 
f 1674 1601 1603 
f 3479 3567 1358 
f 1241 1242 1243 
f 1238 3647 3646 
f 3821 1238 1239 
f 1473 3327 1420 
f 3329 3417 3330 
f 3163 3086 1678 
f 1533 1420 3327 
f 3239 3240 3241 
f 1531 3329 3330 
f 1745 3089 1796 
f 3484 3420 3485 
f 1416 3484 3485 
f 1470 3248 3334 
f 3487 3654 1353 
f 5455 3652 1158 
f 3973 1099 1158 
f 1792 3095 1791 
f 1742 3166 3172 
f 3650 1301 3651 
f 1792 1862 3005 
f 3334 3171 1597 
f 3003 1862 1791 
f 1589 3254 3255 
f 3336 3498 1466 
f 3337 3338 1592 
f 1408 1409 3587 
f 3499 1408 3587 
f 1298 3730 3731 
f 3022 1779 1846 
f 3254 1661 3175 
f 3427 3426 3497 
f 1406 3425 1464 
f 3428 1524 1523 
f 1295 1302 5306 
f 3483 3573 3495 
f 1662 3254 3339 
f 3340 1519 3256 
f 3573 1295 3495 
f 1346 1351 3498 
f 3729 1223 3823 
f 3498 3336 1465 
f 3431 3341 1521 
f 3430 1520 1405 
f 2920 3007 3099 
f 1412 3490 1351 
f 3179 3178 3181 
f 3261 1658 1734 
f 3499 1397 3500 
f 1659 3177 3259 
f 3502 1459 3504 
f 3840 3744 1221 
f 1221 1030 3840 
f 1517 3345 3346 
f 3182 3433 1651 
f 1403 3668 3589 
f 1648 1647 1731 
f 3931 1214 1216 
f 1287 1342 3589 
f 3277 1723 1575 
f 3510 1518 1578 
f 1578 3353 3351 
f 1653 3189 1726 
f 1461 1408 3499 
f 1725 1887 3025 
f 1725 3025 1724 
f 1515 3508 1456 
f 1509 3438 3513 
f 1575 3191 3272 
f 3595 1450 3596 
f 1507 3362 3363 
f 1720 1721 3125 
f 1774 1722 3194 
f 3681 1394 3682 
f 3194 1722 3124 
f 3193 3125 3194 
f 1718 3197 1719 
f 3361 1719 3279 
f 1508 3515 3516 
f 3443 3520 3522 
f 3199 3129 1717 
f 1640 3128 1773 
f 3517 3365 3518 
f 3287 1632 1633 
f 1771 2950 1838 
f 1445 3286 1568 
f 3605 1199 3606 
f 3605 3525 1390 
f 3447 3378 3377 
f 1711 1835 3037 
f 3445 3374 5337 
f 3533 3449 5338 
f 3372 1565 5332 
f 5337 1386 3530 
f 3294 3139 1709 
f 3540 3454 3380 
f 3452 3535 3539 
f 1703 1821 1819 
f 3379 3380 1562 
f 3528 1495 3447 
f 3536 3538 3539 
f 3533 3534 3530 
f 3290 3203 1565 
f 3453 3385 1490 
f 1558 3304 3306 
f 1558 1557 5335 
f 3387 3305 1555 
f 3536 3614 3615 
f 5311 1387 1500 
f 1492 3451 3384 
f 3385 3386 3387 
f 3213 1704 3217 
f 5443 3542 3546 
f 1554 3307 3388 
f 3389 1380 3390 
f 1697 1624 1623 
f 1487 3390 3457 
f 3619 1262 5444 
f 3620 3458 3618 
f 3620 3619 3548 
f 1114 1055 1056 
f 3393 3394 3396 
f 1379 1439 3547 
f 3617 1380 3545 
f 3706 1437 5444 
f 3706 1183 3786 
f 1258 1259 1317 
f 3153 1691 1692 
f 1257 3462 3625 
f 2980 2290 1810 
f 3404 1544 3403 
f 1435 1378 3549 
f 1257 1317 3627 
f 3557 3466 1430 
f 3555 1429 1253 
f 1425 3409 1540 
f 3465 3405 3463 
f 1367 1369 3630 
f 3637 3560 1365 
f 1479 3410 3160 
f 1360 1362 1423 
f 3323 1537 1476 
f 3639 3563 1363 
f 3412 1475 3325 
f 1360 3475 3564 
f 1478 3411 3473 
f 3234 3322 3323 
f 1536 1606 3237 
f 3475 1360 1535 
f 1536 1477 1606 
f 1167 3900 1244 
f 3566 3567 3568 
f 1305 1243 3722 
f 1241 1243 1305 
f 1473 1474 3414 
f 3822 3725 3726 
f 1473 1420 3569 
f 2996 2994 2995 
f 3327 1603 1602 
f 1532 3414 3415 
f 3480 3648 3572 
f 1419 1471 3572 
f 3480 3572 1471 
f 3416 1472 1471 
f 3414 1474 1472 
f 1470 1599 3417 
f 1419 3572 3575 
f 1470 3417 3482 
f 1470 3334 1599 
f 1469 3482 3485 
f 3488 3489 3418 
f 1417 3419 3483 
f 1300 1159 1237 
f 3651 1355 1356 
f 3489 1413 3418 
f 1419 1416 3481 
f 1469 1468 1470 
f 3822 1301 3821 
f 3003 1791 1668 
f 3426 1589 1522 
f 1355 3486 1356 
f 1357 1356 3484 
f 3331 1530 1528 
f 5306 1297 3578 
f 3654 1467 3486 
f 1468 1469 3421 
f 3173 1592 3250 
f 3173 1591 1592 
f 1411 3490 1412 
f 3173 3174 1666 
f 3424 5330 5336 
f 1410 1345 3587 
f 1299 3728 3729 
f 3337 1592 1591 
f 3337 1591 1466 
f 5330 1411 5336 
f 3003 1668 1739 
f 3175 3100 3169 
f 1662 1661 3254 
f 3578 1295 5306 
f 5315 3425 5309 
f 3494 1406 1464 
f 1464 3496 3494 
f 3736 1147 1148 
f 3103 3102 1660 
f 3660 1292 3584 
f 1352 1346 1347 
f 1292 1347 1462 
f 3101 3100 1788 
f 1465 3341 3431 
f 1462 1465 3431 
f 3829 1148 1227 
f 3339 1589 3427 
f 3496 1295 3578 
f 1522 3255 1588 
f 3426 3429 1418 
f 5476 1587 3169 
f 1352 1351 1346 
f 1462 1347 1346 
f 3658 1229 3660 
f 1591 1593 1466 
f 3491 3492 3493 
f 3258 1586 3342 
f 1412 3491 3493 
f 1409 1408 3423 
f 3258 3263 3259 
f 1409 3423 3492 
f 1409 3492 3577 
f 3109 1655 1728 
f 3503 3343 3504 
f 3113 1849 1846 
f 1652 3112 1732 
f 1459 3503 3504 
f 1343 3502 3665 
f 1460 3502 3504 
f 3112 3018 1849 
f 1457 1516 3435 
f 3511 1454 1455 
f 1726 3265 1654 
f 3503 3344 3343 
f 3511 1455 1396 
f 1732 1653 1654 
f 1030 1221 3928 
f 3507 3345 1458 
f 1583 1516 3348 
f 3507 1458 3589 
f 3349 1513 3350 
f 3436 3349 3267 
f 1583 1582 3268 
f 1402 3507 1342 
f 3506 3345 1517 
f 3348 3347 1582 
f 1515 1398 3347 
f 1515 3347 3348 
f 3590 1341 1340 
f 1580 1724 3186 
f 3347 3436 3267 
f 1580 3186 3185 
f 3272 3274 1575 
f 3593 1338 1397 
f 5445 3745 3665 
f 3587 1409 1410 
f 1584 1455 1454 
f 5445 3666 3743 
f 5445 3664 3745 
f 1584 1454 3264 
f 1584 3258 3342 
f 1509 3596 1450 
f 3513 3356 1452 
f 3436 1399 1453 
f 1400 1401 3591 
f 3273 1643 3123 
f 1572 1571 3358 
f 1508 3360 3359 
f 3681 3516 1394 
f 1452 1451 3513 
f 3349 1453 1514 
f 5446 3752 1335 
f 3355 1452 1511 
f 1573 1641 1642 
f 3515 3597 1394 
f 1335 1395 3680 
f 3514 1570 1572 
f 1570 1571 1572 
f 1718 1637 3197 
f 1507 3360 3439 
f 3754 1281 1206 
f 1508 1571 3515 
f 3514 3680 3597 
f 3442 1448 1446 
f 1449 1507 3439 
f 3439 3360 1508 
f 3198 1506 5477 
f 3441 3283 3364 
f 3441 3519 3518 
f 3520 3521 3522 
f 1447 1276 3600 
f 1447 3517 3518 
f 1449 3439 3516 
f 1392 3519 3603 
f 1446 3602 3603 
f 3131 1771 3129 
f 1634 5327 1716 
f 3517 1447 3601 
f 3519 3441 3364 
f 5477 1506 3199 
f 1202 1203 3690 
f 3759 3760 1203 
f 3691 3523 1391 
f 3691 1391 3604 
f 3854 3759 1203 
f 3519 3442 1446 
f 3691 1390 3523 
f 3286 1444 5308 
f 3854 1202 3756 
f 1444 1388 5308 
f 1444 3286 1445 
f 3524 3444 1445 
f 1200 3760 3858 
f 3605 3606 3525 
f 3369 3284 3370 
f 1569 3284 3285 
f 1628 1627 3301 
f 3382 1628 1561 
f 1700 3147 1763 
f 1442 3376 1499 
f 3371 3207 1706 
f 3608 1329 1389 
f 3765 1331 1273 
f 1388 3608 5308 
f 5314 1559 3372 
f 1195 1196 1197 
f 3445 3530 3534 
f 1272 1195 1329 
f 3298 3295 3378 
f 1499 3376 1630 
f 1494 3215 3298 
f 3296 3141 3140 
f 3205 1711 3042 
f 3538 3537 3612 
f 3612 3537 3697 
f 1266 1326 3701 
f 1186 3775 3872 
f 3531 3540 3532 
f 3202 1769 3137 
f 5312 1558 1626 
f 5338 3450 3533 
f 3611 3449 3533 
f 3449 3610 3695 
f 4178 4179 4252 
f 1118 3949 1189 
f 3871 1192 3947 
f 3304 1555 3306 
f 3696 1443 3609 
f 3701 1267 1266 
f 3616 1266 1267 
f 1326 3531 3697 
f 3701 1190 3775 
f 4023 1055 3950 
f 3697 3701 1326 
f 3543 3454 1381 
f 3701 3775 1267 
f 3537 3613 3699 
f 3702 1185 3776 
f 3701 1325 1190 
f 3544 3546 3542 
f 1439 1379 1549 
f 1439 1549 3391 
f 1694 1693 1696 
f 3545 1322 3617 
f 3778 1322 1265 
f 1114 1056 3782 
f 3619 3784 1262 
f 3456 5443 3389 
f 1552 1550 3391 
f 3458 3392 1379 
f 3393 1377 3394 
f 3783 3875 3785 
f 1437 1378 1321 
f 3228 1613 3153 
f 3148 3223 1619 
f 3149 1758 3223 
f 3395 3310 3396 
f 3462 1257 3553 
f 3069 3070 1759 
f 1182 3788 3791 
f 3625 1375 1258 
f 3395 3148 3310 
f 3152 1812 1756 
f 3153 1613 5441 
f 3551 3461 3397 
f 3551 3397 1548 
f 3624 1376 3623 
f 3400 1483 1484 
f 1434 3549 3550 
f 1259 3709 3710 
f 3709 1178 3710 
f 1373 1482 1375 
f 3314 1483 3400 
f 3709 1111 1178 
f 3401 3462 3553 
f 3463 3404 3554 
f 1254 3796 3795 
f 3463 1544 3404 
f 1609 3233 3318 
f 1255 1256 3628 
f 1050 3956 4028 
f 3317 1481 1541 
f 3318 1685 3232 
f 3318 3232 3319 
f 3799 1050 1110 
f 1256 1371 3628 
f 3406 1609 3407 
f 1256 3792 3796 
f 3465 3316 3405 
f 3407 1609 1541 
f 3467 1540 3321 
f 1366 1251 3635 
f 3711 1109 1367 
f 3407 1541 3466 
f 3464 3463 3554 
f 1425 3468 3558 
f 1369 3468 3467 
f 3469 1365 3559 
f 1316 3629 3631 
f 1171 1172 3893 
f 3469 1249 3636 
f 1608 1748 3320 
f 1478 3410 3471 
f 1311 3472 1424 
f 5511 1607 1539 
f 3636 1247 1365 
f 3409 1426 3559 
f 3561 3409 3559 
f 3234 1747 1682 
f 3473 1537 1478 
f 3473 3411 3472 
f 3471 3411 1478 
f 1478 1537 3322 
f 1248 3636 1313 
f 3719 3640 3563 
f 3719 1167 3640 
f 3563 3640 1361 
f 1421 3238 1475 
f 3718 1169 3808 
f 3719 3563 3639 
f 3567 3479 3568 
f 1476 3473 2297 
f 3640 1306 3642 
f 1535 3325 1606 
f 3324 1606 1477 
f 1245 3807 3898 
f 3640 1167 1306 
f 1162 3814 3905 
f 1167 1244 1306 
f 3566 1241 1305 
f 1605 1421 3413 
f 1534 3479 3570 
f 3648 3480 3571 
f 1744 2995 3165 
f 1534 1533 3413 
f 1362 1361 3642 
f 1744 2996 2995 
f 3415 3328 1532 
f 1531 3415 1472 
f 3571 3480 3569 
f 1673 3244 3328 
f 3414 1472 3415 
f 3916 1232 1153 
f 3733 1153 3824 
f 3912 1095 1098 
f 2298 1414 2306 
f 3572 3574 3575 
f 3420 1467 3421 
f 3485 3420 3421 
f 3575 3484 1416 
f 3572 3648 3574 
f 1471 1472 1474 
f 3653 1355 1354 
f 1419 3481 3416 
f 3727 1353 3654 
f 1468 1529 1594 
f 3974 1037 3975 
f 1471 1419 3416 
f 3654 3486 3653 
f 3820 1234 1157 
f 3574 3647 3650 
f 3482 1416 3485 
f 1413 1414 2298 
f 3912 3820 1157 
f 3729 3656 1299 
f 1521 1520 3431 
f 3501 1455 1584 
f 3492 3656 3577 
f 3490 3337 1466 
f 3661 1292 3660 
f 3731 1410 1298 
f 3731 1154 3742 
f 5330 3338 1411 
f 3741 3728 1291 
f 3122 3021 1780 
f 3496 1464 3497 
f 3659 5512 3738 
f 3428 1519 1524 
f 1463 3428 1523 
f 3494 1350 3580 
f 3579 1350 1297 
f 5315 1662 3339 
f 3724 1157 1234 
f 3923 3989 3991 
f 1464 3425 3427 
f 1302 3724 1234 
f 1091 5348 1152 
f 1407 1406 3580 
f 3581 1349 3583 
f 1338 3593 1339 
f 3491 1299 3492 
f 3663 3499 3587 
f 3499 3500 1461 
f 3505 1343 1344 
f 3588 1460 3510 
f 3844 1142 1143 
f 3844 3843 1217 
f 3434 1457 3435 
f 3344 3182 1654 
f 3346 3266 1651 
f 1402 1401 1456 
f 1399 3509 1453 
f 1022 4083 4003 
f 1138 3850 3852 
f 1213 1283 3846 
f 1401 1402 3669 
f 3672 1340 1341 
f 3509 3437 1453 
f 3269 1648 3268 
f 1648 1583 3268 
f 1400 1456 1401 
f 1396 3510 3511 
f 1338 1455 3501 
f 1397 3499 3663 
f 3510 1460 1518 
f 3352 3351 1579 
f 3592 1397 3663 
f 1341 3671 3749 
f 1285 1341 3749 
f 1336 1451 1452 
f 1572 1509 3514 
f 3515 1570 3597 
f 3681 3682 3684 
f 1573 1642 3192 
f 1450 3514 1509 
f 1573 3192 3277 
f 1720 3125 3193 
f 4002 1022 1075 
f 3363 1718 3361 
f 1718 1719 3361 
f 3363 3361 3360 
f 3520 3517 3601 
f 3520 1332 3521 
f 1716 3131 1715 
f 3525 1330 3526 
f 1446 1333 3602 
f 1021 4085 4087 
f 1392 1276 1447 
f 1447 3600 3601 
f 3603 3602 1393 
f 3683 3754 3755 
f 1444 1445 3444 
f 1444 3444 3527 
f 3129 3199 3131 
f 1568 3286 3287 
f 1273 1198 3765 
f 3369 1567 3284 
f 1445 3368 3524 
f 3286 1387 3287 
f 3526 3607 3608 
f 1443 1327 3529 
f 5308 3608 1389 
f 3526 1330 3607 
f 3767 3766 1196 
f 3694 3764 5344 
f 3609 1443 3529 
f 3610 3449 3611 
f 3530 3445 5337 
f 3446 1501 5310 
f 1271 1197 3769 
f 1195 1197 1271 
f 3535 3452 5338 
f 5340 1191 1270 
f 5339 3614 3535 
f 1328 1443 3696 
f 1386 1328 3611 
f 3450 3448 3533 
f 3774 3773 3865 
f 3381 3380 3455 
f 1555 3305 3306 
f 5346 3770 3772 
f 1440 1384 3385 
f 3772 3771 3868 
f 3611 3530 1386 
f 3696 3610 1328 
f 3616 3542 3541 
f 1270 1191 1192 
f 3613 1382 3699 
f 3546 3389 5443 
f 5339 3449 3695 
f 1263 3618 1438 
f 1056 3951 3782 
f 3307 1554 3220 
f 3543 3542 5443 
f 3702 1187 1185 
f 1263 1322 3778 
f 1489 1554 3388 
f 1438 1379 3547 
f 3396 3310 3309 
f 1379 3392 1549 
f 3548 1321 1436 
f 1437 1260 3622 
f 3951 4184 958 
f 3951 958 1053 
f 3457 3390 1380 
f 1551 1487 3391 
f 1486 3309 3392 
f 4103 897 1011 
f 3791 3708 1182 
f 1486 3393 3396 
f 3787 1261 3786 
f 1262 3784 3783 
f 1374 1318 3624 
f 1434 1485 3460 
f 1434 3460 1435 
f 3549 1434 1435 
f 1261 1260 3786 
f 1433 1432 1547 
f 1054 3952 3953 
f 3876 3786 3953 
f 3621 1261 3707 
f 3153 3227 3228 
f 3552 1482 3461 
f 1318 1258 3624 
f 3314 1613 3228 
f 3401 3229 3314 
f 3555 1315 1316 
f 1484 3398 3461 
f 1258 1375 3624 
f 1485 1618 5442 
f 1376 1375 1482 
f 3462 3400 1373 
f 3229 1613 3314 
f 3795 3794 3797 
f 3321 1608 3408 
f 1427 3321 3408 
f 3555 1370 3557 
f 1255 3627 3793 
f 3553 3402 3401 
f 3465 1481 3316 
f 1480 3406 3407 
f 1175 1176 3800 
f 3464 3554 3628 
f 1430 1429 3557 
f 3408 3406 1427 
f 3709 3708 1111 
f 3794 1178 1112 
f 1430 1481 3465 
f 3317 3318 3319 
f 1425 3467 3468 
f 1425 1540 3467 
f 3805 3804 1170 
f 3805 1170 3806 
f 1365 3469 3636 
f 1427 3406 1480 
f 3895 3896 1170 
f 1247 3716 3637 
f 1249 3469 3558 
f 1608 3320 3408 
f 1607 3161 1683 
f 3471 1538 1364 
f 1248 1313 3715 
f 3324 1535 1606 
f 1478 3322 3410 
f 3471 1364 3562 
f 1424 3411 3562 
f 3716 1424 3637 
f 1312 1246 3638 
f 1361 3640 3642 
f 1363 1308 1307 
f 1169 1168 3898 
f 1169 3899 3967 
f 1168 3639 1307 
f 3898 3899 1169 
f 3718 1168 1169 
f 994 4045 4122 
f 3807 3897 3898 
f 3641 3565 3642 
f 3478 3477 3568 
f 1306 1244 3720 
f 3477 1241 3566 
f 1306 3641 3642 
f 3718 1167 3719 
f 3325 3237 1606 
f 3325 1535 1423 
f 3476 3412 1423 
f 3566 1305 3643 
f 3569 1420 3570 
f 3648 3571 1304 
f 1162 3815 3816 
f 1358 3571 3570 
f 1165 3903 3902 
f 1473 3414 3242 
f 1420 1533 1534 
f 3903 3812 1166 
f 3726 1301 3822 
f 3412 3476 3478 
f 3725 3652 3726 
f 3649 3724 1302 
f 1588 1596 3333 
f 1522 3332 3429 
f 1235 3819 3649 
f 1357 3574 3650 
f 3647 1238 3650 
f 1357 3650 3651 
f 3653 1354 1300 
f 3645 3567 3643 
f 3246 1596 3247 
f 3574 3648 3647 
f 3910 3817 3818 
f 3644 3645 1161 
f 1467 1415 3421 
f 3481 3329 3416 
f 1669 1668 1793 
f 3818 1303 3723 
f 3482 3481 1416 
f 3910 3818 3723 
f 1300 3727 3653 
f 1353 3489 3487 
f 3574 1357 3575 
f 3973 3913 3981 
f 1416 1419 3575 
f 1300 3652 5455 
f 3741 1223 3728 
f 3102 3099 1736 
f 3823 1224 1097 
f 5336 3423 3424 
f 3823 1097 3730 
f 1408 1461 3424 
f 3578 1297 1350 
f 3579 3734 5512 
f 3578 3494 3496 
f 1091 1151 3830 
f 933 3976 4131 
f 3657 1293 3581 
f 3583 3657 3581 
f 3924 3831 1148 
f 3430 1292 1462 
f 933 880 4132 
f 1151 3737 3830 
f 3582 3658 3584 
f 3662 1225 3741 
f 3982 3992 4076 
f 3982 1031 985 
f 1226 1229 3829 
f 1349 3581 3582 
f 1405 1463 3582 
f 1346 1465 1462 
f 1520 1519 3428 
f 3673 1210 1212 
f 3673 3674 3675 
f 1211 1290 3838 
f 1403 3505 1344 
f 1651 1652 3182 
f 1403 1458 3506 
f 3504 3343 1518 
f 3502 1460 3666 
f 3592 3675 3593 
f 3343 1644 1518 
f 1286 3749 3671 
f 3505 1459 1343 
f 3344 1654 3265 
f 3743 1222 1289 
f 1142 1217 1287 
f 1342 3507 3589 
f 1344 1343 3665 
f 1581 3269 3350 
f 3845 3932 3933 
f 1138 3852 3851 
f 3678 1283 1282 
f 3594 3509 1340 
f 3672 3594 1340 
f 1345 3731 3742 
f 1290 1345 3742 
f 1222 1146 3839 
f 3744 1289 1221 
f 1083 4082 976 
f 3592 1210 3675 
f 3677 1284 1337 
f 3845 1215 1214 
f 3845 1214 3932 
f 3671 3591 3670 
f 1395 3597 3680 
f 3357 3278 3358 
f 3438 3276 3356 
f 1213 3845 3933 
f 3438 3356 3513 
f 1336 3355 3512 
f 3755 3754 1280 
f 3751 1450 3595 
f 4004 1205 1204 
f 4004 1204 1074 
f 3751 3595 1282 
f 1393 1392 3603 
f 3598 3681 3684 
f 3598 1449 3681 
f 5343 3689 1279 
f 1393 3687 1277 
f 3604 1391 1332 
f 4008 1019 1070 
f 3937 4007 5352 
f 1275 1274 3756 
f 3686 3604 1332 
f 1275 3756 1278 
f 3604 1202 3690 
f 3683 1281 3754 
f 3602 3689 3687 
f 3679 3752 3753 
f 5343 3935 3938 
f 3602 3688 3689 
f 3683 3682 1281 
f 1072 4008 1070 
f 1389 1387 5308 
f 1019 3939 1070 
f 3759 1068 3760 
f 1331 3606 3693 
f 1126 1198 1273 
f 1199 1201 3693 
f 4093 4009 4011 
f 1500 1389 3529 
f 1500 1387 1389 
f 5344 3767 3694 
f 3609 1195 1271 
f 3529 1329 3609 
f 1329 3529 1389 
f 5337 3446 1386 
f 3695 3696 1271 
f 3695 3700 5339 
f 3533 3448 3534 
f 3381 3300 1562 
f 3868 3867 1192 
f 3772 3698 5346 
f 1555 1490 3387 
f 3533 3530 3611 
f 1440 3385 3453 
f 3539 3538 1384 
f 5340 3699 1382 
f 1325 3701 3697 
f 3696 3609 1271 
f 3379 1562 1497 
f 1186 3703 1267 
f 3703 3544 3616 
f 3768 1323 1324 
f 1324 1383 3700 
f 3534 3448 3451 
f 1383 3614 3700 
f 1383 1324 5341 
f 3452 1440 3453 
f 3546 3545 1380 
f 3537 3538 3613 
f 3541 1266 3616 
f 3867 1061 1062 
f 3951 1053 3782 
f 3389 1489 3388 
f 3456 3454 3543 
f 3781 1263 3778 
f 1054 1053 4024 
f 3458 3459 3392 
f 1053 958 4024 
f 3778 3779 3781 
f 3782 1053 3783 
f 5444 1321 3548 
f 1057 4021 4023 
f 1055 4023 1014 
f 3707 1182 1374 
f 1183 3785 3875 
f 1179 1180 1181 
f 3787 3876 3789 
f 1548 1547 1485 
f 3708 1318 1182 
f 3550 1548 1434 
f 1111 3790 3878 
f 1177 3710 1178 
f 1373 1484 1482 
f 1319 1320 3623 
f 1111 1112 1178 
f 3626 3404 1431 
f 1431 3402 3553 
f 1548 1485 1434 
f 1259 1318 3709 
f 3629 1316 1315 
f 3466 1481 1430 
f 1429 1430 1371 
f 3796 1253 1256 
f 1371 1430 3464 
f 3797 3794 3798 
f 3629 1314 3631 
f 1256 1253 1371 
f 3797 1252 1315 
f 1368 3467 1427 
f 790 896 726 
f 3560 3637 3562 
f 3630 1368 1428 
f 3715 3804 1248 
f 3805 3636 1248 
f 1248 3804 3805 
f 1170 3804 3895 
f 1245 1310 3807 
f 3635 3558 3632 
f 3635 3632 1366 
f 3468 1369 3633 
f 3637 1365 1247 
f 3562 1364 3560 
f 3892 3962 999 
f 1364 1538 3561 
f 1361 1360 3564 
f 1424 3562 3637 
f 3892 999 3893 
f 3714 1104 1172 
f 1246 1312 1103 
f 3639 3718 3719 
f 3714 1172 3715 
f 1245 3898 1168 
f 3964 3899 3898 
f 1242 3641 3720 
f 1242 3720 3812 
f 1242 1241 3641 
f 3902 1100 3969 
f 1166 3811 3901 
f 1359 3643 1305 
f 1167 3718 3808 
f 1164 3813 3814 
f 3722 1359 1305 
f 3812 3721 1243 
f 3721 1165 1164 
f 3721 1164 3722 
f 3815 1160 3816 
f 1159 3723 1237 
f 1158 1099 5455 
f 3652 1300 1354 
f 1304 3571 1358 
f 3652 1354 3726 
f 3913 3725 1156 
f 1157 3911 3912 
f 3489 1353 3576 
f 3916 1153 1095 
f 1296 1297 5306 
f 1239 3816 1160 
f 4056 3980 4057 
f 3644 1161 3816 
f 1236 1353 3727 
f 3654 3653 3727 
f 1528 3335 3422 
f 1303 1236 1237 
f 3429 3426 1522 
f 1523 1407 1463 
f 1520 3428 1405 
f 3584 1405 3582 
f 1292 3661 3586 
f 3656 3823 1298 
f 1347 1292 3586 
f 3730 1298 3823 
f 3655 1291 3728 
f 985 3984 3985 
f 932 4135 4136 
f 1091 1092 5348 
f 3660 3584 3658 
f 3584 1292 3430 
f 932 931 4288 
f 4063 3916 1095 
f 880 935 4287 
f 1297 1296 3735 
f 3978 3910 3909 
f 3920 3923 3924 
f 1230 3736 1294 
f 3828 1152 5348 
f 3585 3586 3661 
f 3657 3583 1348 
f 3825 3827 5347 
f 3582 3581 3658 
f 5348 3918 3825 
f 5348 3825 5479 
f 818 5449 4215 
f 1152 1151 1091 
f 3833 3914 3835 
f 3739 3834 3740 
f 1227 3739 3740 
f 1226 3585 3661 
f 3982 985 3983 
f 927 3925 4074 
f 1290 3592 3663 
f 1291 3662 3741 
f 3662 3740 1225 
f 3837 3847 3848 
f 3577 1298 1410 
f 3847 3837 1035 
f 3998 1078 1035 
f 3342 3500 3501 
f 3588 1396 1339 
f 1146 3674 3673 
f 3747 3667 5342 
f 3665 3745 5342 
f 1339 3593 3675 
f 4157 4158 4159 
f 1220 1219 3842 
f 3668 1344 5342 
f 3743 3666 3676 
f 3668 1403 1344 
f 3746 1142 3667 
f 3746 3667 3747 
f 1029 4077 4151 
f 1029 976 4077 
f 917 4237 4306 
f 3506 3505 1403 
f 1143 1142 3746 
f 1143 3746 3842 
f 1143 3842 3841 
f 3269 1647 1648 
f 1285 3846 1283 
f 3670 3591 1401 
f 1285 1283 1284 
f 3355 1336 1452 
f 1214 1215 1216 
f 1209 3673 1212 
f 3750 1209 1212 
f 3675 3674 1339 
f 3753 1208 1207 
f 1451 1337 3596 
f 1337 1451 3677 
f 4083 1074 4003 
f 1571 3357 3358 
f 4083 916 1074 
f 3671 3590 3591 
f 3515 1571 1570 
f 3595 1337 3678 
f 3754 1206 1205 
f 1208 3852 3850 
f 3677 1336 3512 
f 1215 3749 1286 
f 3596 1509 3513 
f 3596 3513 1451 
f 1284 3672 1285 
f 1074 1073 4004 
f 3595 3678 1282 
f 4080 4002 1025 
f 1280 1279 3755 
f 1282 3851 5446 
f 1335 3751 5446 
f 3679 1335 3752 
f 1280 3754 1205 
f 1280 1205 1133 
f 5343 1279 3935 
f 3757 3689 5343 
f 3523 3444 3524 
f 3756 3853 3854 
f 1202 3604 3685 
f 3856 1274 3758 
f 3525 3526 3527 
f 3757 3938 3856 
f 3937 3938 4007 
f 1390 3525 3527 
f 1275 1277 3758 
f 3758 1274 1275 
f 3760 3857 3858 
f 3690 3605 3691 
f 1277 3687 3758 
f 3758 3757 3856 
f 1274 3856 3855 
f 1277 1276 1393 
f 3606 1330 3525 
f 3692 3693 1201 
f 4012 4094 4096 
f 4009 4010 4011 
f 1199 3605 3690 
f 3764 1330 1331 
f 1633 1568 3287 
f 5311 1632 3287 
f 1272 1329 3607 
f 3764 1331 3765 
f 3763 3766 3767 
f 3763 1122 3766 
f 1500 5310 5311 
f 5303 4011 1129 
f 1198 1128 3862 
f 3762 1122 3763 
f 1132 1130 1129 
f 1272 3607 3694 
f 3761 1127 3692 
f 1196 3766 3864 
f 1197 3768 3769 
f 3695 3610 3696 
f 5305 5341 1323 
f 3869 1323 3863 
f 1197 1196 3864 
f 5341 1324 1323 
f 3769 3695 1271 
f 1201 3761 3692 
f 1194 1188 3945 
f 1323 3768 3863 
f 1194 3773 1188 
f 1382 3698 5340 
f 1119 1193 1194 
f 962 4098 4179 
f 1270 1325 3699 
f 1189 3773 3774 
f 5307 3615 1383 
f 3613 3538 3536 
f 1059 4099 4100 
f 3380 3381 1562 
f 3386 3305 3387 
f 1265 3779 3778 
f 3779 3777 3776 
f 3540 3379 3532 
f 1385 1384 3538 
f 1263 1438 1322 
f 3874 1185 1115 
f 4021 2294 901 
f 4021 901 4022 
f 1192 3867 3947 
f 3542 3616 3544 
f 3704 3782 3784 
f 3784 3705 3704 
f 3873 1115 1185 
f 1264 3780 3704 
f 3705 3619 3620 
f 3705 3620 3618 
f 1264 1263 3781 
f 4184 4183 959 
f 4024 958 959 
f 4024 1052 1054 
f 1012 1011 1056 
f 3954 3952 1052 
f 3954 1179 3952 
f 1437 3706 1260 
f 3618 1263 1264 
f 3785 5444 1262 
f 3787 3786 3876 
f 3707 1374 3623 
f 3952 3876 3953 
f 1262 3783 3785 
f 3789 1179 1181 
f 3786 1260 3706 
f 1181 1180 3879 
f 3788 1182 3707 
f 5444 3548 3619 
f 3953 3786 1183 
f 3953 1183 3875 
f 3789 3788 3787 
f 1375 1376 3624 
f 3880 3956 1050 
f 3793 1259 3710 
f 3880 3798 3794 
f 1112 3880 3794 
f 1317 1257 3625 
f 3793 1317 1259 
f 1259 1258 1318 
f 1480 3407 3556 
f 1480 3556 1428 
f 1177 1178 3795 
f 1429 3555 3557 
f 3795 3797 1254 
f 3795 3796 1177 
f 1429 1371 1253 
f 3798 3799 1252 
f 3797 1315 1254 
f 1176 3799 3882 
f 1428 3556 1370 
f 1371 3464 3628 
f 3884 1175 3800 
f 3558 3469 1426 
f 3801 1174 3803 
f 1007 888 1004 
f 1174 3802 3803 
f 4333 949 4266 
f 837 4333 4266 
f 1173 3801 3888 
f 1173 3888 3961 
f 3891 3802 1174 
f 1427 1480 1368 
f 4036 4035 1000 
f 1104 3802 3891 
f 1001 1002 4036 
f 3713 3714 3634 
f 4040 996 3895 
f 3558 3468 3632 
f 1307 1308 1310 
f 3716 3638 1424 
f 944 945 4202 
f 3807 1310 1246 
f 3636 1249 1313 
f 1363 3563 3564 
f 3805 3806 1247 
f 3806 3716 1247 
f 3718 3639 1168 
f 1246 1103 3807 
f 3896 996 4042 
f 4122 1043 1042 
f 1241 3477 3565 
f 942 4280 883 
f 1166 3901 3903 
f 4048 4047 991 
f 3966 4124 4048 
f 3811 1166 1244 
f 1244 3900 3811 
f 3646 3648 1304 
f 1240 1161 1359 
f 3902 3901 1100 
f 1243 3721 3722 
f 3821 1301 1238 
f 1240 1359 3722 
f 3816 1161 1162 
f 3905 3815 1162 
f 3902 3969 3813 
f 3726 3651 1301 
f 1358 3567 3645 
f 1161 3645 1359 
f 3903 3721 3812 
f 4131 3976 934 
f 3972 1038 4057 
f 3818 1235 1303 
f 3974 3908 3907 
f 1302 3573 3649 
f 3911 1157 3819 
f 1302 1295 3573 
f 5455 1159 1300 
f 3732 1098 3733 
f 2306 1414 1235 
f 3649 2306 1235 
f 3724 3649 3819 
f 4060 936 934 
f 3573 2298 2306 
f 3916 3917 1232 
f 1034 984 4063 
f 3733 3734 3735 
f 1153 1098 1095 
f 1353 1236 3576 
f 3970 987 4057 
f 1239 3644 3816 
f 1233 3821 1160 
f 1290 1210 3592 
f 3915 3836 1154 
f 3985 3915 1154 
f 1031 3982 4076 
f 3992 927 978 
f 3423 1408 3424 
f 3579 1404 3580 
f 1228 3922 1089 
f 3820 1098 3732 
f 1350 3579 3580 
f 3819 3818 3817 
f 3824 1153 1232 
f 3923 1086 3924 
f 1229 1226 3661 
f 1293 3657 1150 
f 1148 1147 3924 
f 1150 3657 3659 
f 1229 3658 1294 
f 3920 3924 5350 
f 1226 1227 3740 
f 3737 1231 3830 
f 1151 1152 5304 
f 3986 1092 3988 
f 1088 3986 3988 
f 1296 1302 1234 
f 5512 1404 3579 
f 1087 1086 3991 
f 3831 3739 1227 
f 3831 1227 1148 
f 1085 3982 3983 
f 4074 3925 3990 
f 1227 1226 3829 
f 985 1031 3984 
f 3924 1147 1149 
f 3924 1149 5350 
f 3740 3662 3585 
f 3834 3739 3832 
f 1085 3926 3992 
f 3740 3585 1226 
f 1290 3663 1345 
f 3999 1076 1077 
f 3984 1031 986 
f 3984 3915 3985 
f 1024 1077 3847 
f 3742 1154 3836 
f 3838 3837 1211 
f 3675 1210 3673 
f 3664 3743 1289 
f 4162 972 4077 
f 1584 3342 3501 
f 1218 1288 3744 
f 3665 5342 1344 
f 1339 3674 3588 
f 1216 3748 3843 
f 1219 1218 3929 
f 1286 3671 3670 
f 4230 4306 4237 
f 1216 1215 1286 
f 1217 3669 1342 
f 3669 1217 3843 
f 1029 1028 1145 
f 1220 3746 3747 
f 3433 3344 3503 
f 1282 5446 3751 
f 3997 3996 1079 
f 3589 3668 1287 
f 5481 971 4241 
f 3996 3995 1079 
f 1335 3680 3751 
f 1517 3433 3432 
f 1141 1080 3931 
f 4228 922 923 
f 3267 1582 3347 
f 3670 1401 3669 
f 3999 1077 1024 
f 4156 4155 974 
f 1024 1078 974 
f 4155 4081 974 
f 1290 3742 3838 
f 3848 3750 1212 
f 3750 1136 3849 
f 3676 1222 3743 
f 1212 1211 3848 
f 1209 3750 3849 
f 3676 1146 1222 
f 1286 3670 3748 
f 1284 3677 3672 
f 3678 1337 1284 
f 1073 4084 4086 
f 5481 743 744 
f 5352 1071 4005 
f 3687 1393 3602 
f 3687 3689 3757 
f 975 4080 4153 
f 3850 1025 1075 
f 4080 3997 4153 
f 4166 916 971 
f 3686 3601 3600 
f 3936 4005 4006 
f 1069 3936 4006 
f 1072 1069 4006 
f 4006 4005 1071 
f 1069 1068 3759 
f 3759 3853 3936 
f 913 4243 857 
f 1334 3684 3683 
f 3685 3604 3686 
f 3939 1130 1132 
f 1068 1069 1070 
f 3857 1068 1070 
f 1019 1130 3939 
f 4008 4088 4090 
f 1199 1200 1201 
f 3606 1199 3693 
f 3858 3761 1201 
f 3859 1131 1132 
f 4094 908 4176 
f 1015 1016 1017 
f 1015 1017 1064 
f 3861 1015 1064 
f 5494 1016 1015 
f 1016 1018 4096 
f 5344 3764 3765 
f 1330 3606 1331 
f 1122 1123 1124 
f 3869 3863 3944 
f 3863 3864 1124 
f 3863 3768 3864 
f 3766 1122 1124 
f 1196 1195 1272 
f 3864 3768 1197 
f 5341 1268 5307 
f 3700 3695 3769 
f 1270 3699 5340 
f 1117 1118 3941 
f 1270 1190 1325 
f 1059 1058 4099 
f 1268 5305 1269 
f 3698 5307 5346 
f 3866 3868 3771 
f 1117 3941 4014 
f 3389 3388 3456 
f 3870 1189 3774 
f 1121 4017 3946 
f 3779 1265 3777 
f 1184 3780 3781 
f 4019 4018 1062 
f 1268 1269 5346 
f 3452 3450 5338 
f 3777 1265 3544 
f 3867 1062 3947 
f 4022 1014 4023 
f 3545 1265 1322 
f 4181 4182 4101 
f 3776 3874 1184 
f 4021 4022 4023 
f 1270 1192 3871 
f 3775 3871 3872 
f 3875 1053 1054 
f 1320 3621 3707 
f 1320 1319 3549 
f 3618 1264 3705 
f 3788 3789 3791 
f 3548 3459 3620 
f 4027 1050 4028 
f 3627 3626 1257 
f 3878 3879 1113 
f 3878 3790 3879 
f 3955 3954 1009 
f 3955 1009 4104 
f 3789 1181 3791 
f 1050 3798 3880 
f 1112 3956 3880 
f 3792 1177 3796 
f 3626 3553 1257 
f 4025 1113 3877 
f 3798 1252 3797 
f 845 4322 4391 
f 3799 1176 1252 
f 726 845 727 
f 3798 1050 3799 
f 4268 838 951 
f 3629 1315 1252 
f 1004 890 4194 
f 1107 3961 3888 
f 3799 1110 3882 
f 3884 3959 3887 
f 3884 3883 3959 
f 3891 3892 1104 
f 4107 1007 1005 
f 3957 3881 1008 
f 837 4334 5302 
f 3890 3891 1174 
f 3891 3890 1001 
f 3891 3962 3892 
f 1109 1175 3884 
f 3886 3712 3887 
f 1172 1171 3715 
f 4323 4187 896 
f 3802 3713 3803 
f 3891 1001 3962 
f 3713 3634 1251 
f 3893 3894 1171 
f 3634 1313 1249 
f 4041 944 995 
f 3634 1249 3635 
f 1251 3634 3635 
f 3893 1172 3892 
f 4041 995 4042 
f 3962 1001 4036 
f 1309 3474 2307 
f 3897 3807 1103 
f 3963 1044 1103 
f 4043 3964 1045 
f 1168 1307 1245 
f 3896 1044 3963 
f 3896 3895 996 
f 4120 998 886 
f 4046 4047 4048 
f 992 4124 993 
f 940 937 1040 
f 1041 3966 4048 
f 3809 3900 1102 
f 3808 1102 3900 
f 1038 1163 3904 
f 938 4128 4130 
f 3967 3966 1102 
f 989 4049 941 
f 4049 991 4047 
f 991 1041 4048 
f 1166 3720 1244 
f 1164 1240 3722 
f 3812 3720 1166 
f 3813 1164 1165 
f 3902 3813 1165 
f 1240 1164 3814 
f 3646 3647 3648 
f 3901 3811 3810 
f 1038 3904 3970 
f 3906 3905 3972 
f 3906 1233 1160 
f 1304 3645 3644 
f 4059 4058 988 
f 1156 3725 3822 
f 4056 3981 3980 
f 1233 1156 3822 
f 3906 3815 3905 
f 1303 1237 3723 
f 1303 1235 1414 
f 3332 1522 1588 
f 3979 3912 3977 
f 1158 3652 3725 
f 1354 3651 3726 
f 3908 3909 3910 
f 3421 1469 3485 
f 3830 1231 3922 
f 1348 1404 5512 
f 1414 1413 3576 
f 3908 3910 3907 
f 3910 3978 3817 
f 3972 3905 1038 
f 3650 1238 1301 
f 1160 3815 3906 
f 1038 3970 4057 
f 3928 3849 1135 
f 1211 3837 3848 
f 1290 1211 1210 
f 5304 5349 1230 
f 3734 3738 5512 
f 3734 3579 3735 
f 3580 1404 1407 
f 1090 3919 3987 
f 4069 875 929 
f 3917 1094 1093 
f 1092 1091 1228 
f 1090 3920 3921 
f 3919 1090 3921 
f 1086 3832 3831 
f 1086 3923 3991 
f 5347 3827 3921 
f 3738 3734 3824 
f 5512 3659 1348 
f 3737 1150 3659 
f 4349 4351 5449 
f 5304 3737 1151 
f 4143 2303 4145 
f 3987 4144 4071 
f 1033 3987 4071 
f 1033 4071 4075 
f 5479 3828 5348 
f 4356 631 4424 
f 4298 4221 874 
f 3989 1032 1033 
f 3832 1087 3927 
f 1023 973 4082 
f 3928 1135 1084 
f 3840 1030 1082 
f 4162 973 4161 
f 1144 3841 3842 
f 1221 1289 3839 
f 3929 1218 3840 
f 3929 3840 1145 
f 3669 1402 1342 
f 921 920 4230 
f 4153 3997 1079 
f 3679 1395 1335 
f 1458 3345 3506 
f 3852 3752 5446 
f 3589 1458 1403 
f 1453 3349 3436 
f 1340 3509 1399 
f 1341 3590 3671 
f 3677 3512 3594 
f 3677 3594 3672 
f 3670 3669 3748 
f 1139 3932 3997 
f 1137 3750 3848 
f 1137 3848 3847 
f 804 752 750 
f 3849 3928 3839 
f 4157 866 4158 
f 4077 972 4150 
f 4157 4081 4155 
f 863 4370 864 
f 3850 1138 1025 
f 975 4153 4230 
f 975 4230 4237 
f 3846 3749 1215 
f 4169 969 1071 
f 4003 1075 1022 
f 1206 1207 1134 
f 4165 970 4240 
f 1333 3599 1334 
f 4003 1204 1134 
f 1276 1392 1393 
f 1276 1277 1278 
f 3600 1276 1278 
f 4243 856 858 
f 1021 4084 4085 
f 1391 3523 3524 
f 1332 3520 3601 
f 4003 1134 1075 
f 915 4242 860 
f 1131 3859 3761 
f 1200 3690 1203 
f 3760 1200 1203 
f 3857 3760 1068 
f 1131 3761 3858 
f 1131 3858 3857 
f 3857 1070 3939 
f 3860 3861 3862 
f 1201 1200 3858 
f 1129 1130 5303 
f 4012 906 4094 
f 1127 3859 3940 
f 1064 3941 3943 
f 1015 3860 5494 
f 1127 1126 3692 
f 1128 1127 3940 
f 3940 3859 1065 
f 963 4094 4176 
f 963 964 4177 
f 3943 3942 1123 
f 1018 1067 1066 
f 1018 4012 4096 
f 1123 3942 3944 
f 3771 1119 3866 
f 3613 3536 3615 
f 1382 3613 3615 
f 3870 3869 3944 
f 3771 3772 3770 
f 1123 1122 1125 
f 3944 3863 1124 
f 3766 1124 3864 
f 4179 4098 902 
f 5305 1323 3869 
f 962 2312 4017 
f 962 4179 4178 
f 3946 3866 1119 
f 4098 4016 902 
f 3946 1061 3866 
f 3770 1269 3865 
f 3873 1185 1187 
f 1116 3873 1187 
f 1187 3872 1116 
f 3868 1191 3772 
f 4014 3941 1064 
f 3698 1382 5307 
f 4095 4013 1017 
f 4097 4095 963 
f 1118 1117 3949 
f 3776 1184 3779 
f 3874 3776 1185 
f 897 847 4259 
f 4103 1011 1012 
f 4183 4185 959 
f 1261 3787 3788 
f 846 847 897 
f 4019 2314 2294 
f 3790 3791 1181 
f 1181 3879 3790 
f 1179 3789 3876 
f 1057 4018 4021 
f 4027 1051 4106 
f 3877 1180 3955 
f 3877 1113 3879 
f 3877 3879 1180 
f 3710 3792 3793 
f 1180 1179 3954 
f 1051 4105 4106 
f 3794 3795 1178 
f 1112 1111 3878 
f 1112 3878 3956 
f 1252 1176 3629 
f 1113 4028 3956 
f 1110 3958 3882 
f 4324 4268 843 
f 3881 3957 3958 
f 842 4324 843 
f 4107 3957 4108 
f 1007 4107 4108 
f 4268 951 889 
f 4108 3957 1008 
f 4268 889 843 
f 3886 1251 1366 
f 1250 3801 3803 
f 1250 1251 3886 
f 3958 1110 3881 
f 3889 1106 1108 
f 840 2340 4334 
f 3802 1104 3713 
f 3888 3801 3889 
f 1047 1046 4033 
f 4333 4332 832 
f 3960 1001 3890 
f 3960 3890 3961 
f 1109 3711 1175 
f 840 4334 4267 
f 3885 3886 3887 
f 1046 4111 4116 
f 4274 4198 4337 
f 3885 3887 3959 
f 3894 4040 3895 
f 4039 4038 3894 
f 1002 4032 4034 
f 4472 4473 4474 
f 1251 1250 3803 
f 3894 3893 4039 
f 1309 2297 1311 
f 1103 1312 3963 
f 1044 3896 4042 
f 3804 3715 1171 
f 3717 1311 3638 
f 3717 3638 1246 
f 1043 3965 3967 
f 4043 1042 3964 
f 3717 1246 1310 
f 4038 4120 4040 
f 642 4551 536 
f 1101 1100 3901 
f 1102 1041 3809 
f 4120 4038 998 
f 1312 3716 3806 
f 3809 990 3810 
f 830 829 4205 
f 4480 644 4481 
f 4282 706 776 
f 3809 3810 3811 
f 3972 4057 3980 
f 4207 937 940 
f 4053 4051 4052 
f 989 941 4127 
f 3968 989 4052 
f 3901 3902 3903 
f 4208 4207 940 
f 3980 1155 3971 
f 987 4054 4130 
f 4059 4060 1037 
f 934 936 4131 
f 4210 4129 4209 
f 4132 931 1034 
f 1303 1414 1236 
f 988 987 4130 
f 931 932 984 
f 931 984 1034 
f 3971 3906 3972 
f 4212 4211 820 
f 5306 1302 1296 
f 3819 1235 3818 
f 3911 3817 3978 
f 4135 817 4064 
f 3979 3977 4133 
f 3904 1039 3970 
f 1162 1161 1240 
f 1162 1240 3814 
f 880 931 4132 
f 1096 1097 1224 
f 1085 3833 3927 
f 1225 3834 3833 
f 1225 3833 3835 
f 3991 3925 1087 
f 3831 3832 3739 
f 1097 1096 3985 
f 4155 4154 867 
f 3984 986 3998 
f 986 4061 3998 
f 5353 4211 4214 
f 4133 1034 3979 
f 936 4060 4210 
f 983 4065 1094 
f 3733 1098 1153 
f 4065 1088 1089 
f 3922 1231 1232 
f 5347 1149 5479 
f 5350 3921 3920 
f 4137 982 4139 
f 765 4355 4352 
f 1229 1294 3829 
f 1092 3986 3918 
f 1096 1224 3914 
f 3990 3989 4075 
f 766 4356 4297 
f 5351 3826 4138 
f 1090 1032 3920 
f 4360 4359 761 
f 4149 977 4076 
f 4137 4139 4217 
f 4293 4137 4217 
f 1230 1150 5304 
f 1148 3829 3736 
f 4711 4616 507 
f 3737 3659 3738 
f 4066 3826 3827 
f 3915 3984 3998 
f 4156 4061 4134 
f 5479 3825 5347 
f 4143 2304 2303 
f 3828 1149 1147 
f 3927 3926 1085 
f 3989 1033 4075 
f 3835 3741 1225 
f 3992 978 4076 
f 1024 974 4081 
f 919 4160 4232 
f 4157 4155 867 
f 1135 1136 4001 
f 3664 1289 3744 
f 1141 1216 3843 
f 1145 1082 1029 
f 4152 922 3993 
f 1140 3844 1143 
f 1080 1141 1140 
f 1028 1029 4151 
f 4230 4153 921 
f 4302 925 4303 
f 916 918 4241 
f 921 1079 3995 
f 1219 3929 3930 
f 3841 1026 1080 
f 3841 1080 1140 
f 1143 3841 1140 
f 3850 1075 3934 
f 3932 3996 3997 
f 3932 1214 3996 
f 1139 1138 3933 
f 3851 1213 3933 
f 1138 3851 3933 
f 4302 924 925 
f 4223 4148 872 
f 751 4307 805 
f 3836 3837 3838 
f 3999 1024 4081 
f 4159 3999 4081 
f 1084 1083 1030 
f 4159 4158 4160 
f 3674 3676 3588 
f 1083 1084 4000 
f 1137 1136 3750 
f 975 4002 4080 
f 3678 1284 1283 
f 3688 3602 1333 
f 1334 3599 3684 
f 4239 4378 4441 
f 4086 4084 1021 
f 4007 1020 1021 
f 4083 1022 4164 
f 1208 3752 3852 
f 3600 3685 3686 
f 1072 969 4008 
f 3685 3600 1278 
f 3853 3855 3936 
f 1203 1202 3854 
f 3853 3756 1274 
f 4084 1073 4166 
f 1022 4002 4163 
f 1275 1278 1277 
f 4170 914 913 
f 3759 3854 3853 
f 1070 1069 1072 
f 3936 3855 4005 
f 3853 1274 3855 
f 4172 965 4246 
f 1067 3860 3940 
f 5303 1130 967 
f 858 857 4243 
f 3941 1118 3942 
f 3940 1065 1067 
f 4009 906 4012 
f 3860 3862 1128 
f 1065 3859 1132 
f 1268 5341 5305 
f 4097 963 4177 
f 1058 1059 1060 
f 3774 1269 5305 
f 3865 1269 3774 
f 1193 3865 3773 
f 3861 1064 3943 
f 4096 4095 1016 
f 902 4016 4020 
f 3945 4015 4016 
f 4099 1058 4097 
f 4454 796 795 
f 4017 1121 1120 
f 4098 1120 4016 
f 3945 1188 4015 
f 4254 4178 4253 
f 3702 1186 1187 
f 901 4101 4102 
f 3947 3872 3871 
f 4180 900 961 
f 3948 1058 1060 
f 4013 3948 4014 
f 902 4315 4179 
f 850 4387 4255 
f 1184 3874 1013 
f 4256 2295 849 
f 3777 3703 3702 
f 4019 1061 1063 
f 4019 1063 2314 
f 4181 792 4182 
f 3867 3866 1061 
f 4022 901 4102 
f 3875 1054 3953 
f 846 960 4258 
f 846 4258 898 
f 1013 3780 1184 
f 4188 4026 4104 
f 1004 1005 1007 
f 1010 1052 4024 
f 3952 1179 3876 
f 3790 1111 3708 
f 1320 3549 3622 
f 3790 3708 3791 
f 1052 1009 3954 
f 1180 3954 3955 
f 847 846 898 
f 4027 1110 1050 
f 2311 2296 2310 
f 3792 1256 1255 
f 3800 3883 3884 
f 3800 1176 3882 
f 4321 2311 4391 
f 4188 4187 4105 
f 1004 888 890 
f 1110 4027 3881 
f 3803 3713 1251 
f 4117 887 4034 
f 1250 3886 3885 
f 1109 3887 3712 
f 4117 4034 4032 
f 1003 4032 4033 
f 4193 1006 4113 
f 4529 4528 4458 
f 4114 4109 1005 
f 4117 4032 948 
f 4117 948 4195 
f 4191 4193 957 
f 998 4037 4119 
f 1047 3960 3961 
f 1006 4191 4112 
f 4190 956 4264 
f 954 953 4115 
f 4270 4196 949 
f 4037 999 1000 
f 3714 1313 3634 
f 3714 3713 1104 
f 4274 4197 4198 
f 4039 3893 999 
f 944 4121 4123 
f 714 4404 4275 
f 4541 517 5451 
f 4121 994 4123 
f 1044 3897 1103 
f 4044 993 4045 
f 4044 4045 994 
f 4121 4203 994 
f 3715 1313 3714 
f 3967 3808 1169 
f 4045 3965 1043 
f 995 944 4123 
f 4205 4204 830 
f 4044 994 4203 
f 4204 4044 4203 
f 941 4126 4127 
f 4120 886 943 
f 3809 1041 990 
f 779 778 4406 
f 4480 774 708 
f 4055 4054 987 
f 4285 824 4209 
f 4128 4129 4130 
f 4046 4048 4124 
f 4125 4047 883 
f 1163 1038 3905 
f 825 881 4342 
f 1163 3905 3814 
f 3813 1163 3814 
f 4209 823 4210 
f 3969 4051 1039 
f 3969 1100 4051 
f 1155 3980 3981 
f 4210 4060 4129 
f 1100 1101 3968 
f 4051 1100 3968 
f 4051 3968 4052 
f 4285 4209 4128 
f 4056 987 988 
f 3822 3821 1233 
f 988 4130 4129 
f 1239 1238 3646 
f 1239 3646 3644 
f 4058 1037 3973 
f 3907 3723 1159 
f 935 880 4131 
f 4127 4126 940 
f 4132 1034 4133 
f 933 4133 1036 
f 769 4212 820 
f 3973 1158 3913 
f 3973 3974 1099 
f 3819 3817 3911 
f 3977 3911 3978 
f 3732 3733 3735 
f 3977 3912 3911 
f 4135 4064 4136 
f 4156 4134 926 
f 4134 4224 926 
f 4149 4076 978 
f 4061 1078 3998 
f 1136 1137 1077 
f 1231 3737 3738 
f 1228 1091 3830 
f 3977 1036 4133 
f 4064 817 983 
f 4062 3916 4063 
f 4211 4213 4214 
f 3918 4067 4066 
f 930 816 4217 
f 3828 1147 5349 
f 4140 4069 4141 
f 4140 4141 4219 
f 4140 4219 4295 
f 875 4295 4294 
f 4674 4557 502 
f 1088 4072 4073 
f 694 4425 4426 
f 1224 1223 3835 
f 4425 626 692 
f 4071 4145 4075 
f 4138 3826 4066 
f 4711 507 4748 
f 3927 3833 3834 
f 4224 4134 977 
f 3923 1032 3989 
f 4074 3990 4075 
f 3927 3834 3832 
f 3926 927 3992 
f 1087 3926 3927 
f 3925 927 3926 
f 3925 3926 1087 
f 1096 3983 985 
f 1225 3740 3834 
f 1410 1409 3577 
f 1023 1076 4159 
f 1145 3840 1082 
f 1144 3842 1219 
f 3993 4078 4152 
f 4151 4150 924 
f 917 862 861 
f 1144 1081 1026 
f 4229 4369 917 
f 1144 3930 3994 
f 1217 1142 3844 
f 4079 922 4228 
f 1074 1204 4003 
f 1144 1219 3930 
f 3934 1207 1208 
f 1025 1138 1139 
f 3851 1282 1213 
f 1024 3847 1078 
f 3836 1035 3837 
f 685 5482 754 
f 3928 1221 3839 
f 1078 4061 974 
f 4161 4308 4235 
f 4082 1083 4000 
f 1135 4001 1084 
f 863 4235 4308 
f 3676 3674 1146 
f 743 4442 744 
f 3937 3855 3856 
f 4375 862 755 
f 4236 862 743 
f 1213 3846 3845 
f 1134 1204 1206 
f 3688 1334 3755 
f 4167 4087 4085 
f 4238 4167 4085 
f 3935 1133 1020 
f 742 971 5481 
f 915 914 4242 
f 4167 4168 4169 
f 4168 969 4169 
f 1019 4008 4090 
f 4090 4089 967 
f 911 910 4091 
f 1019 967 1130 
f 1332 3601 3686 
f 4170 4089 4090 
f 853 4310 4311 
f 677 735 4519 
f 676 677 678 
f 4175 903 905 
f 853 4311 854 
f 5447 737 854 
f 4010 4012 1018 
f 909 854 4246 
f 968 967 4171 
f 906 907 908 
f 4094 906 908 
f 966 965 4174 
f 1065 1066 1067 
f 968 4091 4093 
f 1066 1065 1129 
f 3774 3869 3870 
f 3942 1118 3870 
f 3942 3870 3944 
f 5494 3860 1067 
f 1125 3861 3943 
f 1188 3773 1189 
f 1120 962 4017 
f 3948 1060 3949 
f 1117 3948 3949 
f 4017 2312 1063 
f 4257 961 900 
f 1062 1061 4019 
f 728 4457 665 
f 794 4455 4454 
f 3950 1055 1013 
f 4103 1012 960 
f 894 895 4323 
f 1014 4022 4102 
f 896 790 4323 
f 2313 2295 4256 
f 901 2313 4256 
f 4023 3950 1057 
f 3950 1115 1057 
f 4322 4185 4183 
f 1010 1009 1052 
f 2309 1007 4108 
f 847 4321 4259 
f 2309 888 1007 
f 1049 3883 4107 
f 4183 4321 4322 
f 1005 1049 4107 
f 1176 1175 1314 
f 4028 4025 1051 
f 845 844 4322 
f 1176 1314 3629 
f 894 843 4261 
f 726 727 790 
f 1006 4029 4031 
f 3883 3800 3958 
f 888 2309 4261 
f 4113 1006 1048 
f 786 787 785 
f 3800 3882 3958 
f 889 4261 843 
f 3884 3887 1109 
f 3801 1250 3889 
f 1005 1004 4114 
f 4260 4105 4187 
f 4106 3881 4027 
f 789 2336 2339 
f 4115 950 4116 
f 4111 4115 4116 
f 789 2339 2285 
f 4394 841 4327 
f 950 949 4196 
f 1048 1006 4031 
f 1046 1003 4033 
f 1008 2308 4108 
f 1108 1106 4109 
f 724 4459 660 
f 1046 1047 1105 
f 4029 1046 1105 
f 4109 4030 1108 
f 894 4261 895 
f 4199 946 4118 
f 1002 1001 3960 
f 4325 4267 953 
f 840 4325 4327 
f 840 841 2340 
f 4030 1107 1108 
f 832 4332 783 
f 4041 4042 996 
f 945 4041 997 
f 4120 945 997 
f 4113 1004 4194 
f 832 833 4271 
f 4032 1003 948 
f 1250 3885 3889 
f 494 4632 4682 
f 541 4533 597 
f 494 495 4725 
f 4037 1000 4119 
f 887 4117 4273 
f 3558 3635 1249 
f 4037 4038 4039 
f 3559 1426 3469 
f 4541 650 4540 
f 3963 3806 1170 
f 4337 781 715 
f 585 650 4541 
f 3963 1312 3806 
f 3895 3804 1171 
f 3895 1171 3894 
f 996 997 4041 
f 4205 829 992 
f 4205 992 993 
f 998 4119 4200 
f 4050 4049 989 
f 3964 3898 3897 
f 538 4543 4655 
f 642 575 4612 
f 885 884 5513 
f 3899 1042 1043 
f 4125 883 4206 
f 778 4340 831 
f 883 4047 4046 
f 4050 3968 1101 
f 4050 1101 990 
f 1039 3904 3969 
f 4052 989 4127 
f 4053 4054 4055 
f 1102 3808 3967 
f 3810 1101 3901 
f 940 4126 4208 
f 4207 4208 825 
f 1101 3810 990 
f 881 771 4342 
f 826 769 4343 
f 822 4343 820 
f 939 881 4208 
f 4129 4060 4059 
f 4057 987 4056 
f 4346 4347 769 
f 987 3970 4055 
f 3971 1155 1156 
f 3971 1156 1233 
f 769 820 4343 
f 4290 4213 4212 
f 1237 1236 3727 
f 4129 4128 4209 
f 4210 821 936 
f 1039 4053 4055 
f 934 3975 1037 
f 4347 4212 769 
f 3976 933 1036 
f 4064 983 1094 
f 3980 3971 3972 
f 3978 3909 1036 
f 4132 4133 933 
f 3723 3907 3910 
f 1296 3732 3735 
f 3823 3656 3729 
f 1076 1136 1077 
f 1154 3730 1097 
f 4081 4157 4159 
f 984 4062 4063 
f 1093 4065 1089 
f 984 932 4136 
f 1089 1088 3988 
f 3735 3579 1297 
f 1231 3738 3824 
f 1093 1089 3922 
f 4063 1095 3979 
f 5348 1092 3918 
f 4073 4217 4067 
f 5349 5304 1152 
f 1149 3828 5479 
f 4494 4420 697 
f 4139 4066 4067 
f 4422 4495 633 
f 3990 3925 3991 
f 875 876 929 
f 929 876 4222 
f 3989 3990 3991 
f 3736 1230 5349 
f 4497 4674 627 
f 4497 627 695 
f 4420 631 4356 
f 703 760 812 
f 2302 2303 2305 
f 760 4364 759 
f 4509 4508 686 
f 2300 2299 2305 
f 5483 633 4556 
f 4414 813 4428 
f 872 4148 4361 
f 1223 1224 3823 
f 2303 2302 981 
f 928 927 4074 
f 4075 4145 4146 
f 3835 3914 1224 
f 1035 3836 3915 
f 1298 3577 3656 
f 3998 1035 3915 
f 980 979 4300 
f 757 4571 619 
f 3929 1028 3930 
f 4078 3930 1028 
f 3839 1146 1209 
f 1023 4159 4160 
f 4082 973 4162 
f 863 808 871 
f 863 871 4235 
f 4151 4152 4078 
f 4306 920 4229 
f 755 4374 4375 
f 1026 1081 1027 
f 3841 1144 1026 
f 682 4515 4569 
f 1027 920 921 
f 5482 752 751 
f 926 879 4154 
f 3847 1035 1078 
f 4076 977 1031 
f 5482 751 753 
f 4223 926 4224 
f 4159 1076 3999 
f 976 1082 1083 
f 1023 4000 4001 
f 1029 1082 976 
f 4232 866 4307 
f 4307 866 805 
f 3839 1209 3849 
f 4235 972 4161 
f 4227 4225 870 
f 4162 4077 976 
f 1145 1028 3929 
f 918 916 4083 
f 1281 3682 3753 
f 1206 1281 1207 
f 3933 3932 1139 
f 918 4083 4164 
f 918 4164 4236 
f 4164 4163 861 
f 742 970 971 
f 3938 3757 5343 
f 1204 1205 1206 
f 4007 1021 4087 
f 1134 3934 1075 
f 4374 868 4507 
f 3935 1279 1280 
f 858 911 4171 
f 857 4089 4170 
f 1071 5352 4169 
f 1071 969 1072 
f 4085 4165 4238 
f 1071 1072 4006 
f 4170 4090 4088 
f 4239 970 742 
f 967 1019 4090 
f 967 4089 4171 
f 5303 967 968 
f 4239 742 4378 
f 4173 4172 4247 
f 4011 4010 1066 
f 1066 4010 1018 
f 4089 857 858 
f 4092 4009 4093 
f 966 4092 4093 
f 910 911 912 
f 4089 858 4171 
f 4452 601 4453 
f 913 914 915 
f 1018 1016 5494 
f 4091 910 966 
f 735 736 607 
f 735 607 4519 
f 4446 4445 736 
f 4091 966 4093 
f 4011 5303 4093 
f 4249 4175 908 
f 4251 964 905 
f 1060 1188 3949 
f 1189 3870 1118 
f 1125 1122 3762 
f 4013 1058 3948 
f 4020 1059 4100 
f 4097 4013 4095 
f 964 963 4176 
f 4020 4015 1059 
f 4016 1120 3945 
f 4180 4315 902 
f 4099 4097 4177 
f 1017 4013 4014 
f 4318 4252 4315 
f 961 4315 4180 
f 1120 1121 3945 
f 1017 1016 4095 
f 4386 4389 4387 
f 4184 3951 1011 
f 1013 1055 1114 
f 849 4181 4256 
f 1115 3950 3874 
f 4258 4101 4182 
f 2295 2312 4254 
f 895 2308 4260 
f 3784 3619 3705 
f 4320 2311 847 
f 4189 4104 4186 
f 4321 847 2311 
f 4105 4260 4106 
f 4185 4322 844 
f 3881 4106 1008 
f 845 726 844 
f 1105 1047 3961 
f 4529 665 4528 
f 1105 1107 4031 
f 4111 1046 4029 
f 3959 3883 1049 
f 957 4193 4265 
f 4030 4109 4114 
f 4031 4030 1048 
f 4195 948 4196 
f 4109 1049 1005 
f 4530 4463 723 
f 1049 1106 3959 
f 4107 3883 3957 
f 3959 1106 3885 
f 956 4263 4264 
f 4193 4191 1006 
f 4194 890 951 
f 4105 1051 4188 
f 4034 4035 4036 
f 782 4401 4402 
f 4197 4274 947 
f 4274 4337 714 
f 4118 946 4119 
f 3963 1170 3896 
f 997 996 4040 
f 997 4040 4120 
f 4332 4333 837 
f 542 4644 539 
f 584 5451 4604 
f 4473 582 4474 
f 4338 5450 4276 
f 4545 647 712 
f 4119 946 4200 
f 4338 946 4275 
f 4042 995 1045 
f 3965 4124 3966 
f 1044 1045 3897 
f 779 710 778 
f 831 4341 4407 
f 943 4277 4202 
f 4602 4471 4537 
f 3964 3897 1045 
f 992 829 942 
f 4408 4479 777 
f 4699 447 4663 
f 4407 778 831 
f 989 3968 4050 
f 4053 1040 937 
f 4053 937 4054 
f 991 4049 4050 
f 4551 641 775 
f 825 824 4285 
f 825 4342 826 
f 4206 883 827 
f 1102 3966 1041 
f 990 991 4050 
f 771 4413 4342 
f 701 702 4415 
f 4413 4346 4342 
f 4664 476 2292 
f 1237 3727 1300 
f 772 773 771 
f 4131 880 933 
f 3976 1036 3909 
f 1039 4051 4053 
f 3971 1233 3906 
f 4064 1094 4136 
f 1036 3977 3978 
f 3975 3908 3974 
f 1159 5455 1099 
f 1076 1023 4001 
f 4134 4061 986 
f 819 4413 701 
f 4666 4618 534 
f 4291 700 4417 
f 4291 4417 4292 
f 3732 1296 1234 
f 878 817 4214 
f 3917 3916 4062 
f 4068 4069 4070 
f 4068 4070 5351 
f 4067 3918 3986 
f 3826 3919 3827 
f 4069 929 4070 
f 4068 4138 982 
f 4141 4068 982 
f 696 634 632 
f 1033 1032 1090 
f 873 4299 2302 
f 928 4074 4146 
f 979 4299 4300 
f 4220 874 4222 
f 692 4560 4499 
f 4352 877 4353 
f 4144 3987 4070 
f 760 4363 4364 
f 4298 2300 4221 
f 4147 4148 4149 
f 980 928 4146 
f 4147 4149 978 
f 617 2318 2293 
f 756 4430 4566 
f 4585 544 603 
f 617 2317 2318 
f 4151 4078 1028 
f 973 1023 4160 
f 922 4152 4302 
f 4079 920 1027 
f 3993 3994 4078 
f 4228 4229 920 
f 3843 3844 1141 
f 4302 923 922 
f 924 4150 4227 
f 1025 1139 4080 
f 1027 921 3995 
f 3914 1085 3983 
f 4149 4223 4224 
f 4511 4575 684 
f 806 4344 4345 
f 866 867 805 
f 4232 4158 866 
f 1135 3849 1136 
f 4158 4232 4160 
f 870 4225 4226 
f 809 4365 4301 
f 4234 4150 972 
f 920 4079 4228 
f 683 747 4441 
f 4229 4228 4304 
f 1208 3850 3934 
f 925 4367 4303 
f 4163 4002 975 
f 3753 3682 3679 
f 4241 743 5481 
f 4515 4442 4374 
f 971 970 4166 
f 4007 3938 1020 
f 1073 1074 916 
f 869 687 4507 
f 4239 745 4240 
f 4005 3855 3937 
f 5352 4005 3937 
f 855 802 4309 
f 4240 745 860 
f 855 4309 856 
f 861 4236 4164 
f 3935 1280 1133 
f 1279 3688 3755 
f 970 4165 4166 
f 3938 3935 1020 
f 4086 1020 1133 
f 4167 4238 4242 
f 5352 4007 4087 
f 4170 913 857 
f 4447 679 4448 
f 968 4093 5303 
f 912 911 856 
f 965 4245 4246 
f 4452 4453 732 
f 908 4175 4176 
f 913 859 4377 
f 799 678 4451 
f 799 676 678 
f 4377 4243 913 
f 965 4172 4174 
f 963 4095 4096 
f 907 4092 4174 
f 4173 907 4174 
f 4590 4527 4524 
f 4092 906 4009 
f 4176 905 964 
f 3948 1117 4014 
f 4252 4179 4315 
f 904 903 4314 
f 4251 899 4177 
f 4097 1058 4013 
f 3945 1121 1194 
f 793 792 4387 
f 4020 4016 4015 
f 672 671 4451 
f 846 4103 960 
f 1057 1115 3873 
f 4018 1057 3873 
f 4316 796 850 
f 898 4320 847 
f 1062 1116 3947 
f 1061 3946 1063 
f 4102 960 1014 
f 4253 4316 850 
f 898 4319 4320 
f 4254 962 4178 
f 4101 901 4256 
f 4102 4258 960 
f 2312 2314 1063 
f 1012 1014 960 
f 666 728 4389 
f 4100 899 900 
f 4527 670 668 
f 4314 903 4383 
f 2329 4590 4588 
f 4252 795 4316 
f 899 4099 4177 
f 895 4260 4323 
f 4389 4386 666 
f 728 666 4457 
f 2294 4018 4019 
f 3704 3705 1264 
f 662 664 4529 
f 2310 662 661 
f 898 4258 848 
f 4260 4187 4323 
f 2311 2310 4391 
f 4188 1051 4025 
f 4026 3877 3955 
f 3883 3958 3957 
f 4026 3955 4104 
f 4187 4189 896 
f 4113 1048 4114 
f 1106 3889 3885 
f 4025 3877 4026 
f 842 843 894 
f 838 785 787 
f 5354 5355 4327 
f 4111 4029 4112 
f 662 2296 664 
f 4109 1106 1049 
f 4110 4112 4191 
f 952 4190 4262 
f 4328 893 4329 
f 4192 953 4267 
f 957 956 4191 
f 953 4192 4115 
f 1002 3960 4033 
f 4195 4271 4269 
f 4401 4533 718 
f 4464 4401 4399 
f 4263 956 955 
f 4265 951 4331 
f 839 4329 4398 
f 889 890 888 
f 889 888 4261 
f 4028 1113 4025 
f 782 4402 783 
f 4116 950 1003 
f 949 950 4192 
f 4272 4269 4336 
f 949 4192 4266 
f 4401 718 4402 
f 945 4120 943 
f 4272 4273 4269 
f 4336 4269 833 
f 5451 584 4542 
f 717 784 716 
f 4037 998 4038 
f 4035 887 947 
f 1000 999 3962 
f 945 944 4041 
f 649 585 4541 
f 4407 4278 711 
f 4278 4204 4203 
f 3899 3964 1042 
f 1045 1044 4042 
f 4406 778 4407 
f 4283 4282 942 
f 4043 1045 995 
f 4123 4043 995 
f 4341 4278 4407 
f 883 4046 942 
f 774 706 4282 
f 4281 774 4283 
f 510 508 574 
f 830 4204 4341 
f 1043 4122 4045 
f 4284 4126 941 
f 4611 4551 643 
f 4551 4611 536 
f 881 939 770 
f 882 4284 828 
f 882 939 4284 
f 881 770 771 
f 4409 4552 4482 
f 4208 4126 939 
f 938 937 4207 
f 5353 4214 4135 
f 4127 940 1040 
f 3909 3908 3975 
f 3976 3975 934 
f 935 936 821 
f 4058 3981 4056 
f 935 4131 936 
f 873 2299 4364 
f 3914 3833 1085 
f 1096 3914 3983 
f 986 1031 977 
f 878 4292 818 
f 4613 508 535 
f 4211 4212 4213 
f 4073 4067 3986 
f 823 824 4343 
f 1098 3820 3912 
f 4418 699 636 
f 4491 5448 4417 
f 4350 763 815 
f 1094 3917 4062 
f 532 4554 4555 
f 4217 4073 930 
f 824 825 826 
f 5350 1149 5347 
f 4142 2304 4143 
f 4219 4218 4352 
f 1033 1090 3987 
f 4069 4068 4141 
f 979 980 981 
f 4222 4142 929 
f 815 763 4353 
f 765 4352 4353 
f 4357 4500 4501 
f 760 703 704 
f 4414 811 813 
f 4496 566 4556 
f 633 4496 4556 
f 4358 4298 874 
f 4147 978 928 
f 3921 3827 3919 
f 811 4362 813 
f 3992 3982 1085 
f 4067 4217 4139 
f 812 761 4429 
f 4425 692 4426 
f 4145 2303 981 
f 923 4303 4305 
f 1081 3994 3993 
f 4366 4226 4301 
f 922 4079 3993 
f 923 4302 4303 
f 4308 4161 919 
f 1081 3993 4079 
f 4225 4234 871 
f 1081 1144 3994 
f 3996 1214 3931 
f 4378 744 4440 
f 4304 4305 4369 
f 869 4305 4303 
f 3995 1080 1026 
f 926 4223 4289 
f 4370 4308 4233 
f 865 4233 4307 
f 814 4427 4360 
f 977 4134 986 
f 4435 749 616 
f 4233 4232 4307 
f 4162 976 4082 
f 919 973 4160 
f 4001 1136 1076 
f 865 752 4371 
f 4082 4000 1023 
f 871 808 4301 
f 682 4440 4515 
f 1027 1081 4079 
f 4242 4168 4167 
f 4088 969 4168 
f 860 4242 4238 
f 746 4439 747 
f 683 4378 4512 
f 911 858 856 
f 911 4091 4171 
f 4238 4240 860 
f 4520 733 4522 
f 672 4452 732 
f 671 732 4385 
f 4172 4173 4174 
f 4245 965 910 
f 679 4578 608 
f 4377 4376 4439 
f 679 608 4448 
f 607 605 606 
f 907 4173 4249 
f 4247 4172 4244 
f 607 606 4581 
f 4449 551 4450 
f 802 4379 738 
f 4449 4450 4451 
f 852 4244 4311 
f 799 800 676 
f 907 906 4092 
f 739 4517 679 
f 4313 4244 852 
f 4384 4312 800 
f 794 795 4318 
f 794 4318 4388 
f 797 4385 798 
f 4250 900 899 
f 4453 729 798 
f 4317 851 729 
f 4182 848 4258 
f 4525 601 4452 
f 4527 655 670 
f 2328 2287 2333 
f 4316 4253 4178 
f 792 4181 4255 
f 2329 656 655 
f 4317 729 4388 
f 849 4254 4253 
f 1012 1055 1014 
f 4386 850 796 
f 3780 1114 3704 
f 1012 1056 1055 
f 4387 4389 793 
f 4319 2296 4320 
f 4255 4181 849 
f 4259 4184 897 
f 4390 791 727 
f 3782 3704 1114 
f 4184 1011 897 
f 4188 4025 4026 
f 4187 4188 4189 
f 4397 2331 839 
f 2309 2308 895 
f 951 4265 4194 
f 786 4397 4398 
f 786 4398 787 
f 4188 4104 4189 
f 896 844 726 
f 952 953 954 
f 953 5354 4325 
f 952 4262 5354 
f 891 4395 4462 
f 5357 4469 720 
f 2340 2341 835 
f 4599 4596 719 
f 954 4111 4112 
f 5355 5354 4262 
f 893 892 4264 
f 4599 2334 590 
f 599 588 590 
f 839 4328 4329 
f 599 590 4592 
f 5354 953 952 
f 4190 952 4110 
f 4190 4110 4191 
f 956 4190 4191 
f 836 834 4400 
f 3888 1108 1107 
f 3961 1107 1105 
f 716 4471 717 
f 836 782 4332 
f 5355 892 4326 
f 5356 4394 4326 
f 4327 841 840 
f 891 4462 4326 
f 652 4464 4399 
f 4273 4197 887 
f 4272 4197 4273 
f 4273 4117 4195 
f 714 4199 4274 
f 4269 4273 4195 
f 4269 4271 833 
f 4032 1002 4033 
f 784 717 833 
f 4401 782 4399 
f 1003 1046 4116 
f 948 1003 950 
f 4196 948 950 
f 4270 949 4333 
f 1000 4118 4119 
f 999 4037 4039 
f 4034 4036 1002 
f 5450 713 4472 
f 712 4472 4474 
f 650 4403 715 
f 649 4404 585 
f 649 4542 713 
f 649 713 4405 
f 4277 780 4339 
f 886 4200 4276 
f 4277 943 4201 
f 994 4122 4123 
f 4479 708 777 
f 4122 1042 4043 
f 5513 711 4278 
f 4732 4691 4689 
f 4605 581 4475 
f 4732 4733 484 
f 5480 4544 648 
f 581 4547 4476 
f 4341 4204 4278 
f 993 3965 4045 
f 708 4478 4480 
f 706 707 776 
f 775 4409 776 
f 4129 4059 988 
f 4411 882 828 
f 4411 772 882 
f 828 4206 827 
f 820 4286 4287 
f 826 4343 824 
f 828 827 4482 
f 828 4482 4411 
f 573 4488 4487 
f 939 4126 4284 
f 4054 937 938 
f 4213 878 4214 
f 4290 4212 4347 
f 4054 938 4130 
f 822 821 823 
f 4063 3979 1034 
f 935 821 822 
f 4290 4347 4348 
f 4154 879 4231 
f 4362 4363 813 
f 814 2300 4298 
f 867 4154 4231 
f 974 4061 4156 
f 867 4231 805 
f 4286 5353 4288 
f 934 1037 4060 
f 4348 4347 819 
f 878 4291 4292 
f 4664 2292 535 
f 4348 4416 4488 
f 4489 534 4490 
f 4288 4287 4286 
f 476 402 4743 
f 4615 2319 474 
f 4615 474 4665 
f 506 531 4703 
f 4418 4350 4419 
f 699 4418 4419 
f 699 4419 767 
f 4066 3825 3918 
f 534 4489 4666 
f 4490 534 635 
f 4218 4137 877 
f 4616 630 4667 
f 4215 4216 818 
f 4140 875 4069 
f 633 696 4422 
f 4352 4218 877 
f 4496 4495 4558 
f 766 4354 697 
f 4138 4066 4139 
f 4500 692 4499 
f 877 4293 4353 
f 4297 4220 876 
f 568 530 4620 
f 499 4720 4622 
f 4627 4499 4559 
f 693 4220 4296 
f 4498 4623 626 
f 4500 4357 4426 
f 4414 4345 810 
f 4626 4754 4755 
f 4147 928 980 
f 4154 4156 926 
f 4509 768 4428 
f 879 926 4289 
f 4148 4300 4361 
f 4300 4148 4147 
f 4361 4300 4299 
f 814 2299 2300 
f 806 4345 4414 
f 4438 4437 748 
f 4308 919 4233 
f 5533 809 808 
f 4226 4225 4301 
f 4432 687 807 
f 4161 973 919 
f 4367 807 869 
f 4305 869 868 
f 4152 4151 924 
f 4378 742 744 
f 3996 3931 3995 
f 4361 4299 4362 
f 753 4231 4344 
f 4370 4371 4373 
f 749 4435 750 
f 4370 865 4371 
f 753 4344 4434 
f 753 754 5482 
f 4372 864 4373 
f 748 620 688 
f 972 4162 4161 
f 863 4308 4370 
f 4234 972 4235 
f 871 4234 4235 
f 865 4307 751 
f 809 4301 808 
f 612 611 682 
f 914 4088 4168 
f 4238 4165 4240 
f 4169 4087 4167 
f 1073 916 4166 
f 4376 745 4441 
f 4165 4085 4084 
f 917 4369 755 
f 4442 4375 4374 
f 4570 687 4432 
f 4374 4507 4515 
f 4369 4229 4304 
f 4439 746 741 
f 909 4246 4245 
f 801 4382 734 
f 4377 740 4243 
f 853 854 737 
f 741 740 4439 
f 853 737 4381 
f 4383 671 4385 
f 799 4384 800 
f 4444 4517 739 
f 5447 802 738 
f 4312 903 4248 
f 4312 4248 4313 
f 675 550 4582 
f 800 4312 4313 
f 4094 963 4096 
f 908 907 4249 
f 905 904 4251 
f 739 737 738 
f 658 2333 2332 
f 797 904 4314 
f 668 4455 730 
f 4248 4249 4247 
f 797 4314 4385 
f 851 4317 4257 
f 4385 732 798 
f 851 4257 4250 
f 723 4463 724 
f 2314 2312 2295 
f 723 724 660 
f 4528 600 4458 
f 2294 2314 2313 
f 4255 4253 850 
f 793 4319 848 
f 795 4252 4318 
f 2330 4530 4531 
f 798 851 797 
f 2329 4527 4590 
f 672 4450 4525 
f 4314 4383 4385 
f 668 601 4527 
f 786 785 4459 
f 724 786 4459 
f 793 664 4319 
f 848 792 793 
f 2296 2311 4320 
f 731 4454 4526 
f 666 667 4457 
f 664 665 4529 
f 848 4319 898 
f 1010 959 4185 
f 4330 4263 955 
f 951 890 889 
f 896 4189 844 
f 4106 2308 1008 
f 4330 955 4331 
f 787 4330 4331 
f 4391 4322 4321 
f 787 4331 838 
f 894 4323 790 
f 842 894 790 
f 4390 661 791 
f 658 2332 4593 
f 955 957 4265 
f 2339 2335 5319 
f 955 4265 4331 
f 4469 2284 720 
f 4262 4190 4264 
f 2288 2330 656 
f 4328 891 893 
f 2332 4641 4593 
f 4262 4264 892 
f 4262 892 5355 
f 4580 4581 5484 
f 4326 4394 5355 
f 2288 2287 2330 
f 839 4398 4397 
f 4531 656 2330 
f 836 837 5302 
f 4595 597 596 
f 459 4759 460 
f 4403 585 4404 
f 4632 4680 4682 
f 783 833 832 
f 782 836 4399 
f 783 4402 784 
f 784 833 783 
f 4405 4275 4404 
f 5360 583 4604 
f 4404 649 4405 
f 4201 4276 5450 
f 780 4201 5450 
f 538 4655 4691 
f 4691 4690 4689 
f 4044 4204 4205 
f 4546 538 4657 
f 4605 4546 4657 
f 4122 4043 4123 
f 779 581 710 
f 647 4339 712 
f 4046 4124 992 
f 4655 4603 4654 
f 830 4281 4283 
f 942 829 4283 
f 4547 581 4605 
f 4607 4477 646 
f 4047 4125 4049 
f 4279 831 4340 
f 775 641 4409 
f 830 4341 4279 
f 777 708 4281 
f 1040 4053 4052 
f 4700 4702 510 
f 509 4700 510 
f 4663 510 574 
f 4127 1040 4052 
f 4412 701 4413 
f 771 770 772 
f 4342 4346 826 
f 770 939 882 
f 4285 4128 938 
f 819 4347 4346 
f 823 4209 824 
f 4284 4206 828 
f 4286 820 4211 
f 4145 4071 4143 
f 4288 5353 932 
f 4665 4618 4666 
f 4486 4415 702 
f 4662 4661 4699 
f 4615 4665 4666 
f 4348 700 4290 
f 4211 5353 4286 
f 4490 635 698 
f 699 571 636 
f 878 4213 4291 
f 5449 5448 4349 
f 4293 4217 816 
f 764 763 4418 
f 4293 816 815 
f 929 4142 4144 
f 503 505 4707 
f 4297 4294 766 
f 4296 4356 4424 
f 4351 4215 5449 
f 764 4418 636 
f 4354 4295 632 
f 5534 634 697 
f 4294 876 875 
f 4745 4704 506 
f 2320 638 4614 
f 4421 4617 4422 
f 474 2319 4743 
f 690 4628 4561 
f 4220 693 874 
f 568 4557 4497 
f 4144 4070 929 
f 634 696 5483 
f 563 4627 526 
f 4494 634 5483 
f 4493 4492 568 
f 4493 568 4497 
f 4501 4500 625 
f 762 693 694 
f 2300 2304 4221 
f 759 2299 814 
f 981 980 4146 
f 4434 768 754 
f 813 4363 704 
f 751 805 753 
f 4344 879 4345 
f 703 4429 4563 
f 4427 4358 4357 
f 4725 520 496 
f 2304 4142 4221 
f 4234 4225 4227 
f 5301 4468 594 
f 5533 4372 4436 
f 4506 809 4436 
f 613 598 4534 
f 925 924 4227 
f 917 4306 4229 
f 4304 923 4305 
f 807 4368 4433 
f 4367 870 4368 
f 925 4227 870 
f 4431 809 4506 
f 869 4303 4367 
f 4305 868 4369 
f 917 755 862 
f 5298 558 594 
f 4363 873 4364 
f 4510 803 4435 
f 811 4361 4362 
f 4572 4574 555 
f 4572 4573 556 
f 872 4361 811 
f 803 4373 804 
f 4289 810 4345 
f 803 4372 4373 
f 688 4438 748 
f 4504 4506 621 
f 4510 616 4575 
f 4576 620 748 
f 689 4568 4637 
f 4504 689 4505 
f 4511 748 4437 
f 4301 4225 871 
f 738 737 5447 
f 682 4569 612 
f 4441 745 4239 
f 683 4513 4514 
f 4439 740 4377 
f 4507 868 869 
f 861 4237 917 
f 859 915 860 
f 4514 746 747 
f 4514 747 683 
f 4514 4513 4577 
f 747 4376 4441 
f 4165 4084 4166 
f 618 610 612 
f 861 4163 4237 
f 4311 4244 4246 
f 4570 4432 619 
f 4441 4378 683 
f 4443 746 4514 
f 909 4245 4309 
f 679 4447 739 
f 4443 681 4379 
f 4309 912 856 
f 855 856 740 
f 4637 4568 5358 
f 675 548 550 
f 4584 4521 4520 
f 855 740 741 
f 855 741 4379 
f 4518 4449 4519 
f 4311 4246 854 
f 4381 4447 4448 
f 5299 4523 603 
f 561 4585 4586 
f 4634 553 4586 
f 4381 737 4447 
f 604 4523 5299 
f 681 2315 4517 
f 4248 4247 4313 
f 677 4380 4446 
f 735 677 4446 
f 735 4446 736 
f 4248 4175 4249 
f 4517 4444 681 
f 4451 671 4384 
f 4517 2315 680 
f 4450 551 602 
f 902 4020 4180 
f 794 4388 730 
f 4455 794 730 
f 4100 900 4180 
f 4100 4099 899 
f 667 4456 4457 
f 4318 4315 961 
f 4250 904 797 
f 655 669 670 
f 657 653 4456 
f 4459 4392 4460 
f 725 4392 4393 
f 725 4393 791 
f 731 667 666 
f 901 2294 2313 
f 961 4257 4317 
f 849 2295 4254 
f 2310 4390 4391 
f 791 842 727 
f 4390 845 4391 
f 1010 4185 4186 
f 4186 1009 1010 
f 844 4186 4185 
f 4463 4397 724 
f 663 662 4529 
f 661 662 663 
f 600 4528 653 
f 4398 4330 787 
f 4328 839 4396 
f 4397 786 724 
f 2331 2328 2333 
f 2334 4591 590 
f 4396 2331 2333 
f 4183 4184 4259 
f 4183 4259 4321 
f 839 2331 4396 
f 891 892 893 
f 4395 891 4328 
f 4684 4645 4644 
f 521 5416 4629 
f 523 521 522 
f 4595 596 4683 
f 4334 837 4266 
f 4595 4683 4643 
f 4503 4502 4565 
f 5416 624 623 
f 592 4535 4598 
f 522 4629 4681 
f 720 2341 5319 
f 835 834 5302 
f 587 4470 651 
f 615 554 614 
f 4640 543 4594 
f 2284 835 2341 
f 4266 4192 4267 
f 4270 4333 832 
f 832 4271 4270 
f 4684 458 4645 
f 4202 945 943 
f 517 518 4653 
f 4403 714 4337 
f 4803 4802 421 
f 4338 4200 946 
f 4197 947 887 
f 651 541 587 
f 4404 714 4403 
f 541 597 4595 
f 1000 4035 4118 
f 583 4603 4543 
f 4471 716 4537 
f 4603 4655 4543 
f 712 4474 4545 
f 486 4731 487 
f 4275 4405 4338 
f 4765 4692 453 
f 4480 706 774 
f 516 4692 4735 
f 4278 4203 5513 
f 711 884 5480 
f 4658 646 4606 
f 4547 4656 484 
f 4692 516 4734 
f 645 4548 4609 
f 775 776 707 
f 4282 4283 774 
f 4613 4485 639 
f 705 577 4410 
f 4409 827 4280 
f 4479 4408 4477 
f 4662 574 640 
f 4608 580 515 
f 450 412 4811 
f 487 4688 4690 
f 4737 537 4610 
f 707 706 4480 
f 4612 705 4552 
f 4410 772 4411 
f 4614 4485 535 
f 4410 577 4483 
f 825 4208 881 
f 4412 773 4484 
f 4614 535 2292 
f 4154 4155 4156 
f 4289 4223 872 
f 693 762 4358 
f 4697 4769 446 
f 4485 4613 535 
f 4697 446 4739 
f 4415 4487 4416 
f 4662 4699 4663 
f 4135 932 5353 
f 476 4664 475 
f 4351 816 4215 
f 702 4484 4486 
f 4704 4619 532 
f 531 532 4618 
f 4346 4413 819 
f 4213 4290 4291 
f 4421 4422 4423 
f 4418 763 4350 
f 4554 571 4555 
f 816 4351 815 
f 4296 4220 4297 
f 5483 696 633 
f 4622 4677 4623 
f 4622 4623 565 
f 4350 4349 4419 
f 4296 4424 694 
f 4354 4294 4295 
f 4492 4493 4494 
f 634 5534 632 
f 5534 697 4354 
f 632 4295 4219 
f 766 4294 4354 
f 4670 471 505 
f 4427 4359 4360 
f 4798 380 379 
f 503 4670 505 
f 4500 4426 692 
f 427 4797 5372 
f 4676 428 498 
f 2300 2305 2304 
f 465 4676 498 
f 4720 498 4622 
f 4221 4142 4222 
f 874 4221 4222 
f 4501 4427 4357 
f 4501 4359 4427 
f 4502 4359 691 
f 4633 494 496 
f 4639 4572 556 
f 5416 521 4562 
f 876 4220 4222 
f 873 2305 2299 
f 542 4643 4681 
f 623 4631 5416 
f 4368 4226 4366 
f 4373 4371 804 
f 4432 807 4433 
f 4368 4366 4433 
f 559 558 5298 
f 803 4437 4438 
f 598 4575 614 
f 743 862 4375 
f 4635 756 4566 
f 757 4433 758 
f 4506 4436 688 
f 868 755 4369 
f 680 2317 2316 
f 4374 755 868 
f 4362 4299 873 
f 4363 4362 873 
f 4344 4231 879 
f 810 811 4414 
f 686 4508 4573 
f 704 703 4508 
f 5482 685 750 
f 4372 5533 864 
f 4572 686 4573 
f 4435 804 750 
f 543 4640 554 
f 4594 4534 4640 
f 688 4436 4438 
f 545 546 5359 
f 5358 560 4642 
f 734 4381 4448 
f 611 4513 4512 
f 744 742 5481 
f 859 4376 4377 
f 746 4443 741 
f 4302 4152 924 
f 4430 756 758 
f 4367 925 870 
f 618 612 4570 
f 859 745 4376 
f 2316 617 4634 
f 617 2316 2317 
f 609 673 608 
f 5447 854 909 
f 680 2316 4578 
f 4378 4440 4512 
f 853 4381 4382 
f 4245 912 4309 
f 802 855 4379 
f 681 4443 4516 
f 4380 676 4310 
f 2315 2317 680 
f 602 552 4589 
f 4590 4524 4589 
f 4524 4527 601 
f 4518 551 4449 
f 607 4518 4519 
f 4582 4579 606 
f 801 734 733 
f 549 589 550 
f 4445 4520 4521 
f 4445 733 4520 
f 4524 601 4525 
f 4637 5358 4642 
f 4636 4642 5359 
f 4596 4599 589 
f 4583 4584 604 
f 738 4379 4444 
f 609 2316 4634 
f 4583 5299 547 
f 4578 2316 609 
f 738 4444 739 
f 801 4445 4446 
f 4453 668 730 
f 4453 601 668 
f 4450 602 4525 
f 4382 4381 734 
f 4453 798 732 
f 903 4175 4248 
f 900 4250 4257 
f 4460 4392 725 
f 551 552 602 
f 656 2329 2288 
f 4454 795 794 
f 2328 4463 4530 
f 4526 4454 4455 
f 4526 4455 670 
f 670 4455 668 
f 669 667 4526 
f 2329 655 4527 
f 4318 4317 4388 
f 788 4395 4396 
f 4392 785 4324 
f 4389 728 793 
f 665 664 728 
f 663 4458 4460 
f 731 4386 796 
f 663 4460 725 
f 725 661 663 
f 785 838 4268 
f 661 725 791 
f 4395 4328 4396 
f 727 845 4390 
f 789 2285 841 
f 550 4579 4582 
f 2334 2335 2337 
f 2286 4588 4587 
f 4459 785 4392 
f 4392 4324 4393 
f 4589 4524 602 
f 4529 4458 663 
f 4456 667 669 
f 662 2310 2296 
f 652 4399 4400 
f 539 540 4537 
f 4532 652 4465 
f 4532 596 597 
f 4437 803 4510 
f 5300 720 2338 
f 592 591 4536 
f 594 4468 4536 
f 4579 588 5484 
f 594 595 5298 
f 594 558 5301 
f 2284 2341 720 
f 4540 517 4541 
f 556 4630 524 
f 4337 4198 781 
f 4540 4538 4539 
f 715 4403 4337 
f 4653 4652 4604 
f 5451 4542 4541 
f 4464 652 4532 
f 4537 540 4602 
f 586 4601 4602 
f 4601 4471 4602 
f 4729 4649 420 
f 715 4601 4538 
f 886 4201 943 
f 4275 946 4199 
f 5360 4604 4652 
f 4473 4472 713 
f 4473 713 4542 
f 414 415 374 
f 417 490 4843 
f 486 416 4731 
f 4544 647 4545 
f 515 481 4608 
f 711 4406 4407 
f 5480 4406 711 
f 4607 646 4658 
f 4607 4658 580 
f 483 4606 484 
f 481 516 4735 
f 709 710 4476 
f 515 483 516 
f 643 775 707 
f 644 4659 4481 
f 827 883 4280 
f 941 4125 4206 
f 4284 941 4206 
f 4701 406 4742 
f 4549 4478 4479 
f 4701 475 4702 
f 705 4612 577 
f 4279 777 4281 
f 475 4664 4702 
f 4694 4609 514 
f 4408 777 4340 
f 4697 4698 513 
f 4484 639 4485 
f 475 4701 4742 
f 4489 4491 637 
f 4280 942 4282 
f 575 642 536 
f 4487 4415 638 
f 4486 638 4415 
f 443 365 4744 
f 4703 531 4665 
f 4487 572 573 
f 696 4355 4423 
f 570 569 4617 
f 764 4421 4423 
f 4422 696 4423 
f 4419 698 767 
f 4495 4422 4617 
f 630 4495 4617 
f 569 630 4617 
f 4215 930 4216 
f 4555 767 635 
f 696 632 4355 
f 4356 4296 4297 
f 317 312 4913 
f 5483 4492 4494 
f 4072 983 4216 
f 626 4425 4498 
f 4624 626 4623 
f 877 4137 4293 
f 762 4357 4358 
f 4620 530 503 
f 4705 529 4707 
f 697 634 4494 
f 4493 4420 4494 
f 568 4492 530 
f 626 4560 692 
f 4427 814 4298 
f 4721 390 4794 
f 4559 497 4625 
f 4358 874 693 
f 4559 4625 4627 
f 389 5363 391 
f 4795 4796 4797 
f 4429 703 812 
f 4678 525 4628 
f 4723 4678 526 
f 4638 556 524 
f 4503 623 624 
f 423 4834 380 
f 523 4638 524 
f 4630 556 4573 
f 624 5416 4562 
f 4682 459 495 
f 4561 562 4564 
f 4565 4564 623 
f 4565 4502 4561 
f 691 4359 4501 
f 757 4432 4433 
f 598 613 684 
f 4634 617 4635 
f 604 4522 4523 
f 617 2293 4571 
f 684 613 558 
f 621 4568 4504 
f 611 4512 682 
f 4431 4504 4505 
f 4365 809 4431 
f 4577 611 610 
f 610 618 2318 
f 618 2293 2318 
f 757 756 4571 
f 4430 4365 4431 
f 4508 4563 4573 
f 4508 703 4563 
f 686 768 4509 
f 4465 721 4534 
f 4594 4465 4534 
f 623 4503 4565 
f 623 4564 4633 
f 4467 4466 722 
f 704 4508 4509 
f 4640 598 614 
f 749 4574 615 
f 752 865 751 
f 555 686 4572 
f 620 4568 621 
f 5301 558 613 
f 808 864 5533 
f 750 685 749 
f 596 4532 4594 
f 4683 596 543 
f 4575 616 614 
f 4430 4431 4505 
f 4578 679 680 
f 4244 4172 4246 
f 610 2318 557 
f 4571 756 4635 
f 4522 733 674 
f 2293 618 619 
f 4443 4514 4516 
f 4451 4384 799 
f 801 733 4445 
f 2332 2287 2286 
f 4641 2332 2286 
f 588 4579 589 
f 590 588 4599 
f 4326 892 891 
f 677 676 4380 
f 719 2335 2334 
f 4580 4641 4587 
f 548 4584 4583 
f 548 675 4584 
f 719 2334 4599 
f 549 4596 589 
f 4451 4450 672 
f 4580 599 4641 
f 4597 4583 547 
f 4520 4522 604 
f 4584 4520 604 
f 608 4578 609 
f 5359 547 544 
f 4444 4379 681 
f 673 609 4586 
f 544 4585 4636 
f 734 4448 674 
f 801 4380 4382 
f 608 673 674 
f 5299 603 544 
f 4461 5356 4462 
f 590 4591 4592 
f 4591 659 4592 
f 4383 903 4312 
f 4380 801 4446 
f 4588 2288 2329 
f 655 656 657 
f 669 655 657 
f 669 657 4456 
f 678 677 4519 
f 851 4250 797 
f 4324 842 4393 
f 728 664 793 
f 4331 951 838 
f 4596 4535 719 
f 2334 2337 4591 
f 4593 4592 658 
f 658 788 2333 
f 2338 2335 719 
f 654 723 600 
f 659 4461 4462 
f 659 4462 788 
f 599 4580 5484 
f 4470 539 4537 
f 4334 2340 835 
f 651 4470 718 
f 4533 4401 4464 
f 543 554 4638 
f 4532 597 4464 
f 4400 4466 4467 
f 546 547 5359 
f 546 545 591 
f 591 592 593 
f 595 560 5298 
f 5356 789 4394 
f 604 5299 4583 
f 593 4598 4597 
f 606 605 4582 
f 841 4394 789 
f 2341 2285 5319 
f 546 4597 547 
f 552 551 4518 
f 4641 2286 4587 
f 4587 4588 4589 
f 4266 4267 4334 
f 4399 836 4400 
f 586 4647 4539 
f 4276 4201 886 
f 4199 4118 947 
f 4274 4199 947 
f 4600 4602 540 
f 4600 586 4602 
f 4335 4198 4272 
f 652 4400 4467 
f 781 4198 4335 
f 4601 781 4471 
f 4198 4197 4272 
f 4729 421 419 
f 4543 4544 4545 
f 4542 649 4541 
f 4543 582 583 
f 582 4543 4545 
f 4543 538 4544 
f 4472 712 780 
f 4476 646 709 
f 454 4763 455 
f 454 4731 4763 
f 414 374 5370 
f 4688 451 4689 
f 483 4734 516 
f 708 774 4281 
f 647 5480 884 
f 4339 884 885 
f 4283 829 830 
f 831 4279 4341 
f 709 4340 710 
f 4606 646 4476 
f 4766 370 4810 
f 4739 446 479 
f 578 4611 579 
f 4738 369 480 
f 705 4410 4411 
f 4699 4661 477 
f 645 644 4478 
f 4478 4549 645 
f 640 639 577 
f 4549 4479 4477 
f 4740 445 405 
f 4698 511 513 
f 577 639 4483 
f 4693 4735 4736 
f 4484 4485 4486 
f 830 4279 4281 
f 4487 638 572 
f 445 368 367 
f 702 4412 4484 
f 4416 819 701 
f 571 699 767 
f 4416 4348 819 
f 4292 5449 818 
f 702 701 4412 
f 764 4423 765 
f 533 4553 4554 
f 4553 636 571 
f 528 4673 4712 
f 4777 4747 442 
f 629 567 4558 
f 4553 571 4554 
f 4490 5448 4491 
f 5448 5449 4292 
f 4619 4554 532 
f 700 4488 637 
f 4553 569 570 
f 317 5010 5295 
f 4495 4496 633 
f 695 4498 4424 
f 4621 629 628 
f 694 693 4296 
f 4423 4355 765 
f 530 4492 4556 
f 4706 4705 4746 
f 430 343 4883 
f 467 4751 500 
f 4675 433 466 
f 564 4559 4560 
f 4755 4754 386 
f 4835 380 4834 
f 4677 4626 4624 
f 424 463 4722 
f 499 4675 4720 
f 496 4631 4633 
f 562 4561 4628 
f 4559 4499 4560 
f 564 4560 4624 
f 4630 4573 4563 
f 4643 541 4595 
f 4643 522 4681 
f 4574 685 555 
f 4639 4574 4572 
f 4429 761 4503 
f 4640 614 554 
f 4502 691 690 
f 462 497 426 
f 462 4625 497 
f 5417 625 4627 
f 4502 690 4561 
f 4562 524 4630 
f 673 603 4523 
f 4366 4301 4365 
f 4566 4567 553 
f 4635 617 4571 
f 622 561 4567 
f 4511 4510 4575 
f 4577 557 4516 
f 4366 4365 758 
f 557 4577 610 
f 614 616 615 
f 4510 4435 616 
f 615 616 749 
f 559 748 4511 
f 4640 4534 598 
f 721 613 4534 
f 768 806 4428 
f 5359 544 4636 
f 5359 4642 545 
f 4396 2333 788 
f 654 653 4531 
f 4462 4395 788 
f 593 592 4598 
f 4530 654 4531 
f 4327 5355 4394 
f 4587 4589 552 
f 5319 2335 2338 
f 5319 2338 720 
f 550 548 549 
f 2339 2337 2335 
f 546 591 593 
f 605 675 4582 
f 605 607 736 
f 546 593 4597 
f 675 605 4521 
f 605 736 4521 
f 595 591 545 
f 4586 553 561 
f 758 4365 4430 
f 542 587 4643 
f 761 4359 4502 
f 4639 4638 554 
f 522 4683 523 
f 834 835 2284 
f 834 2284 4466 
f 4540 650 4538 
f 4683 543 523 
f 524 521 523 
f 717 4336 833 
f 4726 4757 4759 
f 4650 4649 518 
f 4650 4539 4648 
f 494 4633 4632 
f 460 458 459 
f 4727 375 457 
f 4648 4539 4647 
f 496 4629 4631 
f 5361 421 420 
f 4685 4646 519 
f 4648 4649 4650 
f 4951 4846 4898 
f 326 4900 327 
f 583 582 584 
f 4651 4652 4653 
f 518 4651 4653 
f 518 517 4650 
f 884 711 5513 
f 484 4606 4547 
f 484 4656 4732 
f 417 489 490 
f 4477 4607 4549 
f 4475 779 648 
f 4546 4475 648 
f 4605 4475 4546 
f 4656 4605 4657 
f 4607 4548 4549 
f 5480 648 4406 
f 481 515 516 
f 4478 644 4480 
f 4698 478 4770 
f 4548 580 514 
f 448 447 4770 
f 578 579 512 
f 4738 4694 450 
f 4662 576 575 
f 579 4481 4659 
f 445 367 405 
f 773 772 4410 
f 511 4550 578 
f 4610 645 4609 
f 643 4551 775 
f 574 4613 640 
f 368 4854 4909 
f 576 577 4612 
f 4663 574 4662 
f 508 4613 574 
f 4704 531 506 
f 473 444 443 
f 4489 4490 4491 
f 402 404 443 
f 4745 506 4744 
f 442 4745 4744 
f 2292 2319 2320 
f 4704 532 531 
f 503 530 566 
f 4353 763 765 
f 4710 528 4712 
f 4822 4820 362 
f 4774 403 406 
f 507 4616 4667 
f 4668 4748 4669 
f 4668 4669 4619 
f 4554 4619 533 
f 4558 4495 630 
f 4670 566 567 
f 4667 533 4669 
f 4669 533 4619 
f 317 4861 312 
f 4420 4356 766 
f 4497 695 631 
f 530 4556 566 
f 472 4705 505 
f 529 4671 504 
f 4707 529 504 
f 4421 764 636 
f 570 4421 636 
f 4820 4781 399 
f 4784 4783 439 
f 313 4861 4786 
f 502 4713 4716 
f 4706 529 4705 
f 441 4746 4821 
f 4913 220 221 
f 4913 221 4961 
f 631 4420 4493 
f 4755 426 497 
f 5364 391 431 
f 5387 253 5388 
f 4675 466 4720 
f 498 428 4677 
f 432 394 4721 
f 4626 4677 428 
f 4681 520 542 
f 4429 4503 624 
f 4631 4629 5416 
f 4838 4758 4839 
f 563 690 5417 
f 378 422 4724 
f 5485 4648 4647 
f 4684 520 4725 
f 539 587 542 
f 4563 4562 4630 
f 522 4643 4683 
f 4601 715 781 
f 4632 4564 562 
f 768 686 555 
f 754 768 555 
f 456 375 376 
f 462 423 4723 
f 562 4628 525 
f 456 4760 457 
f 4681 4629 496 
f 4470 716 718 
f 754 555 685 
f 749 685 4574 
f 4643 587 541 
f 586 4539 4538 
f 519 492 4685 
f 5361 420 5485 
f 4727 457 4728 
f 4647 4600 4685 
f 4471 781 4335 
f 540 4645 4646 
f 5485 420 4648 
f 4686 4651 518 
f 4841 4800 4842 
f 4647 4685 5485 
f 460 4727 4728 
f 4647 586 4600 
f 4760 493 457 
f 5361 492 493 
f 4803 493 4760 
f 540 539 4644 
f 4649 4648 420 
f 452 4765 453 
f 4729 420 421 
f 5485 492 5361 
f 4545 4474 582 
f 491 4687 4652 
f 418 4805 328 
f 4603 583 5360 
f 4689 4733 4732 
f 4652 4687 5360 
f 329 4898 4845 
f 485 5360 4687 
f 485 4687 486 
f 487 4654 486 
f 489 486 4687 
f 4606 483 4658 
f 884 4339 647 
f 4735 4692 482 
f 646 4477 709 
f 4690 4655 4654 
f 480 4737 4738 
f 4477 4408 709 
f 4732 4656 4657 
f 370 4736 482 
f 4810 370 371 
f 481 4693 4608 
f 4611 643 579 
f 4661 575 536 
f 4695 537 480 
f 4771 4814 5367 
f 4771 4772 4816 
f 4814 4771 4773 
f 4773 4813 4814 
f 644 645 4610 
f 4550 511 477 
f 4484 773 4483 
f 513 511 4660 
f 4482 827 4409 
f 371 4847 4848 
f 705 4482 4552 
f 4770 4699 477 
f 4615 573 572 
f 2320 2319 572 
f 4770 478 448 
f 2320 572 638 
f 473 506 4703 
f 406 4701 4740 
f 406 4740 405 
f 444 4743 402 
f 635 534 4618 
f 2292 2320 4614 
f 637 4417 700 
f 638 4486 4614 
f 4555 4618 532 
f 4668 4619 4704 
f 322 4819 276 
f 4669 507 4667 
f 470 4708 4672 
f 439 4783 4710 
f 507 4669 4748 
f 472 471 4672 
f 502 4557 4671 
f 4497 631 4493 
f 4557 568 4620 
f 630 629 4558 
f 4557 4620 504 
f 472 4672 4709 
f 4354 632 5534 
f 273 221 220 
f 4672 471 4673 
f 528 4672 4673 
f 567 629 4621 
f 400 360 4914 
f 4916 4823 322 
f 363 361 360 
f 4782 4780 4783 
f 630 569 4667 
f 4779 4706 441 
f 4779 441 318 
f 4749 4715 356 
f 4746 472 4709 
f 4671 4557 504 
f 4913 4961 5010 
f 4798 378 4724 
f 4627 563 5417 
f 4786 268 357 
f 433 4675 4751 
f 4624 4560 626 
f 565 695 627 
f 467 4717 4749 
f 430 387 4794 
f 500 4751 4675 
f 342 195 5388 
f 495 4684 4725 
f 297 5293 275 
f 4677 4622 498 
f 465 432 464 
f 385 345 347 
f 4834 423 4832 
f 564 4624 4626 
f 625 691 4501 
f 4838 375 4758 
f 4631 623 4633 
f 4874 344 347 
f 456 376 4801 
f 422 461 4679 
f 375 4727 4758 
f 459 4682 4726 
f 543 4638 523 
f 4564 4632 4633 
f 4563 4429 624 
f 459 4726 4759 
f 459 458 495 
f 4562 4563 624 
f 522 521 4629 
f 4646 4600 540 
f 525 4678 4724 
f 4799 461 422 
f 4799 422 4836 
f 4538 4601 586 
f 4645 458 519 
f 4759 4727 460 
f 4645 519 4646 
f 4894 4804 4761 
f 583 584 4604 
f 4654 4603 485 
f 4606 4476 4547 
f 4734 484 4733 
f 4734 483 484 
f 486 4654 485 
f 4657 538 4691 
f 648 4544 4546 
f 710 4340 778 
f 4657 4691 4732 
f 450 4694 514 
f 4656 4547 4605 
f 4733 4689 451 
f 371 4848 4810 
f 4733 451 453 
f 4733 453 4734 
f 4693 412 4608 
f 515 4658 483 
f 537 4659 4610 
f 480 537 4737 
f 580 4608 514 
f 4659 644 4610 
f 4610 4609 4737 
f 514 4608 412 
f 4693 481 4735 
f 512 537 4695 
f 477 4661 4550 
f 513 4660 4695 
f 479 446 4813 
f 537 512 4659 
f 4696 4695 480 
f 4478 708 4479 
f 4696 4697 513 
f 4769 4696 480 
f 4550 4611 578 
f 369 4738 4768 
f 4612 575 576 
f 577 576 640 
f 4613 639 640 
f 4849 4810 4901 
f 4770 447 4699 
f 4614 4486 4485 
f 4770 477 4698 
f 4741 407 409 
f 4612 4552 642 
f 365 443 404 
f 368 4815 4854 
f 510 4663 509 
f 4742 402 476 
f 4700 509 4741 
f 473 4703 444 
f 4552 4409 641 
f 4819 322 401 
f 403 4775 404 
f 366 365 404 
f 4488 4416 4487 
f 567 566 4496 
f 400 4859 360 
f 567 4496 4558 
f 4616 628 629 
f 4667 569 533 
f 4819 366 4775 
f 401 4777 442 
f 4779 4857 4785 
f 4713 438 437 
f 4707 504 4620 
f 4705 472 4746 
f 4916 322 276 
f 4784 4823 359 
f 315 225 271 
f 4710 440 528 
f 4748 4668 4747 
f 315 361 363 
f 4783 440 4710 
f 4784 4782 4783 
f 4780 440 4783 
f 4716 4674 502 
f 4861 4862 4786 
f 5362 4719 4750 
f 4627 625 4499 
f 133 5486 134 
f 4671 4714 502 
f 4824 355 4921 
f 4824 4921 354 
f 396 395 434 
f 210 211 310 
f 4967 4968 5454 
f 4427 4298 4358 
f 4426 4357 762 
f 392 433 4791 
f 4829 5368 5364 
f 393 431 394 
f 4622 565 499 
f 4675 499 500 
f 429 4793 424 
f 5362 4790 4791 
f 4756 427 4754 
f 4871 260 4982 
f 5293 251 252 
f 4626 428 4722 
f 4756 463 4795 
f 290 339 4889 
f 4624 4623 4677 
f 4880 247 4941 
f 497 564 4755 
f 4938 4879 4881 
f 4680 4679 4726 
f 4678 563 526 
f 4836 4888 337 
f 4838 4837 335 
f 4760 4801 4841 
f 236 188 4837 
f 4758 4757 4839 
f 4628 690 563 
f 4728 457 493 
f 496 520 4681 
f 490 489 491 
f 336 377 4892 
f 488 486 489 
f 5002 4893 287 
f 5365 332 4800 
f 4841 4801 4800 
f 419 4802 4761 
f 4895 4896 334 
f 4653 5451 517 
f 4802 4841 4842 
f 4894 4842 333 
f 4802 4842 4894 
f 184 185 186 
f 4730 4651 4686 
f 4807 326 4809 
f 183 138 5066 
f 454 451 4688 
f 491 4730 490 
f 491 489 4687 
f 413 372 371 
f 580 4658 515 
f 453 4692 4734 
f 283 282 4904 
f 413 4764 372 
f 454 4688 487 
f 4737 4609 4694 
f 4731 454 487 
f 4660 578 512 
f 4768 450 4811 
f 4768 4738 450 
f 4695 4660 512 
f 371 370 413 
f 578 4660 511 
f 408 4773 4771 
f 280 4953 4852 
f 368 445 4816 
f 4772 368 4816 
f 408 407 479 
f 4904 325 4849 
f 4741 448 407 
f 509 4663 447 
f 509 447 448 
f 4917 4916 276 
f 4666 4489 573 
f 442 365 401 
f 4744 473 443 
f 4664 508 4702 
f 4488 700 4348 
f 366 4819 401 
f 316 4860 4914 
f 4668 4704 4745 
f 469 4747 4777 
f 444 474 4743 
f 4776 4777 401 
f 4776 322 4823 
f 4910 252 319 
f 4821 4822 4856 
f 4617 4421 570 
f 4713 4715 4716 
f 438 4713 4714 
f 4958 4910 321 
f 503 566 4670 
f 471 4670 4621 
f 4820 4860 362 
f 4820 399 4860 
f 4673 628 4712 
f 218 217 272 
f 629 630 4616 
f 4855 4817 367 
f 316 272 320 
f 4710 468 439 
f 4859 4780 4782 
f 438 4785 311 
f 4749 356 4787 
f 312 220 4913 
f 4937 297 275 
f 4791 433 4719 
f 434 354 397 
f 4919 268 4862 
f 434 395 353 
f 398 353 5362 
f 4824 353 398 
f 4787 356 357 
f 4920 4864 5454 
f 169 4973 4922 
f 267 5081 4922 
f 5371 4864 4920 
f 210 4920 4970 
f 393 392 4791 
f 498 4720 465 
f 500 4718 467 
f 5091 4981 160 
f 501 4716 4717 
f 432 392 394 
f 4878 4796 384 
f 297 4878 384 
f 5369 388 343 
f 4751 4719 433 
f 497 4559 564 
f 425 463 424 
f 4756 4722 463 
f 346 4874 347 
f 319 318 4910 
f 196 197 198 
f 5379 273 252 
f 527 4706 4779 
f 252 251 5379 
f 291 290 4889 
f 422 4679 4724 
f 691 625 5417 
f 4838 335 376 
f 4758 4727 4759 
f 4800 4801 5365 
f 419 4730 4729 
f 187 4896 4895 
f 4802 419 421 
f 188 236 5061 
f 4894 4761 4802 
f 4651 4730 491 
f 4685 4600 4646 
f 5361 493 4803 
f 4843 4762 4761 
f 4948 184 186 
f 4804 334 331 
f 488 417 418 
f 488 489 417 
f 4845 4806 328 
f 4898 5370 374 
f 5370 326 414 
f 416 4806 373 
f 185 5062 5117 
f 412 450 514 
f 4767 412 4693 
f 4767 4693 4736 
f 452 453 451 
f 283 4904 4901 
f 5370 4900 326 
f 231 327 5007 
f 282 410 4904 
f 183 4950 5003 
f 413 370 482 
f 4736 4766 4767 
f 4849 4850 4766 
f 449 4812 411 
f 4814 4813 411 
f 4813 4773 479 
f 4736 4735 482 
f 4901 4810 4848 
f 4812 4768 4811 
f 410 282 5367 
f 410 4814 411 
f 5367 4814 410 
f 408 479 4773 
f 4812 4811 4850 
f 4812 369 4768 
f 405 4774 406 
f 403 4742 406 
f 4956 277 4855 
f 4817 277 4818 
f 4855 277 4817 
f 276 4819 4818 
f 4772 4771 5366 
f 276 4818 277 
f 4816 445 409 
f 4816 408 4771 
f 4855 367 4909 
f 403 4774 4775 
f 4855 4909 323 
f 4818 4775 4774 
f 277 4956 4917 
f 640 576 4662 
f 226 4917 4956 
f 468 4711 4748 
f 4820 470 4781 
f 527 4671 529 
f 4857 4779 319 
f 4621 628 4673 
f 4858 4859 4782 
f 4823 439 4776 
f 225 4858 359 
f 468 4748 469 
f 628 4616 4711 
f 4703 4665 474 
f 4717 4716 4715 
f 4714 4713 502 
f 4716 501 4674 
f 5009 156 5384 
f 4714 4671 527 
f 358 4863 4864 
f 435 4750 4719 
f 4790 5362 353 
f 436 435 4787 
f 4825 4972 352 
f 397 354 4825 
f 207 264 4975 
f 4865 4864 5371 
f 398 4865 355 
f 4924 4923 4926 
f 207 4925 4974 
f 4926 4925 309 
f 434 353 4824 
f 4789 4788 4826 
f 4974 5021 207 
f 4753 464 4794 
f 4868 4980 262 
f 268 269 4863 
f 5369 430 390 
f 396 4789 4827 
f 4868 4930 4980 
f 435 436 4750 
f 383 4793 387 
f 294 4884 4883 
f 5388 253 294 
f 391 4831 389 
f 5387 5034 253 
f 4755 564 4626 
f 345 385 426 
f 5381 4960 5379 
f 425 296 384 
f 425 384 463 
f 337 4890 240 
f 5452 4873 4874 
f 4875 382 4876 
f 224 5008 249 
f 4937 4878 297 
f 347 4832 385 
f 4880 196 247 
f 4981 5091 5290 
f 4961 221 4960 
f 195 5288 5384 
f 5294 255 4936 
f 4943 243 4944 
f 4945 241 5296 
f 5053 4996 4998 
f 291 4889 340 
f 4625 462 526 
f 4758 4759 4757 
f 4726 4679 461 
f 456 457 375 
f 149 5104 5396 
f 109 5001 5151 
f 5102 4939 5040 
f 4841 4802 4803 
f 236 5058 5061 
f 5100 5062 5063 
f 335 4840 376 
f 336 287 4893 
f 519 458 460 
f 519 460 4728 
f 518 4649 4686 
f 4804 330 4843 
f 331 285 4844 
f 331 330 4804 
f 5117 5062 140 
f 326 4807 414 
f 5378 4948 234 
f 4897 5378 329 
f 4897 328 4805 
f 4808 455 415 
f 187 286 5063 
f 4845 373 4806 
f 4846 4899 4900 
f 4809 4847 372 
f 372 4847 371 
f 452 455 4808 
f 231 230 4902 
f 414 4808 415 
f 4851 279 5366 
f 4815 4852 4854 
f 4815 4772 5366 
f 451 454 455 
f 410 411 325 
f 5366 5367 4851 
f 4815 279 4852 
f 4849 325 4850 
f 4609 4548 514 
f 181 5071 229 
f 4901 4903 283 
f 4810 4849 4766 
f 4766 4736 370 
f 228 179 4953 
f 4903 4848 4847 
f 4952 232 5006 
f 4782 359 4858 
f 363 4859 4858 
f 4908 4853 4854 
f 4953 179 4907 
f 4817 4818 4774 
f 215 5077 5078 
f 405 4817 4774 
f 4740 409 445 
f 509 448 4741 
f 4740 4701 4700 
f 4917 276 277 
f 4775 4818 4819 
f 409 407 408 
f 401 365 366 
f 404 4775 366 
f 442 4747 4745 
f 403 402 4742 
f 223 321 364 
f 4821 4746 4709 
f 4821 4709 4822 
f 4957 248 4937 
f 223 224 4957 
f 471 4621 4673 
f 4862 268 4786 
f 4785 4714 527 
f 5386 5073 5012 
f 4712 4711 468 
f 174 215 5078 
f 174 175 4915 
f 316 314 4962 
f 4781 470 440 
f 4709 4708 4822 
f 4914 314 316 
f 359 4823 4916 
f 4712 628 4711 
f 4744 506 473 
f 367 368 4909 
f 5291 176 133 
f 5291 135 4918 
f 436 398 4750 
f 5371 4921 355 
f 310 4825 354 
f 435 467 4749 
f 4864 269 5454 
f 4790 395 4829 
f 4825 352 4788 
f 4826 308 309 
f 353 395 4790 
f 310 4921 210 
f 4825 4788 397 
f 4826 4788 308 
f 5083 123 168 
f 266 4925 4926 
f 5138 161 5535 
f 4978 4928 5025 
f 309 308 4926 
f 4827 305 5368 
f 391 4752 431 
f 4927 4929 304 
f 303 304 351 
f 302 4868 4870 
f 350 4830 302 
f 349 301 4869 
f 349 4870 5375 
f 4827 395 396 
f 5406 5210 63 
f 349 261 300 
f 5392 117 118 
f 5092 5032 4983 
f 5394 5393 5029 
f 348 345 386 
f 4872 299 5452 
f 385 462 426 
f 4936 381 4875 
f 237 5453 240 
f 5294 4936 4875 
f 244 5051 192 
f 256 5032 4985 
f 256 257 4873 
f 4890 4888 339 
f 4885 4936 255 
f 4936 4885 5374 
f 4986 5373 255 
f 296 4942 251 
f 5030 258 4982 
f 384 296 297 
f 196 198 247 
f 5297 4796 4877 
f 5372 4797 259 
f 5396 205 5041 
f 5297 4877 4881 
f 4793 4753 4794 
f 424 4722 429 
f 251 5293 296 
f 243 244 4944 
f 5094 5093 157 
f 190 290 5296 
f 4992 146 194 
f 378 4798 379 
f 237 4947 5453 
f 337 240 5453 
f 4998 191 5053 
f 4996 5053 4995 
f 4724 4679 525 
f 4996 4997 4998 
f 4998 289 238 
f 5150 5103 5399 
f 4625 526 4627 
f 100 5115 5000 
f 237 189 5000 
f 4757 461 377 
f 4891 336 4892 
f 4947 287 4891 
f 377 461 4799 
f 4762 4730 419 
f 198 4989 4990 
f 4895 286 187 
f 5060 5061 150 
f 5101 5060 150 
f 333 332 4895 
f 4804 4894 334 
f 4764 4765 452 
f 4895 334 333 
f 4806 416 488 
f 4950 284 5003 
f 4764 413 4765 
f 5370 4898 4846 
f 4898 329 4949 
f 4951 4898 4949 
f 4807 4764 4808 
f 185 184 5062 
f 452 451 455 
f 482 4692 4765 
f 4850 325 4812 
f 280 228 4953 
f 4852 4953 4908 
f 482 4765 413 
f 4850 4767 4766 
f 281 280 279 
f 5366 279 4815 
f 4905 4902 230 
f 4905 230 4906 
f 324 282 283 
f 4903 4905 283 
f 5072 227 180 
f 4954 4963 226 
f 180 5071 5070 
f 4906 281 324 
f 4740 4700 4741 
f 215 174 5015 
f 478 4698 4739 
f 4740 4741 409 
f 226 225 4917 
f 478 4739 479 
f 4833 425 383 
f 4778 4821 4856 
f 364 4778 4856 
f 4833 383 4882 
f 274 272 5383 
f 4957 4937 4958 
f 4778 441 4821 
f 321 223 4958 
f 178 217 5074 
f 178 152 5008 
f 321 4778 364 
f 178 5008 4959 
f 4942 254 5381 
f 248 4877 4878 
f 398 436 4865 
f 355 4865 5371 
f 439 468 469 
f 5011 5012 5013 
f 439 469 4776 
f 274 4911 4912 
f 4964 5015 270 
f 4911 364 4912 
f 218 272 316 
f 4962 218 316 
f 5164 98 5117 
f 225 315 4858 
f 226 4956 4954 
f 175 5011 5013 
f 4963 4964 271 
f 5075 5122 5076 
f 5288 177 5486 
f 4919 4918 4967 
f 4865 436 358 
f 397 396 434 
f 438 4714 4785 
f 466 433 392 
f 4973 4923 4922 
f 307 305 4828 
f 165 5027 5025 
f 4973 122 4923 
f 393 4790 4829 
f 265 207 4975 
f 431 393 4829 
f 5022 5133 121 
f 4791 4719 5362 
f 5024 164 165 
f 4927 4928 4929 
f 303 265 4975 
f 303 4975 4977 
f 5024 5026 5391 
f 4869 4831 350 
f 4867 4931 302 
f 85 162 64 
f 4792 4830 350 
f 4929 4928 4979 
f 4828 4826 306 
f 342 5043 195 
f 4828 306 307 
f 5368 4829 395 
f 5290 155 5288 
f 4833 296 425 
f 4979 4978 263 
f 5034 5381 254 
f 5141 5092 118 
f 4982 258 4933 
f 4982 4933 4871 
f 4983 299 258 
f 299 256 5452 
f 5395 5093 5094 
f 5380 200 4934 
f 423 462 385 
f 4832 423 385 
f 202 245 5373 
f 340 4835 291 
f 4945 341 5374 
f 382 381 341 
f 4877 248 4938 
f 4833 4882 4942 
f 252 273 319 
f 273 4857 319 
f 5008 4987 249 
f 295 259 5297 
f 5097 5386 5148 
f 5097 5148 5149 
f 4938 4881 4877 
f 5383 217 178 
f 4990 4939 247 
f 295 4881 4941 
f 254 4942 4882 
f 204 5032 5092 
f 255 4935 4986 
f 5114 5110 143 
f 4994 5051 244 
f 146 147 5045 
f 341 291 382 
f 257 4985 4934 
f 341 4945 5296 
f 244 192 4944 
f 194 5045 5047 
f 338 339 290 
f 5452 346 4872 
f 4798 4723 423 
f 4888 4836 378 
f 380 4835 340 
f 190 191 238 
f 5242 5225 34 
f 103 5193 5192 
f 4839 377 336 
f 79 78 5197 
f 4757 4726 461 
f 4893 4839 336 
f 4839 4757 377 
f 198 197 5039 
f 5101 151 5116 
f 422 378 4836 
f 4723 526 462 
f 5365 141 332 
f 5116 5060 5101 
f 5116 5059 141 
f 108 109 5102 
f 328 329 4845 
f 418 417 4805 
f 5078 5011 175 
f 455 4763 415 
f 374 4845 4898 
f 4906 4952 280 
f 280 281 4906 
f 5007 5005 232 
f 414 4807 4808 
f 4764 452 4808 
f 411 4812 325 
f 281 279 4851 
f 4905 4906 324 
f 5119 233 5067 
f 138 137 5118 
f 283 4905 324 
f 372 4764 4807 
f 4903 4902 4905 
f 4851 282 324 
f 4847 4902 4903 
f 281 4851 324 
f 4853 323 4909 
f 215 214 5077 
f 4963 271 226 
f 4853 278 323 
f 4908 4854 4852 
f 4954 323 278 
f 4955 4954 278 
f 4955 227 5072 
f 407 478 479 
f 4856 362 4912 
f 260 4871 5372 
f 4795 463 384 
f 4910 318 321 
f 270 361 315 
f 199 196 4988 
f 249 4957 224 
f 5034 5387 5385 
f 4918 4966 4967 
f 383 387 4882 
f 248 4878 4937 
f 312 4861 313 
f 5009 5385 5387 
f 5388 195 156 
f 5015 5014 216 
f 5383 178 4959 
f 4911 223 364 
f 227 278 4853 
f 225 226 271 
f 227 4907 180 
f 4782 4784 359 
f 359 4916 225 
f 4823 4784 439 
f 225 4916 4917 
f 4853 4908 227 
f 4920 210 5371 
f 5079 130 172 
f 4715 4713 437 
f 437 438 311 
f 5079 96 5125 
f 222 4961 5385 
f 5122 5398 5121 
f 210 4921 5371 
f 311 4785 4857 
f 171 4969 5020 
f 95 5079 5017 
f 397 4789 396 
f 357 356 4786 
f 4828 305 4827 
f 311 4857 220 
f 123 122 4973 
f 123 4973 168 
f 4826 309 306 
f 5083 92 5131 
f 4971 5081 267 
f 5083 168 5130 
f 68 52 5205 
f 68 5205 5173 
f 206 4976 4977 
f 5086 5134 5136 
f 120 206 264 
f 5021 5023 264 
f 265 303 351 
f 206 5391 5026 
f 5535 161 4978 
f 4870 4869 350 
f 5177 90 65 
f 5177 65 5178 
f 46 5229 5180 
f 5391 206 120 
f 88 87 5182 
f 302 4870 350 
f 350 4831 4792 
f 5232 44 5231 
f 86 85 113 
f 4929 4979 4931 
f 4867 4830 307 
f 4792 5368 305 
f 4883 343 294 
f 205 4982 260 
f 5030 4982 205 
f 4754 4626 4722 
f 386 5372 348 
f 116 4983 258 
f 4983 256 299 
f 5185 157 5093 
f 5380 4984 203 
f 4875 298 5294 
f 201 5094 5096 
f 298 4875 4876 
f 5385 5009 222 
f 5034 4960 5381 
f 111 5097 5149 
f 224 4911 4959 
f 5035 110 5036 
f 224 223 4911 
f 5035 111 112 
f 252 4910 275 
f 4991 260 259 
f 5163 5150 101 
f 5038 110 140 
f 5099 5038 140 
f 5039 4989 198 
f 154 5035 5037 
f 5399 5115 101 
f 5151 4999 5115 
f 295 4940 4991 
f 152 154 5382 
f 4754 4722 4756 
f 294 342 5388 
f 5046 244 243 
f 5044 146 4992 
f 5044 4992 148 
f 5515 5226 5285 
f 143 5195 5114 
f 244 5046 4994 
f 5390 5050 5109 
f 5110 144 5390 
f 4888 378 379 
f 4888 379 4889 
f 339 4888 4889 
f 5296 291 341 
f 5390 143 5110 
f 104 5054 289 
f 5377 4946 238 
f 4940 4939 5042 
f 4892 377 4799 
f 5104 5394 5396 
f 5037 5036 197 
f 5151 5115 5399 
f 4724 4723 4798 
f 5062 5100 5099 
f 373 4763 416 
f 4952 230 232 
f 5006 229 228 
f 4805 417 4843 
f 232 231 5007 
f 4844 5378 4897 
f 137 138 183 
f 327 4809 326 
f 4952 228 280 
f 4906 230 4952 
f 231 4902 327 
f 4949 234 284 
f 5071 179 229 
f 5069 214 5070 
f 138 182 5066 
f 4902 4809 327 
f 5069 5070 5071 
f 4852 279 280 
f 5123 5119 5165 
f 230 231 232 
f 4907 227 4908 
f 323 4956 4855 
f 4907 4908 4953 
f 174 4915 270 
f 247 4939 4941 
f 4939 4940 4941 
f 296 5293 297 
f 4958 223 4957 
f 270 271 4964 
f 4962 4915 175 
f 4962 175 5013 
f 4912 362 320 
f 4958 4937 275 
f 199 5382 5037 
f 4864 4865 358 
f 5289 155 5090 
f 5018 5019 171 
f 278 227 4955 
f 4860 320 362 
f 4914 399 400 
f 5068 5064 5065 
f 314 360 361 
f 5015 4964 5014 
f 5097 111 5098 
f 219 5012 5074 
f 400 4780 4859 
f 4963 4954 4955 
f 5069 181 5118 
f 128 130 5169 
f 5019 5018 172 
f 171 5020 5018 
f 5454 4968 212 
f 173 5017 213 
f 5120 5167 5121 
f 171 5019 5082 
f 4966 173 4968 
f 4788 4789 397 
f 4924 308 352 
f 4969 4971 211 
f 4972 4971 267 
f 5174 5173 5175 
f 4972 4825 310 
f 4866 265 351 
f 4976 4928 4927 
f 5180 5230 46 
f 4930 4868 302 
f 4931 4930 302 
f 87 5179 5207 
f 4977 4975 264 
f 5391 5087 5024 
f 305 4830 4792 
f 5028 158 262 
f 4980 163 5028 
f 5175 93 5174 
f 263 163 4980 
f 5375 262 261 
f 4931 4867 304 
f 4869 389 4831 
f 4881 4879 4880 
f 250 4987 4988 
f 205 5396 5030 
f 298 344 4874 
f 116 258 5029 
f 426 386 345 
f 5294 298 4873 
f 200 5380 5395 
f 5185 5184 61 
f 246 245 5033 
f 148 5033 5096 
f 204 4984 4985 
f 5387 156 5009 
f 5090 159 5140 
f 5379 221 273 
f 4959 4911 274 
f 5382 4987 152 
f 5037 5382 154 
f 5098 5035 154 
f 217 218 219 
f 217 219 5074 
f 5386 5011 131 
f 197 5036 5039 
f 5036 5038 5039 
f 5060 141 2301 
f 5058 150 5061 
f 5036 110 5038 
f 197 196 199 
f 4941 4940 295 
f 5099 140 5062 
f 150 4989 5101 
f 5042 4939 5102 
f 4837 4839 4893 
f 388 5369 5363 
f 102 143 5109 
f 145 5048 105 
f 148 5095 5044 
f 5294 257 4935 
f 5108 5049 5389 
f 4886 4885 5373 
f 5033 245 202 
f 106 5105 5106 
f 5373 4986 202 
f 191 241 5053 
f 5411 5403 5188 
f 144 5110 5052 
f 147 146 5397 
f 193 144 4995 
f 5050 4994 5389 
f 5112 5376 5377 
f 72 5161 5162 
f 5223 5256 35 
f 5111 104 289 
f 5404 5113 5285 
f 5404 36 5412 
f 5061 2301 188 
f 5104 149 5151 
f 4999 4947 5000 
f 5163 100 5161 
f 5158 5054 104 
f 5038 5099 151 
f 5365 4801 4840 
f 427 4756 4795 
f 332 141 286 
f 376 375 4838 
f 5004 4950 5066 
f 5066 182 5005 
f 5064 284 234 
f 140 139 5117 
f 5117 98 185 
f 5148 132 5165 
f 4897 4805 330 
f 4805 4843 330 
f 5064 234 186 
f 5119 5067 5165 
f 374 415 373 
f 4949 329 5378 
f 4900 5007 327 
f 181 5069 5071 
f 4950 4899 4951 
f 4844 285 4948 
f 229 5006 182 
f 5004 5005 5007 
f 233 183 5003 
f 136 5067 5068 
f 5067 136 99 
f 5065 5064 186 
f 287 5001 5002 
f 216 5014 5072 
f 5123 137 5119 
f 5124 214 5069 
f 5124 5069 5118 
f 5118 137 5123 
f 4899 4846 4951 
f 5007 4899 5004 
f 4909 4854 4853 
f 214 215 216 
f 5005 5004 5066 
f 229 182 181 
f 315 363 4858 
f 186 185 5065 
f 219 218 5013 
f 4959 274 5383 
f 270 315 271 
f 5074 5073 153 
f 153 5073 5098 
f 64 5183 5537 
f 269 4919 4967 
f 261 349 5375 
f 133 176 5292 
f 5292 5486 133 
f 5486 5292 5384 
f 360 4859 363 
f 139 112 5164 
f 112 110 5035 
f 4915 361 270 
f 5014 4963 4955 
f 131 132 5386 
f 4860 399 4914 
f 313 437 311 
f 213 5020 212 
f 5227 5405 45 
f 5398 5289 5147 
f 94 5126 5172 
f 313 311 312 
f 4789 4828 4827 
f 352 308 4788 
f 4965 176 5291 
f 5016 173 4966 
f 5128 5129 5130 
f 267 4924 352 
f 5080 125 5082 
f 170 4969 171 
f 4924 267 4922 
f 129 128 5127 
f 170 171 5082 
f 5080 129 126 
f 5082 5081 170 
f 168 125 126 
f 168 126 5130 
f 126 129 5128 
f 4969 170 4971 
f 4866 4925 265 
f 52 31 5205 
f 4923 4924 4922 
f 4972 310 211 
f 5081 4971 170 
f 122 123 124 
f 165 5026 5024 
f 124 123 5131 
f 4927 304 303 
f 4927 303 4977 
f 5025 4928 4976 
f 31 52 53 
f 5229 50 31 
f 5026 4976 206 
f 5135 5088 5136 
f 5205 31 50 
f 49 46 89 
f 5134 89 119 
f 89 5134 5178 
f 5229 46 50 
f 160 4981 261 
f 161 162 163 
f 113 97 5120 
f 162 161 5138 
f 158 159 160 
f 5535 5027 5138 
f 301 389 4869 
f 343 430 5369 
f 159 158 5140 
f 5142 82 114 
f 203 5031 5380 
f 4881 4880 4941 
f 347 345 346 
f 200 201 202 
f 5143 114 82 
f 5248 13 5413 
f 203 114 5287 
f 4934 4935 257 
f 5095 115 5397 
f 5144 5146 115 
f 4985 5032 204 
f 5395 5094 201 
f 5096 5094 5144 
f 5153 145 105 
f 220 4857 273 
f 176 5010 222 
f 5073 5097 5098 
f 5008 224 4959 
f 5100 5063 5059 
f 5100 5059 5116 
f 5073 5386 5097 
f 153 152 178 
f 132 131 5124 
f 249 248 4957 
f 141 5060 5116 
f 112 5149 5164 
f 112 111 5149 
f 142 5376 5112 
f 5062 184 235 
f 5060 2301 5061 
f 4800 333 4842 
f 5040 4990 150 
f 2301 4840 188 
f 332 286 4895 
f 5040 5058 5102 
f 5040 150 5058 
f 5040 4939 4990 
f 4837 4838 4839 
f 5394 5104 5103 
f 5297 4881 295 
f 118 116 5393 
f 236 4893 5002 
f 247 198 4990 
f 109 5042 5102 
f 5095 5144 115 
f 255 5294 4935 
f 5153 58 5400 
f 5106 5045 147 
f 191 190 241 
f 5400 145 5153 
f 106 147 5152 
f 5105 105 5106 
f 243 4943 246 
f 147 106 5106 
f 4887 242 292 
f 74 5156 5107 
f 5107 5156 5108 
f 5046 243 194 
f 5155 102 5049 
f 5285 5195 5515 
f 5284 36 5285 
f 5113 5056 5114 
f 5222 16 17 
f 5050 5390 193 
f 192 4887 4944 
f 5157 5158 104 
f 4997 5111 4998 
f 4874 4873 298 
f 5196 71 5163 
f 288 240 239 
f 5112 5377 5054 
f 103 5111 5057 
f 103 5057 5160 
f 5056 5055 5114 
f 4995 192 193 
f 5055 5110 5114 
f 104 5111 5157 
f 4886 245 4943 
f 288 189 237 
f 240 288 237 
f 5377 289 5054 
f 5394 5029 5030 
f 109 108 5001 
f 239 4890 338 
f 5041 4940 5042 
f 151 5099 5100 
f 235 285 4896 
f 110 139 140 
f 151 5100 5116 
f 4988 4987 5382 
f 5365 4840 2301 
f 142 5112 5162 
f 99 98 5164 
f 5149 5148 99 
f 5164 5149 99 
f 99 5165 5067 
f 4999 5000 5115 
f 154 153 5098 
f 5070 214 216 
f 5124 5118 5123 
f 5124 5123 132 
f 5003 5064 5068 
f 5070 216 5072 
f 137 233 5119 
f 233 5003 5068 
f 137 183 233 
f 4897 330 4844 
f 5067 233 5068 
f 5121 96 5122 
f 5139 5028 163 
f 5198 5166 5168 
f 113 5120 5147 
f 5199 5170 5167 
f 5090 155 5091 
f 269 4864 4863 
f 111 5035 5098 
f 284 4950 4951 
f 5070 5072 180 
f 131 5011 5078 
f 216 215 5015 
f 4962 314 4915 
f 5079 95 96 
f 5075 177 5289 
f 5201 5203 5126 
f 5166 5198 5200 
f 5201 5199 5166 
f 5021 208 5023 
f 5023 208 166 
f 63 5401 5406 
f 267 352 4972 
f 5128 94 67 
f 4971 4972 211 
f 5128 67 5129 
f 127 172 130 
f 5201 5200 5203 
f 5126 5203 5172 
f 169 4922 5081 
f 127 128 129 
f 5130 5129 92 
f 208 209 124 
f 5176 166 167 
f 209 208 5021 
f 264 207 5021 
f 123 5083 5131 
f 5080 127 129 
f 4973 169 168 
f 93 5175 91 
f 209 122 124 
f 4974 4925 266 
f 121 120 5022 
f 4976 4927 4977 
f 5025 4976 5026 
f 5135 87 5088 
f 66 91 5175 
f 5088 87 88 
f 5088 88 5089 
f 5208 43 45 
f 44 43 5231 
f 49 89 5178 
f 5207 5179 48 
f 43 44 45 
f 164 5088 5089 
f 5391 120 121 
f 5076 134 5075 
f 5147 5289 5090 
f 5405 63 5210 
f 4981 5043 300 
f 5140 5139 86 
f 5136 164 5086 
f 5198 5168 63 
f 343 388 4932 
f 5043 342 4932 
f 177 155 5289 
f 117 71 5197 
f 5211 77 5233 
f 5395 5380 5031 
f 114 5141 5142 
f 41 5234 5235 
f 5144 5095 5096 
f 5215 5213 42 
f 5401 85 5406 
f 139 110 112 
f 234 4949 5378 
f 5012 5073 5074 
f 132 5123 5165 
f 4988 196 4880 
f 5376 142 288 
f 5029 5393 116 
f 118 5142 5141 
f 5115 100 101 
f 5403 5411 59 
f 27 28 5283 
f 5286 5403 107 
f 5033 201 5096 
f 75 5190 58 
f 5105 59 75 
f 59 106 107 
f 106 59 5105 
f 4944 4887 293 
f 5389 5049 5109 
f 5047 5046 194 
f 16 5261 5263 
f 147 5397 5152 
f 4835 4876 382 
f 5054 5158 5159 
f 72 5159 57 
f 5256 5255 29 
f 144 193 5390 
f 5193 103 5160 
f 293 4943 4944 
f 5194 56 72 
f 57 5225 5242 
f 5194 72 57 
f 5244 5242 34 
f 290 190 338 
f 5102 5058 108 
f 101 100 5163 
f 5392 5150 71 
f 5151 149 109 
f 5000 4947 237 
f 235 4896 187 
f 5165 99 5148 
f 250 4988 4879 
f 5063 235 187 
f 5012 5011 5386 
f 181 182 138 
f 5118 181 138 
f 175 174 5078 
f 5077 214 5124 
f 5126 94 5127 
f 5537 5406 64 
f 128 70 5127 
f 5288 155 177 
f 134 5486 177 
f 5169 130 5125 
f 45 54 5227 
f 5166 5200 5201 
f 5203 5202 33 
f 70 5126 5127 
f 5405 5227 5198 
f 130 5079 5125 
f 5198 63 5405 
f 5172 5171 69 
f 69 94 5172 
f 5173 5206 5175 
f 68 69 5171 
f 5132 5022 166 
f 5084 5085 5087 
f 5084 5133 5177 
f 166 208 167 
f 125 168 169 
f 92 91 5131 
f 91 167 5131 
f 91 92 93 
f 5081 125 169 
f 126 125 5080 
f 5176 91 66 
f 65 90 5206 
f 51 50 49 
f 5126 70 5201 
f 121 5133 5084 
f 51 49 65 
f 5176 66 5132 
f 33 5202 5245 
f 121 5087 5391 
f 5025 5026 165 
f 32 23 5232 
f 23 5228 5245 
f 5168 97 5401 
f 302 4830 4867 
f 4930 4931 4979 
f 23 44 5232 
f 5181 5180 47 
f 97 5167 5120 
f 5140 158 5139 
f 5401 63 5168 
f 5147 5120 5398 
f 5093 5395 5031 
f 42 5212 41 
f 42 62 5215 
f 5407 5248 5214 
f 5393 5103 5392 
f 106 5152 76 
f 5409 5216 5237 
f 5212 84 41 
f 5408 26 5283 
f 5213 5212 42 
f 5282 5214 5236 
f 77 78 79 
f 5392 5103 5150 
f 71 5150 5163 
f 100 189 5161 
f 77 55 5244 
f 5400 58 5154 
f 37 5188 5219 
f 5400 5154 74 
f 5049 5108 5156 
f 5262 5261 16 
f 24 16 5222 
f 73 74 5222 
f 5222 74 5538 
f 5111 4997 5057 
f 5160 5113 5404 
f 8 7 5272 
f 4887 192 4995 
f 57 5159 5158 
f 5109 5050 5389 
f 5057 5056 5160 
f 5041 5042 149 
f 55 77 79 
f 5159 72 5162 
f 5158 5225 57 
f 5204 52 68 
f 5125 5170 5169 
f 128 127 130 
f 5245 5204 33 
f 44 23 54 
f 5169 5199 70 
f 5169 70 128 
f 5133 5022 5132 
f 5200 5202 5203 
f 5200 5198 5227 
f 5171 5204 68 
f 5131 167 124 
f 93 92 5129 
f 47 48 5179 
f 5171 33 5204 
f 120 264 5023 
f 92 5083 5130 
f 5246 5232 48 
f 5169 5170 5199 
f 5174 67 69 
f 266 4923 122 
f 5232 5231 48 
f 5209 5537 5183 
f 5086 164 5024 
f 5204 5245 5228 
f 47 5179 5181 
f 5231 43 5207 
f 5084 5087 121 
f 119 5230 5181 
f 5182 5208 5209 
f 5182 43 5208 
f 5401 97 113 
f 263 4930 4979 
f 5535 5025 5027 
f 5230 89 46 
f 5181 5230 5180 
f 4978 5025 5535 
f 5028 262 4980 
f 5209 5137 88 
f 71 5196 5197 
f 71 117 5392 
f 55 5242 5244 
f 5197 5187 117 
f 5187 78 83 
f 56 5197 5196 
f 5187 83 82 
f 5145 80 5146 
f 5212 5213 61 
f 81 83 84 
f 5226 5240 5284 
f 80 5215 5407 
f 5212 81 84 
f 5146 157 5145 
f 41 5211 5233 
f 6 1 5276 
f 22 11 5265 
f 28 27 40 
f 5514 5191 5221 
f 5274 5275 5276 
f 193 192 5051 
f 18 5239 5260 
f 5277 20 5274 
f 5277 5269 5270 
f 5239 19 5260 
f 5238 10 19 
f 5389 4993 5108 
f 5538 5191 24 
f 15 14 5266 
f 5161 189 5162 
f 5195 102 5515 
f 102 5109 5049 
f 5157 5111 103 
f 5055 5052 5110 
f 5192 5157 103 
f 290 291 5296 
f 5162 189 142 
f 5112 5054 5159 
f 55 5194 5242 
f 5205 50 51 
f 5406 85 64 
f 5246 47 5229 
f 32 5228 23 
f 49 5178 65 
f 5210 5406 5537 
f 5179 5135 5181 
f 5125 96 5170 
f 5207 43 5182 
f 5179 87 5135 
f 5246 53 32 
f 5178 5085 5177 
f 166 5022 5023 
f 5202 5200 5227 
f 51 5173 5205 
f 209 266 122 
f 69 68 5174 
f 5086 5024 5087 
f 5231 5207 48 
f 167 91 5176 
f 5168 5167 97 
f 5245 54 23 
f 46 49 50 
f 5177 5133 90 
f 33 5171 5172 
f 48 47 5246 
f 5232 5246 32 
f 5089 5027 165 
f 5185 5145 157 
f 157 5144 5094 
f 26 5186 5402 
f 56 55 79 
f 83 81 82 
f 22 5413 5267 
f 5255 5267 5257 
f 18 5189 5220 
f 5283 5282 27 
f 115 5152 5397 
f 5415 5514 5189 
f 1 2 5280 
f 4 5271 5259 
f 5271 5415 5516 
f 5274 20 5275 
f 145 5107 5108 
f 5239 5238 19 
f 105 5045 5106 
f 76 60 5408 
f 5191 5514 24 
f 5410 10 5238 
f 5415 5271 9 
f 5222 5538 24 
f 5221 58 5190 
f 5280 5279 5281 
f 5223 5254 5256 
f 11 5253 5266 
f 29 30 5247 
f 34 5225 5224 
f 5414 11 5267 
f 5377 5376 4946 
f 5194 57 5242 
f 35 34 5224 
f 35 5224 5223 
f 5241 36 5284 
f 5261 8 5263 
f 5196 5161 72 
f 79 5197 56 
f 5112 5159 5162 
f 5233 5244 5247 
f 5233 5234 41 
f 5233 77 5244 
f 5183 5137 5209 
f 5207 5182 87 
f 5228 32 53 
f 5085 5084 5177 
f 31 5246 5229 
f 5088 164 5136 
f 54 5202 5227 
f 5230 119 89 
f 5267 11 22 
f 5214 5282 5402 
f 5413 5526 5248 
f 5192 5193 5223 
f 5235 42 41 
f 40 21 28 
f 5410 5238 37 
f 5236 27 5282 
f 39 5250 5218 
f 60 115 5186 
f 62 5235 13 
f 5277 5270 25 
f 10 5410 5258 
f 20 21 5275 
f 21 5249 5216 
f 4 9 5271 
f 5 5279 5280 
f 29 35 5256 
f 5252 5243 17 
f 5241 15 5253 
f 5224 5225 5192 
f 5234 12 5235 
f 5247 34 35 
f 5412 5241 5254 
f 5257 13 12 
f 33 5172 5203 
f 5186 5146 80 
f 80 5145 5215 
f 15 5241 5284 
f 5286 107 76 
f 25 20 5277 
f 5407 5215 62 
f 5281 1 5280 
f 5272 5251 8 
f 5218 37 5219 
f 5259 5278 4 
f 75 59 5411 
f 5263 5252 17 
f 5188 38 5220 
f 5237 5249 39 
f 5239 18 38 
f 38 37 5238 
f 5516 18 5260 
f 9 5261 5262 
f 9 5262 5415 
f 9 3 5261 
f 5154 5538 74 
f 5259 10 5278 
f 2 5264 5272 
f 5251 5252 5263 
f 7 2 5272 
f 5412 5254 5223 
f 58 5153 75 
f 14 5264 5266 
f 30 12 5234 
f 30 5234 5247 
f 30 29 5255 
f 22 6 5526 
f 5266 5253 15 
f 1 6 5273 
f 3 7 8 
f 5413 5257 5267 
f 62 42 5235 
f 5243 73 17 
f 5526 5268 5236 
f 11 5266 5265 
f 22 5273 6 
f 76 107 106 
f 7 5 5280 
f 5190 5189 5221 
f 5538 5154 5191 
f 5261 3 8 
f 5264 5265 5266 
f 5257 30 5255 
f 5281 5269 5277 
f 5108 4993 5048 
f 5 4 5278 
f 40 5268 5276 
f 5275 40 5276 
f 40 5275 21 
f 10 5269 5278 
f 19 5259 5260 
f 14 5240 5251 
f 5249 5237 5216 
f 10 5258 5270 
f 5283 26 5282 
f 21 5216 28 
f 5264 14 5272 
f 5237 5218 5219 
f 5258 5250 5270 
f 4 3 9 
f 5278 5279 5 
f 5281 5277 5274 
f 5226 5515 5243 
f 5268 27 5236 
f 5240 5226 5252 
f 5279 5278 5269 
f 1 5273 2 
f 5280 2 7 
f 5279 5269 5281 
f 5284 5240 15 
f 5240 14 15 
f 3 4 5 
f 5236 5214 5526 
f 5218 5237 39 
f 40 27 5268 
f 7 3 5 
f 5252 5251 5240 
f 5408 60 26 
f 5412 36 5241 
f 34 5247 5244 
f 5189 5516 5415 
f 5274 5276 1 
f 5045 5048 5047 
f 246 5033 148 
f 5214 5248 5526 
f 262 5375 4868 
f 5411 5220 5190 
f 5407 62 5248 
f 5093 5184 5185 
f 5063 286 5059 
f 5209 88 5182 
f 5211 84 83 
f 239 5376 288 
f 66 5175 5206 
f 90 5132 66 
f 160 159 5091 
f 5127 5128 129 
f 5019 127 5080 
f 5295 4862 4861 
f 5075 5398 5122 
f 5019 5080 5082 
f 5113 5195 5285 
f 380 4798 423 
f 5139 162 86 
f 4869 4870 349 
f 5017 172 5018 
f 5145 5185 5213 
f 5031 203 5287 
f 54 45 44 
f 5135 119 5181 
f 5454 212 4920 
f 4882 4884 254 
f 5288 195 5290 
f 5379 4960 221 
f 4896 285 331 
f 5453 4891 4892 
f 4995 242 4887 
f 4875 381 382 
f 4724 4678 4723 
f 146 5045 194 
f 275 4910 4958 
f 152 153 154 
f 193 5051 5050 
f 4830 305 307 
f 5381 251 4942 
f 436 4787 358 
f 4824 354 434 
f 4585 561 622 
f 5484 606 4579 
f 4436 809 5533 
f 4637 4636 622 
f 603 4586 4585 
f 4436 4372 4438 
f 4708 470 4820 
f 620 621 688 
f 606 5484 4581 
f 4568 689 4504 
f 543 596 4594 
f 615 4639 554 
f 4466 4400 834 
f 5302 834 836 
f 823 821 4210 
f 4029 1105 4031 
f 4012 4010 4009 
f 4086 1133 4004 
f 1152 3828 5349 
f 3583 1404 1348 
f 1189 3949 1188 
f 1191 5340 3698 
f 3702 3776 3777 
f 3388 3307 3455 
f 3700 3614 5339 
f 1588 1587 1596 
f 1142 1287 3667 
f 1644 3353 1578 
f 5339 5338 3449 
f 3871 3775 1190 
f 3694 1330 3764 
f 3284 3200 3285 
f 3291 1632 5311 
f 5312 1701 1557 
f 1493 3384 3304 
f 5337 3374 5333 
f 3862 3762 1198 
f 1327 3446 5310 
f 1560 1495 3528 
f 3301 1702 3215 
f 5333 1501 3446 
f 1557 1701 3303 
f 1492 3445 3534 
f 3497 1464 3427 
f 3063 1871 2971 
f 5316 1621 1622 
f 1560 1502 3288 
f 3199 1506 1636 
f 3006 3104 2919 
f 2824 2825 1912 
f 2443 5470 5505 
f 657 656 4531 
f 545 4642 560 
f 2201 2532 2533 
f 2373 2167 2379 
f 2546 2475 2158 
f 2595 2784 2031 
f 2220 2501 2221 
f 5431 2434 5493 
f 2621 2501 2500 
f 5504 2216 5520 
f 2622 2621 2500 
f 2568 2442 2441 
f 2505 2446 2506 
f 5531 2214 2444 
f 5504 5531 2217 
f 2521 2580 2581 
f 2650 2080 2597 
f 2249 2248 2157 
f 2858 2708 1890 
f 2745 1953 2682 
f 5529 2273 2275 
f 2082 2706 2594 
f 2545 2158 2199 
f 2082 2705 2706 
f 1838 2950 2952 
f 1977 2717 2024 
f 2484 2400 2482 
f 2025 2715 2716 
f 2803 2868 2873 
f 2804 1881 2809 
f 2715 1976 2663 
f 2485 2241 2242 
f 2707 1893 1983 
f 2253 2389 2250 
f 2405 5502 5548 
f 5502 2401 5466 
f 5326 2803 1977 
f 3175 1788 3100 
f 2125 2091 2041 
f 1831 3041 3039 
f 1806 2982 2983 
f 2831 1909 2751 
f 1949 2827 1911 
f 2051 2690 2001 
f 2660 2662 2714 
f 2798 1976 2715 
f 1881 1924 1923 
f 2732 1962 2672 
f 3519 3364 3442 
f 3203 3290 3204 
f 3131 1716 3133 
f 3204 1834 1711 
f 3121 1782 1779 
f 2905 2906 2832 
f 3083 2990 1800 
f 3410 1479 1538 
f 1714 1713 1770 
f 3444 3523 1390 
f 3132 2951 2950 
f 1802 3081 2987 
f 1441 1384 1385 
f 1872 2964 1818 
f 1762 3056 3145 
f 3060 1872 1818 
f 3305 3216 3306 
f 3301 1561 1628 
f 1676 1675 3243 
f 1406 1523 5309 
f 3253 5315 3340 
f 1834 1835 1711 
f 3756 1202 3685 
f 3202 3137 1712 
f 3451 1492 3534 
f 1384 1440 3539 
f 3500 3342 1585 
f 2842 2843 1790 
f 3418 3422 3488 
f 1564 1631 3292 
f 1556 1764 1627 
f 3204 1711 3205 
f 3384 1490 1555 
f 5333 3374 3375 
f 1713 3200 3134 
f 5335 1557 3302 
f 1566 1712 3204 
f 5313 1493 5335 
f 5314 1491 5313 
f 5313 1559 5314 
f 1557 1558 5312 
f 3304 5335 1493 
f 2886 2887 5475 
f 1666 3103 1593 
f 3250 1665 3097 
f 1327 1328 1386 
f 3450 3452 3453 
f 1388 1444 3527 
f 1266 3541 1326 
f 1327 1386 3446 
f 3535 5338 5339 
f 5334 1501 5333 
f 3535 3536 3539 
f 3374 3445 1491 
f 1328 3610 3611 
f 5346 5307 1268 
f 1334 3683 3755 
f 3536 3535 3614 
f 3775 1186 1267 
f 5341 5307 1383 
f 3821 1239 1160 
f 3665 3502 5445 
f 3743 3664 5445 
f 3937 3856 3938 
f 970 4239 4240 
f 3757 3758 3687 
f 1069 3759 3936 
f 5308 1387 3286 
f 5345 3763 5344 
f 3762 3763 5345 
f 1198 5345 3765 
f 5344 3765 5345 
f 3448 3450 3451 
f 3773 1194 1193 
f 1324 3700 3769 
f 4015 1188 1060 
f 3615 3614 1383 
f 3771 1193 1119 
f 3869 3774 5305 
f 1121 1119 1194 
f 3782 3783 3784 
f 3788 3707 1261 
f 3919 3826 5351 
f 3583 1349 1407 
f 1293 1150 1230 
f 4141 4218 4219 
f 4141 982 4218 
f 1293 3658 3581 
f 1294 3736 3829 
f 4138 4068 5351 
f 962 1120 4098 
f 3866 3867 3868 
f 1382 3615 5307 
f 3865 1193 3770 
f 1150 3737 5304 
f 4216 930 4072 
f 3827 3825 4066 
f 1294 1293 1230 
f 694 4426 762 
f 3888 3889 1108 
f 1107 4030 4031 
f 3973 3981 4058 
f 1158 3725 3913 
f 4355 4219 4352 
f 5351 3987 3919 
f 1022 4163 4164 
f 1133 1205 4004 
f 1132 1131 3939 
f 3801 1173 1174 
f 4355 632 4219 
f 822 4287 935 
f 823 4343 822 
f 4271 4195 4196 
f 4110 952 954 
f 4115 4111 954 
f 955 956 957 
f 599 4592 4593 
f 4591 2337 4461 
f 4110 954 4112 
f 4112 4029 1006 
f 4267 4325 840 
f 4569 4507 687 
f 2287 2332 2333 
f 4530 2330 2328 
f 788 658 659 
f 718 4533 651 
f 4465 652 4467 
f 4581 4518 607 
f 549 4598 4596 
f 721 4467 722 
f 5298 4576 559 
f 684 4575 598 
f 4525 4452 672 
f 4457 4456 4528 
f 4505 689 4567 
f 818 817 878 
f 597 4533 4464 
f 4594 4532 4465 
f 4448 608 674 
f 622 689 4637 
f 4383 4312 4384 
f 4588 2286 2288 
f 4618 4555 635 
f 4576 560 5358 
f 688 621 4506 
f 4599 588 589 
f 4511 684 559 
f 549 4597 4598 
f 719 4535 2338 
f 560 4576 5298 
f 558 559 684 
f 748 559 4576 
f 4634 4635 553 
f 622 4636 4585 
f 4566 4430 4505 
f 4567 689 622 
f 4604 5451 4653 
f 712 4339 780 
f 4662 575 4661 
f 492 4728 493 
f 4650 517 4540 
f 4715 4749 4717 
f 4790 393 4791 
f 392 432 466 
f 4718 627 501 
f 4794 464 4721 
f 5363 389 388 
f 467 4718 501 
f 4753 4676 464 
f 4721 464 432 
f 2301 141 5365 
f 4772 4815 368 
f 383 424 4793 
f 4925 207 265 
f 4752 394 431 
f 4623 4498 565 
f 5384 156 195 
f 430 4794 390 
f 465 4720 466 
f 242 241 4945 
f 340 379 380 
f 525 4679 4680 
f 4945 292 242 
f 232 5005 5006 
f 228 4952 5006 
f 408 4816 409 
f 5367 5366 4771 
f 405 367 4817 
f 4956 323 4954 
f 4968 4967 4966 
f 435 4751 467 
f 5023 5022 120 
f 264 206 4977 
f 394 392 393 
f 268 4919 269 
f 5363 390 4752 
f 4424 631 695 
f 4752 4721 394 
f 357 4863 358 
f 500 499 4718 
f 465 466 432 
f 395 4827 5368 
f 390 4721 4752 
f 4752 391 5363 
f 4886 4943 293 
f 5374 381 4936 
f 5374 341 381 
f 4680 562 525 
f 5376 239 4946 
f 5065 136 5068 
f 4807 4809 372 
f 213 4968 173 
f 172 5017 5079 
f 5091 155 5290 
f 4932 342 343 
f 4883 387 430 
f 5030 5396 5394 
f 4872 4871 4933 
f 348 4872 346 
f 386 427 5372 
f 4797 4796 5297 
f 4991 4940 5041 
f 4880 4879 4988 
f 254 253 5034 
f 4722 428 429 
f 425 424 383 
f 4930 263 4980 
f 293 292 4886 
f 5051 4994 5050 
f 4995 144 4996 
f 246 4992 243 
f 4992 194 243 
f 292 5374 4885 
f 190 5296 241 
f 4892 4799 4836 
f 4840 4801 376 
f 151 4989 5039 
f 98 136 5065 
f 373 415 4763 
f 185 98 5065 
f 4847 4809 4902 
f 357 358 4787 
f 5388 156 5387 
f 4918 135 4966 
f 4868 5375 4870 
f 5368 4792 5364 
f 261 262 160 
f 5103 5393 5394 
f 4933 258 299 
f 4934 4986 4935 
f 61 5184 5143 
f 5048 145 5108 
f 241 242 5053 
f 4890 239 240 
f 5385 4961 4960 
f 202 201 5033 
f 4873 5452 256 
f 4889 379 340 
f 190 238 4946 
f 4873 257 5294 
f 339 338 4890 
f 5399 101 5150 
f 373 4845 374 
f 330 331 4844 
f 334 4896 331 
f 5382 199 4988 
f 4786 356 313 
f 253 254 4884 
f 4965 4918 4919 
f 505 471 472 
f 306 4866 351 
f 5537 5209 5210 
f 4979 4928 4978 
f 301 300 4932 
f 5290 195 5043 
f 257 256 4985 
f 201 200 5395 
f 298 4876 344 
f 4983 116 5092 
f 387 4793 4794 
f 248 250 4938 
f 5379 251 5381 
f 5035 5036 5037 
f 390 5363 5369 
f 5196 5163 5161 
f 5052 4996 144 
f 4997 5052 5055 
f 329 328 4897 
f 320 272 274 
f 5008 152 4987 
f 4707 505 4705 
f 5364 4792 4831 
f 5292 222 5009 
f 95 173 5016 
f 388 389 301 
f 4882 4883 4884 
f 133 135 5291 
f 222 5010 4961 
f 5013 5012 219 
f 4914 360 314 
f 172 127 5019 
f 4966 135 5016 
f 5018 5020 213 
f 5139 158 5028 
f 5089 88 5137 
f 4926 308 4924 
f 163 162 5139 
f 5287 114 5143 
f 5287 5184 5031 
f 4984 4934 4985 
f 4942 296 4833 
f 384 4796 4795 
f 275 5293 252 
f 5076 95 5016 
f 5536 86 113 
f 300 261 4981 
f 158 160 262 
f 105 5105 5153 
f 5397 146 5044 
f 5107 145 5400 
f 4997 5055 5057 
f 245 246 4943 
f 5289 5398 5075 
f 176 4965 5295 
f 5291 4918 4965 
f 177 5075 134 
f 5295 4861 317 
f 212 4968 213 
f 93 67 5174 
f 5133 5132 90 
f 5143 5184 5287 
f 5103 5104 5399 
f 5141 203 204 
f 114 203 5141 
f 82 5142 5187 
f 5184 5093 5031 
f 4876 4834 344 
f 4934 4984 5380 
f 4984 204 203 
f 5217 28 5216 
f 5096 5095 148 
f 236 4837 4893 
f 4986 4934 200 
f 5113 5114 5195 
f 5193 5404 5412 
f 5107 5400 74 
f 5052 4997 4996 
f 149 5042 109 
f 5401 113 85 
f 5121 5398 5120 
f 5166 5167 5168 
f 5121 5167 5170 
f 5229 47 5180 
f 426 4755 386 
f 5143 82 81 
f 78 5211 83 
f 78 5187 5197 
f 200 202 4986 
f 61 5143 81 
f 5409 5286 5217 
f 5215 5145 5213 
f 61 5213 5185 
f 5211 41 84 
f 162 85 86 
f 159 5090 5091 
f 5058 236 108 
f 5396 5041 149 
f 5399 5104 5151 
f 115 5146 5186 
f 5283 5217 5408 
f 4993 5046 5047 
f 5048 5045 105 
f 16 24 5262 
f 289 4998 5111 
f 72 56 5196 
f 5021 4974 209 
f 126 5128 5130 
f 52 5204 5228 
f 5208 45 5405 
f 5409 5237 5219 
f 5408 5217 5286 
f 100 5000 189 
f 17 73 5222 
f 25 5270 5250 
f 59 107 5403 
f 5250 39 25 
f 17 16 5263 
f 5055 5056 5057 
f 5257 12 30 
f 5053 242 4995 
f 5157 5192 5225 
f 5173 5174 68 
f 165 164 5089 
f 5027 5089 5137 
f 5201 70 5199 
f 5167 5166 5199 
f 81 5212 61 
f 117 5187 5142 
f 5146 5144 157 
f 5402 5282 26 
f 5283 28 5217 
f 5402 80 5407 
f 5270 5269 10 
f 20 25 5249 
f 5410 37 5218 
f 38 18 5220 
f 5218 5250 5410 
f 5221 5154 58 
f 5285 36 5404 
f 5160 5056 5113 
f 14 5251 5272 
f 5265 5264 5273 
f 5414 5255 5256 
f 5138 5027 5137 
f 5216 5409 5217 
f 5188 37 38 
f 5256 5254 5414 
f 1 5281 5274 
f 5109 143 5390 
f 5250 5258 5410 
f 5253 5254 5241 
f 11 5414 5253 
f 5235 12 13 
f 35 29 5247 
f 8 5251 5263 
f 5214 5402 5407 
f 5408 5286 76 
f 5186 26 60 
f 5403 5286 5409 
f 38 5238 5239 
f 5252 5226 5243 
f 5243 5155 73 
f 5284 5285 5226 
f 5249 21 20 
f 5190 75 5411 
f 25 39 5249 
f 5225 5158 5157 
f 5345 1198 3762 
f 5344 3763 3767 
f 560 595 545 
f 255 5373 4885 
f 5295 5010 176 
f 4884 294 253 
f 4882 387 4883 
f 5265 5273 22 
f 300 301 349 
f 96 5121 5170 
f 4562 521 524 
f 5417 690 691 
f 876 4294 4297 
f 4275 4199 714 
f 3077 2900 2981 
f 3232 1688 1687 
f 2923 2844 1901 
f 2179 2514 2178 
f 2454 2180 2456 
f 5420 2344 5527 
f 2178 2514 2572 
f 2342 2345 2348 
f 2356 2357 5421 
f 2462 2276 2361 
f 2358 5421 5422 
f 2468 2531 5423 
f 2526 5461 2527 
f 2593 2035 2160 
f 2258 2262 5424 
f 2161 2541 2543 
f 2086 2593 2162 
f 2381 2543 2162 
f 5465 2390 2251 
f 2856 2784 1983 
f 2079 2546 2547 
f 2253 2390 5465 
f 5425 2398 2397 
f 2245 2394 2395 
f 2398 2396 2155 
f 2481 2154 2482 
f 5425 2396 2398 
f 2554 2488 2151 
f 2555 2023 2557 
f 2235 2192 2556 
f 2191 2412 5492 
f 2413 2415 5544 
f 2107 2108 2106 
f 5468 5430 2426 
f 1818 3054 3059 
f 5430 5468 2430 
f 2683 2502 2137 
f 5320 2438 2500 
f 5520 2442 5504 
f 2444 2217 5531 
f 2686 2748 2002 
f 2447 2446 5522 
f 2504 2103 2506 
f 2528 2467 2526 
f 2160 2162 2593 
f 2380 2260 2382 
f 2380 2382 2259 
f 2160 2473 2381 
f 2500 2501 5320 
f 2715 2663 2716 
f 1999 2634 2050 
f 1831 3039 3044 
f 3043 3040 1831 
f 2909 2837 2836 
f 1845 1846 5439 
f 3266 3435 1516 
f 3102 3103 3010 
f 5329 3216 3211 
f 1755 5478 3227 
f 3301 1627 3146 
f 3147 1703 1819 
f 1321 1377 1436 
f 3394 3395 3396 
f 1489 1488 1554 
f 1325 3537 3699 
f 5443 3456 3543 
f 4040 3894 4038 
f 3458 1379 1438 
f 3588 3510 1396 
f 5445 3502 3666 
f 4193 4113 4194 
f 674 733 734 
f 4245 910 912 
f 635 767 698 
f 584 4473 4542 
f 4349 698 4419 
f 5450 4338 4405 
f 679 4517 680 
f 4498 695 565 
f 4890 337 4888 
f 299 4872 4933 
f 5001 287 4999 
f 211 4970 4969 
f 346 345 348 
f 5206 90 66 
f 4919 4862 4965 
f 5152 115 60 
f 113 5147 5536 
f 1356 1357 3651 
f 3974 3973 1037 
f 5495 5487 5459 
f 2348 2345 2205 
f 2460 2515 2177 
f 5496 2353 2357 
f 5458 2351 5495 
f 2460 2349 5459 
f 2575 2636 2047 
f 5460 2277 2359 
f 5422 2359 2360 
f 2462 2361 5460 
f 2362 2274 2464 
f 2362 2275 2274 
f 2364 2363 2204 
f 2465 2524 2525 
f 2204 2464 2172 
f 2365 2272 2366 
f 2529 2169 2170 
f 2168 2169 2529 
f 2540 2538 2122 
f 2197 2389 2253 
f 5541 2384 2257 
f 2157 2248 5542 
f 2392 2196 2249 
f 5523 2196 2392 
f 5550 2478 5473 
f 5524 2410 2239 
f 2409 2151 2411 
f 5509 2069 2555 
f 2408 2407 2486 
f 2151 2486 2552 
f 2193 2406 5489 
f 2114 2235 2556 
f 2412 2413 5492 
f 2226 2423 2497 
f 5519 5493 5545 
f 2141 2105 2566 
f 2224 2440 2220 
f 5525 2210 2450 
f 2749 1950 2688 
f 5500 2268 5461 
f 2816 2672 2731 
f 1705 3145 1765 
f 1964 2816 2813 
f 1735 1587 1588 
f 1668 1791 3095 
f 3128 3032 1773 
f 3130 3127 1772 
f 1869 1954 2976 
f 3403 1544 5418 
f 1092 1228 3988 
f 5349 1147 3736 
f 5513 4121 885 
f 885 4121 4202 
f 743 4375 4442 
f 4512 4440 682 
f 5482 750 752 
f 4557 4674 4497 
f 4620 503 4707 
f 4591 4461 659 
f 4519 4449 678 
f 4539 4650 4540 
f 4834 4832 344 
f 4932 300 5043 
f 5259 19 10 
f 2350 2355 5458 
f 5528 2281 2344 
f 2475 2252 2388 
f 2251 5464 5465 
f 5489 2408 2409 
f 2192 2235 5428 
f 5518 2489 5492 
f 2148 2189 2149 
f 5545 2223 2222 
f 5522 2182 5471 
f 2165 2379 2167 
f 1066 1129 4011 
f 5494 1067 1018 
f 2348 5527 2282 
f 5419 2180 2343 
f 2356 2278 5546 
f 2174 2096 2638 
f 2279 5487 5495 
f 5499 2203 2202 
f 5497 2363 2272 
f 5529 2363 5497 
f 2272 2465 2466 
f 2365 2366 5498 
f 2368 5423 5540 
f 2367 2466 2168 
f 2266 2370 5517 
f 2265 2375 2374 
f 5501 2255 2254 
f 1980 2795 2714 
f 2554 2551 2606 
f 5467 2489 5518 
f 2420 2496 5429 
f 2108 2142 2143 
f 2565 2432 2564 
f 2011 2062 2063 
f 2442 2445 5504 
f 2213 2215 5549 
f 2445 5531 5504 
f 5470 2183 5433 
f 5522 2446 2182 
f 2182 2446 2505 
f 5532 2510 5507 
f 2450 5472 5525 
f 5507 2207 5532 
f 2207 2208 5532 
f 2479 2548 2477 
f 2076 2651 2653 
f 5469 2141 2429 
f 2433 2140 2434 
f 2566 2186 2185 
f 5463 2166 2378 
f 2023 2022 2557 
f 2703 2848 2850 
f 1539 1540 5511 
f 1607 1479 3161 
f 3285 5327 1634 
f 3659 3657 1348 
f 3583 1407 1404 
f 4203 4121 5513 
f 885 4202 4277 
f 979 2302 4299 
f 603 673 4586 
f 5191 5154 5221 
f 5260 5271 5516 
f 73 5156 74 
f 5223 5193 5412 
f 5220 5189 5190 
f 5526 5413 22 
f 5267 5255 5414 
f 2279 2280 5487 
f 2344 2282 5527 
f 2168 2526 2527 
f 5540 5423 5517 
f 2078 2650 2649 
f 2401 2403 2404 
f 5491 5490 5428 
f 2559 2112 2191 
f 2186 2433 2434 
f 5431 2186 2434 
f 2442 2568 2445 
f 5522 2211 2212 
f 2542 2541 5435 
f 2701 2035 2593 
f 5459 2349 2350 
f 2264 2266 5462 
f 2391 2250 2389 
f 2076 2653 2077 
f 5502 2240 2401 
f 2424 2231 5429 
f 5472 2449 5525 
f 5550 2393 2478 
f 4121 944 4202 
f 5491 2236 2238 
f 2489 2191 5492 
f 2452 2453 5506 
f 5506 2181 2209 
f 5463 2538 2539 
f 5276 5268 6 
f 2223 2437 2438 
f 5527 2348 5420 
f 2348 2346 5420 
f 5420 2347 5528 
f 5495 2351 2279 
f 2363 2364 2272 
f 5497 2270 2273 
f 5424 2380 2258 
f 2387 2388 5464 
f 5464 2251 2386 
f 5466 2407 5427 
f 5548 5489 2406 
f 2236 5467 5518 
f 5531 2443 2214 
f 5520 2138 2442 
f 2209 2210 5506 
f 5532 2181 2510 
f 5539 2283 2457 
f 808 863 864 
f 864 4370 4373 
f 697 4420 766 
f 765 763 764 
f 5137 5183 5138 
f 161 263 4978 
f 5140 86 5536 
f 5536 5090 5140 
f 64 162 5183 
f 5209 5208 5210 
f 5514 5415 5262 
f 5260 5259 5271 
f 5248 62 13 
f 5419 2205 2345 
f 5528 2347 5457 
f 2267 2369 2368 
f 5540 2267 2368 
f 2384 2256 2257 
f 5464 2386 5530 
f 2391 5488 5542 
f 2391 2389 5488 
f 2195 2152 2242 
f 5543 2401 2402 
f 2430 2428 5430 
f 2274 2173 2464 
f 2424 2495 2497 
f 2428 2618 5469 
f 2412 2190 2414 
f 5544 2415 2234 
f 2225 2187 5519 
f 5421 2358 2356 
f 2354 2351 5458 
f 2257 2385 5541 
f 2419 2418 2233 
f 2423 2226 5468 
f 5507 2454 2456 
f 2378 2377 5463 
f 5521 2261 2163 
f 5540 5517 2370 
f 5427 5548 5502 
f 2406 2405 5548 
f 5505 5470 5433 
f 5549 2447 2213 
f 2157 2392 2249 
f 5523 2477 5473 
f 2394 2480 2395 
